DATA_BASE,TIPO_DESENROLA,UNIDADE_FEDERACAO,NOME_CONGLOMERADO_FINANCEIRO,NUMERO_OPERACOES,VOLUME_OPERACOES
2023-09-01,2,AC,BB,140,1418395.99
2023-09-01,2,AC,BRADESCO,15,83829.79
2023-09-01,2,AC,BTG PACTUAL,7,37788.79
2023-09-01,2,AC,CAIXA ECONÔMICA FEDERAL,81,246145.92
2023-09-01,2,AC,INTER,4,12306.86
2023-09-01,2,AC,ITAU,144,316331.72
2023-09-01,2,AC,SANTANDER,232,1024530.13
2023-09-01,2,AC,VOTORANTIM,16,63205.99
2023-09-01,2,AL,BB,363,1913928.14
2023-09-01,2,AL,BCO DO EST. DE SE S.A.,1,3362.67
2023-09-01,2,AL,BRADESCO,108,511735.61
2023-09-01,2,AL,BTG PACTUAL,21,132834.28
2023-09-01,2,AL,CAIXA ECONÔMICA FEDERAL,312,693197.85
2023-09-01,2,AL,INTER,35,134651.2
2023-09-01,2,AL,ITAU,1357,2958332.86
2023-09-01,2,AL,SANTANDER,1256,4855449.83
2023-09-01,2,AL,VOTORANTIM,48,148710.1
2023-09-01,2,AM,BB,307,2449508.28
2023-09-01,2,AM,BRADESCO,369,2492521.54
2023-09-01,2,AM,BTG PACTUAL,21,153686.0
2023-09-01,2,AM,CAIXA ECONÔMICA FEDERAL,218,438181.32
2023-09-01,2,AM,INTER,22,74837.6
2023-09-01,2,AM,ITAU,1307,3177249.7
2023-09-01,2,AM,SANTANDER,2019,8371789.23
2023-09-01,2,AM,VOTORANTIM,63,613296.71
2023-09-01,2,AP,BB,223,2058233.1
2023-09-01,2,AP,BRADESCO,18,187564.28
2023-09-01,2,AP,BTG PACTUAL,7,36848.42
2023-09-01,2,AP,CAIXA ECONÔMICA FEDERAL,66,150355.33
2023-09-01,2,AP,INTER,14,48998.53
2023-09-01,2,AP,ITAU,204,470889.49
2023-09-01,2,AP,SANTANDER,407,1472417.07
2023-09-01,2,AP,VOTORANTIM,11,59548.56
2023-09-01,2,BA,BB,1535,11128627.49
2023-09-01,2,BA,BRADESCO,680,3678942.34
2023-09-01,2,BA,BTG PACTUAL,76,355683.91
2023-09-01,2,BA,CAIXA ECONÔMICA FEDERAL,1195,2069185.0
2023-09-01,2,BA,INTER,129,557565.26
2023-09-01,2,BA,ITAU,6907,15390910.55
2023-09-01,2,BA,SANTANDER,8120,29227847.64
2023-09-01,2,BA,VOTORANTIM,192,1307913.99
2023-09-01,2,CE,BB,973,6978990.71
2023-09-01,2,CE,BRADESCO,433,2999572.06
2023-09-01,2,CE,BTG PACTUAL,42,177031.25
2023-09-01,2,CE,CAIXA ECONÔMICA FEDERAL,710,1299168.26
2023-09-01,2,CE,INTER,77,376253.75
2023-09-01,2,CE,ITAU,4056,8991571.51
2023-09-01,2,CE,SANTANDER,4300,17235541.52
2023-09-01,2,CE,VOTORANTIM,160,798643.76
2023-09-01,2,DF,BB,399,4219099.63
2023-09-01,2,DF,BRADESCO,169,911548.15
2023-09-01,2,DF,BTG PACTUAL,35,217515.46
2023-09-01,2,DF,CAIXA ECONÔMICA FEDERAL,447,1052877.31
2023-09-01,2,DF,INTER,59,365436.86
2023-09-01,2,DF,ITAU,2256,6198897.81
2023-09-01,2,DF,SANTANDER,2498,14424055.15
2023-09-01,2,DF,VOTORANTIM,76,438952.88
2023-09-01,2,ES,BB,292,1968526.87
2023-09-01,2,ES,BRADESCO,152,1048216.27
2023-09-01,2,ES,BTG PACTUAL,15,42593.5
2023-09-01,2,ES,CAIXA ECONÔMICA FEDERAL,361,705873.54
2023-09-01,2,ES,INTER,53,234107.98
2023-09-01,2,ES,ITAU,1514,3544027.97
2023-09-01,2,ES,SANTANDER,2091,8678068.91
2023-09-01,2,ES,VOTORANTIM,93,530402.84
2023-09-01,2,GO,BB,664,4597277.86
2023-09-01,2,GO,BRADESCO,323,2082691.7
2023-09-01,2,GO,BTG PACTUAL,42,238775.52
2023-09-01,2,GO,CAIXA ECONÔMICA FEDERAL,1072,2124375.8
2023-09-01,2,GO,INTER,73,334468.97
2023-09-01,2,GO,ITAU,4001,9626923.83
2023-09-01,2,GO,SANTANDER,3757,15870653.0
2023-09-01,2,GO,VOTORANTIM,171,1150371.15
2023-09-01,2,MA,BB,1084,7583238.46
2023-09-01,2,MA,BRADESCO,247,1231867.91
2023-09-01,2,MA,BTG PACTUAL,25,215612.95
2023-09-01,2,MA,CAIXA ECONÔMICA FEDERAL,320,541462.39
2023-09-01,2,MA,INTER,28,122086.39
2023-09-01,2,MA,ITAU,1403,3073625.3
2023-09-01,2,MA,SANTANDER,1938,7340860.98
2023-09-01,2,MA,VOTORANTIM,81,694436.73
2023-09-01,2,MG,BB,1785,15719098.04
2023-09-01,2,MG,BRADESCO,793,4457830.11
2023-09-01,2,MG,BTG PACTUAL,109,681181.77
2023-09-01,2,MG,CAIXA ECONÔMICA FEDERAL,1917,3218261.79
2023-09-01,2,MG,INTER,328,1370597.18
2023-09-01,2,MG,VOTORANTIM,554,2972363.93
2023-09-01,2,MS,BB,478,3651703.07
2023-09-01,2,MS,BRADESCO,255,1920002.83
2023-09-01,2,MS,BTG PACTUAL,15,104457.44
2023-09-01,2,MS,CAIXA ECONÔMICA FEDERAL,303,532865.2
2023-09-01,2,MS,INTER,21,145094.22
2023-09-01,2,MS,ITAU,1004,2467747.15
2023-09-01,2,MS,SANTANDER,1805,8448529.49
2023-09-01,2,MS,VOTORANTIM,150,1061853.4
2023-09-01,2,MT,BB,539,4235340.95
2023-09-01,2,MT,BRADESCO,201,1444357.42
2023-09-01,2,MT,BTG PACTUAL,16,150234.67
2023-09-01,2,MT,CAIXA ECONÔMICA FEDERAL,320,596696.67
2023-09-01,2,MT,INTER,38,215852.55
2023-09-01,2,MT,ITAU,1063,2628066.38
2023-09-01,2,MT,SANTANDER,1526,8065149.0
2023-09-01,2,MT,VOTORANTIM,117,854615.33
2023-09-01,2,PA,BB,856,5938963.52
2023-09-01,2,PA,BRADESCO,349,2230711.9
2023-09-01,2,PA,BTG PACTUAL,37,328941.6
2023-09-01,2,PA,CAIXA ECONÔMICA FEDERAL,528,866904.74
2023-09-01,2,PA,INTER,53,166117.43
2023-09-01,2,PA,ITAU,2215,4898194.86
2023-09-01,2,PA,SANTANDER,2862,10629347.83
2023-09-01,2,PA,VOTORANTIM,103,935395.94
2023-09-01,2,PB,BB,505,3238684.09
2023-09-01,2,PB,BRADESCO,192,954527.27
2023-09-01,2,PB,BTG PACTUAL,29,66923.05
2023-09-01,2,PB,CAIXA ECONÔMICA FEDERAL,309,577176.39
2023-09-01,2,PB,INTER,32,103839.54
2023-09-01,2,PB,ITAU,2121,5280749.44
2023-09-01,2,PB,SANTANDER,1973,7766905.97
2023-09-01,2,PB,VOTORANTIM,96,537513.08
2023-09-01,2,PE,BB,774,4779539.68
2023-09-01,2,PE,BRADESCO,482,3319105.38
2023-09-01,2,PE,BTG PACTUAL,65,260209.44
2023-09-01,2,PE,CAIXA ECONÔMICA FEDERAL,620,953956.07
2023-09-01,2,PE,INTER,77,342226.45
2023-09-01,2,PE,ITAU,5336,12142440.09
2023-09-01,2,PE,SANTANDER,5601,23340178.07
2023-09-01,2,PE,VOTORANTIM,134,752789.86
2023-09-01,2,PI,BB,633,4203352.98
2023-09-01,2,PI,BRADESCO,97,450542.18
2023-09-01,2,PI,BTG PACTUAL,24,56535.62
2023-09-01,2,PI,CAIXA ECONÔMICA FEDERAL,364,687492.63
2023-09-01,2,PI,INTER,27,99953.35
2023-09-01,2,PI,ITAU,1033,2059791.57
2023-09-01,2,PI,SANTANDER,1070,4217813.79
2023-09-01,2,PI,VOTORANTIM,56,331480.73
2023-09-01,2,PR,BB,751,5272066.79
2023-09-01,2,PR,BRADESCO,606,3707587.46
2023-09-01,2,PR,BTG PACTUAL,80,688144.01
2023-09-01,2,PR,CAIXA ECONÔMICA FEDERAL,1808,3986495.91
2023-09-01,2,PR,INTER,106,490970.26
2023-09-01,2,PR,ITAU,6900,18373799.54
2023-09-01,2,PR,SANTANDER,6824,30223982.37
2023-09-01,2,PR,VOTORANTIM,471,3112429.44
2023-09-01,2,RJ,BB,1017,8237143.55
2023-09-01,2,RJ,BCO DO EST. DE SE S.A.,1,6162.61
2023-09-01,2,RJ,BRADESCO,1402,9539150.12
2023-09-01,2,RJ,BTG PACTUAL,147,903068.26
2023-09-01,2,RJ,CAIXA ECONÔMICA FEDERAL,1448,2604351.13
2023-09-01,2,RJ,INTER,156,819773.96
2023-09-01,2,RJ,VOTORANTIM,520,3482053.14
2023-09-01,2,RN,BB,603,4659351.82
2023-09-01,2,RN,BRADESCO,113,627074.49
2023-09-01,2,RN,BTG PACTUAL,14,60528.93
2023-09-01,2,RN,CAIXA ECONÔMICA FEDERAL,286,628503.55
2023-09-01,2,RN,INTER,45,172322.86
2023-09-01,2,RN,ITAU,1742,3845637.28
2023-09-01,2,RN,SANTANDER,1755,7320896.02
2023-09-01,2,RN,VOTORANTIM,91,442117.64
2023-09-01,2,RO,BB,251,2971267.06
2023-09-01,2,RO,BRADESCO,55,306068.65
2023-09-01,2,RO,BTG PACTUAL,8,22097.62
2023-09-01,2,RO,CAIXA ECONÔMICA FEDERAL,189,360081.86
2023-09-01,2,RO,INTER,17,89880.38
2023-09-01,2,RO,ITAU,343,885648.63
2023-09-01,2,RO,SANTANDER,544,2833389.5
2023-09-01,2,RO,VOTORANTIM,44,397045.38
2023-09-01,2,RR,BB,139,1230805.17
2023-09-01,2,RR,BRADESCO,15,128990.25
2023-09-01,2,RR,BTG PACTUAL,4,13661.74
2023-09-01,2,RR,CAIXA ECONÔMICA FEDERAL,56,147379.2
2023-09-01,2,RR,INTER,5,44723.51
2023-09-01,2,RR,ITAU,216,433073.86
2023-09-01,2,RR,SANTANDER,306,813443.59
2023-09-01,2,RR,VOTORANTIM,13,115647.06
2023-09-01,2,RS,BB,690,4555144.25
2023-09-01,2,RS,BRADESCO,286,1702925.03
2023-09-01,2,RS,BTG PACTUAL,77,491758.08
2023-09-01,2,RS,CAIXA ECONÔMICA FEDERAL,1742,3838467.05
2023-09-01,2,RS,INTER,70,336269.06
2023-09-01,2,RS,ITAU,4496,10106841.1
2023-09-01,2,RS,SANTANDER,6257,25087196.18
2023-09-01,2,RS,VOTORANTIM,314,1923797.55
2023-09-01,2,SC,BB,700,5224154.6
2023-09-01,2,SC,BRADESCO,294,2265196.53
2023-09-01,2,SC,BTG PACTUAL,53,532260.69
2023-09-01,2,SC,CAIXA ECONÔMICA FEDERAL,1119,2612825.58
2023-09-01,2,SC,INTER,57,217159.84
2023-09-01,2,SC,ITAU,3238,8092387.62
2023-09-01,2,SC,SANTANDER,3540,15670806.31
2023-09-01,2,SC,VOTORANTIM,354,2616491.07
2023-09-01,2,SE,BB,233,1396925.16
2023-09-01,2,SE,BCO DO EST. DE SE S.A.,104,578089.76
2023-09-01,2,SE,BRADESCO,58,219746.57
2023-09-01,2,SE,BTG PACTUAL,9,34133.79
2023-09-01,2,SE,CAIXA ECONÔMICA FEDERAL,215,312094.64
2023-09-01,2,SE,INTER,11,80264.52
2023-09-01,2,SE,ITAU,884,1917474.94
2023-09-01,2,SE,SANTANDER,890,3365612.92
2023-09-01,2,SE,VOTORANTIM,41,137712.82
2023-09-01,2,SP,BB,3439,25220893.88
2023-09-01,2,SP,BCO DO EST. DE SE S.A.,2,10144.96
2023-09-01,2,SP,BRADESCO,4184,25474642.89
2023-09-01,2,SP,BTG PACTUAL,481,3240632.08
2023-09-01,2,SP,CAIXA ECONÔMICA FEDERAL,4440,8266564.32
2023-09-01,2,SP,INTER,587,2950358.72
2023-09-01,2,SP,VOTORANTIM,2133,12332160.03
2023-09-01,2,TO,BB,264,2177883.53
2023-09-01,2,TO,BRADESCO,80,665578.73
2023-09-01,2,TO,BTG PACTUAL,6,36191.19
2023-09-01,2,TO,CAIXA ECONÔMICA FEDERAL,139,280314.04
2023-09-01,2,TO,INTER,14,74673.71
2023-09-01,2,TO,ITAU,273,501316.82
2023-09-01,2,TO,SANTANDER,397,1486758.35
2023-09-01,2,TO,VOTORANTIM,32,177195.75
2023-10-01,1,AC,BANCO SICOOB,1,434.02
2023-10-01,1,AC,BB,58,34550.72
2023-10-01,1,AC,BMG,37,28745.9
2023-10-01,1,AC,BRADESCO,24,12782.17
2023-10-01,1,AC,BTG PACTUAL,66,52694.82
2023-10-01,1,AC,C6 BANK,7,3372.69
2023-10-01,1,AC,CAIXA ECONÔMICA FEDERAL,56,40733.02
2023-10-01,1,AC,INTER,168,123332.14
2023-10-01,1,AC,ITAU,23,18147.59
2023-10-01,1,AC,NUBANK,373,233735.36
2023-10-01,1,AC,SANTANDER,40,25853.03
2023-10-01,1,AC,SICOOB CREDISUL,2,3118.9
2023-10-01,1,AC,VOTORANTIM,3,2978.62
2023-10-01,1,AL,BANCO SICOOB,2,2103.8
2023-10-01,1,AL,BB,118,66544.29
2023-10-01,1,AL,BMG,169,140621.72
2023-10-01,1,AL,BRADESCO,122,88031.11
2023-10-01,1,AL,BTG PACTUAL,304,224381.49
2023-10-01,1,AL,C6 BANK,37,20096.41
2023-10-01,1,AL,CAIXA ECONÔMICA FEDERAL,187,106527.0
2023-10-01,1,AL,INTER,736,545328.88
2023-10-01,1,AL,ITAU,157,109350.47
2023-10-01,1,AL,NUBANK,964,603613.46
2023-10-01,1,AL,SANTANDER,110,78461.19
2023-10-01,1,AL,VOTORANTIM,13,12748.86
2023-10-01,1,AM,BANCO SICOOB,1,410.28
2023-10-01,1,AM,BB,75,38216.78
2023-10-01,1,AM,BMG,194,196336.71
2023-10-01,1,AM,BRADESCO,416,301094.8
2023-10-01,1,AM,BTG PACTUAL,435,341490.47
2023-10-01,1,AM,C6 BANK,48,38976.37
2023-10-01,1,AM,CAIXA ECONÔMICA FEDERAL,215,161028.29
2023-10-01,1,AM,CCLA DO CENTRO SUL RONDONIENSE,1,1229.59
2023-10-01,1,AM,INTER,944,762160.69
2023-10-01,1,AM,ITAU,277,210187.72
2023-10-01,1,AM,NUBANK,1663,1134071.42
2023-10-01,1,AM,SANTANDER,255,173403.63
2023-10-01,1,AM,SICOOB AMAZÔNIA,1,242.13
2023-10-01,1,AM,VOTORANTIM,12,6225.29
2023-10-01,1,AP,BB,41,20219.79
2023-10-01,1,AP,BMG,31,27033.28
2023-10-01,1,AP,BRADESCO,27,20147.09
2023-10-01,1,AP,BTG PACTUAL,60,48818.75
2023-10-01,1,AP,C6 BANK,15,7823.6
2023-10-01,1,AP,CAIXA ECONÔMICA FEDERAL,23,12487.9
2023-10-01,1,AP,INTER,121,84460.81
2023-10-01,1,AP,ITAU,30,18269.23
2023-10-01,1,AP,NUBANK,253,141012.52
2023-10-01,1,AP,SANTANDER,27,12747.58
2023-10-01,1,AP,VOTORANTIM,1,1058.74
2023-10-01,1,BA,BANCO SICOOB,5,2924.84
2023-10-01,1,BA,BB,524,294976.9
2023-10-01,1,BA,BMG,701,564513.25
2023-10-01,1,BA,BRADESCO,947,617703.07
2023-10-01,1,BA,BTG PACTUAL,1427,1092123.22
2023-10-01,1,BA,C6 BANK,204,120589.71
2023-10-01,1,BA,CAIXA ECONÔMICA FEDERAL,667,452871.86
2023-10-01,1,BA,CC SICOOB COOPEMAR,2,465.87
2023-10-01,1,BA,CC SICOOB CRED EXECUTIVO,1,496.42
2023-10-01,1,BA,CC SICOOB CREDICONQUISTA,1,973.13
2023-10-01,1,BA,CC SICOOB NORTE SUL,2,1241.14
2023-10-01,1,BA,INTER,2884,2102841.95
2023-10-01,1,BA,ITAU,728,551073.81
2023-10-01,1,BA,NUBANK,4284,2658920.53
2023-10-01,1,BA,SANTANDER,693,491244.75
2023-10-01,1,BA,SOC CC SICOOB COOPERE,4,3408.89
2023-10-01,1,BA,VOTORANTIM,50,44741.01
2023-10-01,1,CE,BANCO SICOOB,1,346.99
2023-10-01,1,CE,BB,440,272241.86
2023-10-01,1,CE,BMG,653,557523.42
2023-10-01,1,CE,BRADESCO,940,672823.96
2023-10-01,1,CE,BTG PACTUAL,1271,1013701.18
2023-10-01,1,CE,C6 BANK,157,94982.17
2023-10-01,1,CE,CAIXA ECONÔMICA FEDERAL,650,443127.8
2023-10-01,1,CE,INTER,2901,2175019.37
2023-10-01,1,CE,ITAU,556,423083.9
2023-10-01,1,CE,NUBANK,4358,2868175.24
2023-10-01,1,CE,SANTANDER,654,494368.51
2023-10-01,1,CE,VOTORANTIM,50,42538.11
2023-10-01,1,DF,BANCO SICOOB,8,3853.67
2023-10-01,1,DF,BB,176,99406.44
2023-10-01,1,DF,BMG,283,233126.84
2023-10-01,1,DF,BRADESCO,152,101866.5
2023-10-01,1,DF,BTG PACTUAL,488,370576.34
2023-10-01,1,DF,C6 BANK,94,60462.42
2023-10-01,1,DF,CAIXA ECONÔMICA FEDERAL,182,120859.27
2023-10-01,1,DF,COOP SICOOB EXECUTIVO LTDA.,1,193.48
2023-10-01,1,DF,INTER,1231,919481.94
2023-10-01,1,DF,ITAU,262,202024.59
2023-10-01,1,DF,NUBANK,1700,1099109.38
2023-10-01,1,DF,SANTANDER,253,183782.3
2023-10-01,1,DF,VOTORANTIM,8,8369.14
2023-10-01,1,ES,BANCO SICOOB,25,24421.71
2023-10-01,1,ES,BB,91,59510.26
2023-10-01,1,ES,BMG,207,178410.31
2023-10-01,1,ES,BRADESCO,133,92062.57
2023-10-01,1,ES,BTG PACTUAL,358,279489.86
2023-10-01,1,ES,C6 BANK,38,21979.84
2023-10-01,1,ES,CAIXA ECONÔMICA FEDERAL,212,135907.08
2023-10-01,1,ES,INTER,910,656947.54
2023-10-01,1,ES,ITAU,220,158037.79
2023-10-01,1,ES,NUBANK,1203,753007.43
2023-10-01,1,ES,SANTANDER,240,188661.4
2023-10-01,1,ES,VOTORANTIM,11,9591.39
2023-10-01,1,GO,BANCO SICOOB,10,8290.7
2023-10-01,1,GO,BB,148,83794.66
2023-10-01,1,GO,BMG,340,279669.53
2023-10-01,1,GO,BRADESCO,248,160870.67
2023-10-01,1,GO,BTG PACTUAL,720,578710.69
2023-10-01,1,GO,C6 BANK,94,64570.9
2023-10-01,1,GO,CAIXA ECONÔMICA FEDERAL,316,182366.82
2023-10-01,1,GO,CCLA CENTRO-SUL GOIANO,2,1542.89
2023-10-01,1,GO,COOP CENTRO NORTE BRASILEIRO,1,610.26
2023-10-01,1,GO,INTER,1417,1077774.46
2023-10-01,1,GO,ITAU,437,307460.16
2023-10-01,1,GO,NUBANK,2097,1295238.47
2023-10-01,1,GO,SANTANDER,287,187280.64
2023-10-01,1,GO,VOTORANTIM,17,14446.79
2023-10-01,1,MA,BANCO SICOOB,2,967.11
2023-10-01,1,MA,BB,278,138553.18
2023-10-01,1,MA,BMG,217,178680.26
2023-10-01,1,MA,BRADESCO,247,154734.49
2023-10-01,1,MA,BTG PACTUAL,357,259380.94
2023-10-01,1,MA,C6 BANK,54,33289.04
2023-10-01,1,MA,CAIXA ECONÔMICA FEDERAL,213,142489.42
2023-10-01,1,MA,INTER,868,616661.28
2023-10-01,1,MA,ITAU,155,101596.14
2023-10-01,1,MA,NUBANK,1615,961953.97
2023-10-01,1,MA,SANTANDER,179,123560.77
2023-10-01,1,MA,VOTORANTIM,10,8702.13
2023-10-01,1,MG,BANCO SICOOB,55,48582.41
2023-10-01,1,MG,BB,473,266785.01
2023-10-01,1,MG,BMG,1499,1255161.01
2023-10-01,1,MG,BRADESCO,861,594144.67
2023-10-01,1,MG,BTG PACTUAL,1766,1403277.7
2023-10-01,1,MG,C6 BANK,291,208631.54
2023-10-01,1,MG,CAIXA ECONÔMICA FEDERAL,1046,679692.85
2023-10-01,1,MG,CC CREDIARA LTDA.,1,655.76
2023-10-01,1,MG,CCLA MARGEM ESQUERDA DO URUCUI,1,235.04
2023-10-01,1,MG,CCLA REG. CTR. E OESTE MINEIRO,3,3120.36
2023-10-01,1,MG,CCLA UNIÃO CENTRO OESTE MINAS,2,3108.08
2023-10-01,1,MG,INTER,5947,4382392.64
2023-10-01,1,MG,ITAU,1402,987505.3
2023-10-01,1,MG,NUBANK,5411,3580211.4
2023-10-01,1,MG,SANTANDER,962,658926.41
2023-10-01,1,MG,VOTORANTIM,55,38897.94
2023-10-01,1,MS,BANCO SICOOB,10,6140.77
2023-10-01,1,MS,BB,160,100053.13
2023-10-01,1,MS,BMG,255,222528.96
2023-10-01,1,MS,BRADESCO,349,261701.52
2023-10-01,1,MS,BTG PACTUAL,497,414140.65
2023-10-01,1,MS,C6 BANK,74,53386.06
2023-10-01,1,MS,CAIXA ECONÔMICA FEDERAL,279,202190.1
2023-10-01,1,MS,CCLA NORTE DE MATO GROSSO - SICOOB NORTE MT,1,920.68
2023-10-01,1,MS,INTER,857,650580.14
2023-10-01,1,MS,ITAU,170,121829.23
2023-10-01,1,MS,NUBANK,1655,1136106.69
2023-10-01,1,MS,SANTANDER,250,182907.2
2023-10-01,1,MS,VOTORANTIM,21,18831.57
2023-10-01,1,MT,BANCO SICOOB,8,10952.23
2023-10-01,1,MT,BB,140,95409.29
2023-10-01,1,MT,BMG,181,144150.55
2023-10-01,1,MT,BRADESCO,171,142507.54
2023-10-01,1,MT,BTG PACTUAL,372,327697.24
2023-10-01,1,MT,C6 BANK,60,47164.18
2023-10-01,1,MT,CAIXA ECONÔMICA FEDERAL,110,95574.3
2023-10-01,1,MT,CCLA DO CENTRO SUL RONDONIENSE,2,3146.23
2023-10-01,1,MT,CCLA NORTE DE MATO GROSSO - SICOOB NORTE MT,1,2042.25
2023-10-01,1,MT,INTER,637,535753.86
2023-10-01,1,MT,ITAU,141,109349.09
2023-10-01,1,MT,NUBANK,1119,812021.08
2023-10-01,1,MT,SANTANDER,127,97888.97
2023-10-01,1,MT,SICOOB CREDISUL,3,2930.27
2023-10-01,1,MT,VOTORANTIM,28,25947.39
2023-10-01,1,PA,BANCO SICOOB,2,4210.09
2023-10-01,1,PA,BB,220,112027.54
2023-10-01,1,PA,BMG,288,218356.71
2023-10-01,1,PA,BRADESCO,311,203849.67
2023-10-01,1,PA,BTG PACTUAL,584,422152.23
2023-10-01,1,PA,C6 BANK,77,48962.69
2023-10-01,1,PA,CAIXA ECONÔMICA FEDERAL,268,148409.29
2023-10-01,1,PA,INTER,1419,990695.68
2023-10-01,1,PA,ITAU,304,218638.5
2023-10-01,1,PA,NUBANK,2347,1380739.0
2023-10-01,1,PA,SANTANDER,313,195321.98
2023-10-01,1,PA,VOTORANTIM,28,19796.07
2023-10-01,1,PB,BB,176,100653.27
2023-10-01,1,PB,BMG,275,234480.52
2023-10-01,1,PB,BRADESCO,326,226253.13
2023-10-01,1,PB,BTG PACTUAL,473,370992.09
2023-10-01,1,PB,C6 BANK,41,31662.77
2023-10-01,1,PB,CAIXA ECONÔMICA FEDERAL,254,163477.3
2023-10-01,1,PB,INTER,969,763444.29
2023-10-01,1,PB,ITAU,169,120784.42
2023-10-01,1,PB,NUBANK,1449,934532.53
2023-10-01,1,PB,SANTANDER,183,135593.9
2023-10-01,1,PB,VOTORANTIM,14,8726.31
2023-10-01,1,PE,BANCO SICOOB,4,4430.54
2023-10-01,1,PE,BB,329,202590.86
2023-10-01,1,PE,BMG,556,449393.4
2023-10-01,1,PE,BRADESCO,642,443175.98
2023-10-01,1,PE,BTG PACTUAL,924,690390.19
2023-10-01,1,PE,C6 BANK,124,82795.71
2023-10-01,1,PE,CAIXA ECONÔMICA FEDERAL,568,379061.04
2023-10-01,1,PE,CC SICOOB COOPEMAR,1,2256.1
2023-10-01,1,PE,INTER,2108,1502692.8
2023-10-01,1,PE,ITAU,606,435767.77
2023-10-01,1,PE,NUBANK,3078,2013849.45
2023-10-01,1,PE,SANTANDER,574,382190.33
2023-10-01,1,PE,VOTORANTIM,27,23210.51
2023-10-01,1,PI,BANCO SICOOB,2,685.98
2023-10-01,1,PI,BB,252,158765.14
2023-10-01,1,PI,BMG,182,151407.04
2023-10-01,1,PI,BRADESCO,168,135797.26
2023-10-01,1,PI,BTG PACTUAL,341,271335.62
2023-10-01,1,PI,C6 BANK,50,37367.48
2023-10-01,1,PI,CAIXA ECONÔMICA FEDERAL,205,175853.37
2023-10-01,1,PI,CCLA NORTE DE MATO GROSSO - SICOOB NORTE MT,1,1039.09
2023-10-01,1,PI,INTER,752,631788.24
2023-10-01,1,PI,ITAU,115,76534.93
2023-10-01,1,PI,NUBANK,1366,1029254.84
2023-10-01,1,PI,SANTANDER,125,101150.92
2023-10-01,1,PI,VOTORANTIM,12,7359.87
2023-10-01,1,PR,BANCO SICOOB,25,15174.91
2023-10-01,1,PR,BB,204,124352.97
2023-10-01,1,PR,BMG,519,422843.88
2023-10-01,1,PR,BRADESCO,492,313558.6
2023-10-01,1,PR,BTG PACTUAL,1069,836014.0
2023-10-01,1,PR,C6 BANK,228,144277.0
2023-10-01,1,PR,CAIXA ECONÔMICA FEDERAL,461,303306.53
2023-10-01,1,PR,CC SICOOB VALE SUL,5,5849.06
2023-10-01,1,PR,CCLA DO CENTRO SUL RONDONIENSE,1,678.62
2023-10-01,1,PR,CCLA NORTE DE MATO GROSSO - SICOOB NORTE MT,1,514.63
2023-10-01,1,PR,CCLA SICOOB ARENITO PARANÁ / SÃO PAULO,1,880.99
2023-10-01,1,PR,COOP NOVOS CAMPOS,1,1011.52
2023-10-01,1,PR,INTER,1912,1442084.39
2023-10-01,1,PR,ITAU,757,524318.48
2023-10-01,1,PR,NUBANK,3157,2046425.94
2023-10-01,1,PR,SANTANDER,475,310024.43
2023-10-01,1,PR,SICOOB CREDISUL,1,384.35
2023-10-01,1,PR,VOTORANTIM,23,20431.05
2023-10-01,1,RJ,BANCO SICOOB,16,12502.81
2023-10-01,1,RJ,BB,474,253832.7
2023-10-01,1,RJ,BMG,1301,1004922.11
2023-10-01,1,RJ,BRADESCO,1732,1133206.68
2023-10-01,1,RJ,BTG PACTUAL,2599,1943221.28
2023-10-01,1,RJ,C6 BANK,589,383008.6
2023-10-01,1,RJ,CAIXA ECONÔMICA FEDERAL,1233,782033.77
2023-10-01,1,RJ,INTER,5458,3926225.74
2023-10-01,1,RJ,ITAU,3246,2116330.5
2023-10-01,1,RJ,NUBANK,9343,5631137.34
2023-10-01,1,RJ,SANTANDER,2206,1436667.85
2023-10-01,1,RJ,VOTORANTIM,79,60321.99
2023-10-01,1,RN,BANCO SICOOB,1,532.19
2023-10-01,1,RN,BB,204,118482.0
2023-10-01,1,RN,BMG,211,177527.55
2023-10-01,1,RN,BRADESCO,196,134249.98
2023-10-01,1,RN,BTG PACTUAL,397,283737.29
2023-10-01,1,RN,C6 BANK,57,36966.0
2023-10-01,1,RN,CAIXA ECONÔMICA FEDERAL,176,123505.79
2023-10-01,1,RN,INTER,841,629322.85
2023-10-01,1,RN,ITAU,147,105843.43
2023-10-01,1,RN,NUBANK,1209,795864.92
2023-10-01,1,RN,SANTANDER,149,105816.79
2023-10-01,1,RN,VOTORANTIM,16,13220.52
2023-10-01,1,RO,BANCO SICOOB,5,5749.39
2023-10-01,1,RO,BB,99,62189.23
2023-10-01,1,RO,BMG,100,87100.79
2023-10-01,1,RO,BRADESCO,112,87657.84
2023-10-01,1,RO,BTG PACTUAL,217,200915.51
2023-10-01,1,RO,C.C. DO CENTRO DO ESTADO DE RONDÔNIA,9,8377.64
2023-10-01,1,RO,C6 BANK,27,13996.08
2023-10-01,1,RO,CAIXA ECONÔMICA FEDERAL,98,69812.95
2023-10-01,1,RO,CC INV DE RONDÔNIA - SICOOB CREDJURD,1,278.39
2023-10-01,1,RO,CCLA DO CENTRO SUL RONDONIENSE,37,49410.47
2023-10-01,1,RO,INTER,401,349917.25
2023-10-01,1,RO,ITAU,78,59499.17
2023-10-01,1,RO,NUBANK,965,689892.16
2023-10-01,1,RO,SANTANDER,104,83663.71
2023-10-01,1,RO,SICOOB AMAZÔNIA,1,603.07
2023-10-01,1,RO,SICOOB CREDISUL,10,9202.29
2023-10-01,1,RO,VOTORANTIM,11,9937.55
2023-10-01,1,RR,BB,27,12894.17
2023-10-01,1,RR,BMG,24,17319.21
2023-10-01,1,RR,BRADESCO,9,5619.19
2023-10-01,1,RR,BTG PACTUAL,37,26060.59
2023-10-01,1,RR,C6 BANK,7,6225.41
2023-10-01,1,RR,CAIXA ECONÔMICA FEDERAL,23,15275.65
2023-10-01,1,RR,INTER,99,72965.43
2023-10-01,1,RR,ITAU,24,17827.33
2023-10-01,1,RR,NUBANK,168,113285.91
2023-10-01,1,RR,SANTANDER,26,15874.33
2023-10-01,1,RS,BANCO SICOOB,8,7197.22
2023-10-01,1,RS,BB,249,137802.05
2023-10-01,1,RS,BMG,542,458217.36
2023-10-01,1,RS,BRADESCO,414,309388.99
2023-10-01,1,RS,BTG PACTUAL,1057,816320.7
2023-10-01,1,RS,C6 BANK,186,126178.07
2023-10-01,1,RS,CAIXA ECONÔMICA FEDERAL,661,418805.39
2023-10-01,1,RS,CC SICOOB VALE SUL,1,783.28
2023-10-01,1,RS,CCLA MAXI ALFA,3,2962.98
2023-10-01,1,RS,CCLA SICOOB VALCREDI SUL,1,2691.12
2023-10-01,1,RS,CCLAA ITAIPU SICOOB CREDITAIPU,1,1289.26
2023-10-01,1,RS,COOP NOVOS CAMPOS,1,4203.69
2023-10-01,1,RS,INTER,2099,1569099.68
2023-10-01,1,RS,ITAU,570,403817.21
2023-10-01,1,RS,NUBANK,3115,2075321.83
2023-10-01,1,RS,SANTANDER,610,394551.01
2023-10-01,1,RS,VOTORANTIM,42,40901.02
2023-10-01,1,SC,BANCO SICOOB,15,9112.48
2023-10-01,1,SC,BB,152,91920.83
2023-10-01,1,SC,BMG,273,220133.09
2023-10-01,1,SC,BRADESCO,301,212973.63
2023-10-01,1,SC,BTG PACTUAL,585,469824.95
2023-10-01,1,SC,C6 BANK,98,73976.08
2023-10-01,1,SC,CAIXA ECONÔMICA FEDERAL,244,173443.28
2023-10-01,1,SC,CC LITORÂNEA,4,3197.99
2023-10-01,1,SC,CCLA DO CENTRO SUL RONDONIENSE,1,1256.7
2023-10-01,1,SC,CCLA DO VALE,2,2365.84
2023-10-01,1,SC,CCLA MAXI ALFA,18,26357.9
2023-10-01,1,SC,CCLA SICOOB VALCREDI SUL,1,1082.82
2023-10-01,1,SC,INTER,1056,884312.6
2023-10-01,1,SC,ITAU,255,202034.51
2023-10-01,1,SC,NUBANK,1594,1100124.37
2023-10-01,1,SC,SANTANDER,239,164394.51
2023-10-01,1,SC,VOTORANTIM,26,26205.8
2023-10-01,1,SE,BANCO SICOOB,1,1039.97
2023-10-01,1,SE,BB,79,41298.5
2023-10-01,1,SE,BMG,133,94428.15
2023-10-01,1,SE,BRADESCO,89,60118.7
2023-10-01,1,SE,BTG PACTUAL,257,195250.13
2023-10-01,1,SE,C6 BANK,29,21859.03
2023-10-01,1,SE,CAIXA ECONÔMICA FEDERAL,165,116071.99
2023-10-01,1,SE,INTER,603,406019.86
2023-10-01,1,SE,ITAU,71,53324.37
2023-10-01,1,SE,NUBANK,836,505850.52
2023-10-01,1,SE,SANTANDER,102,69834.19
2023-10-01,1,SE,VOTORANTIM,4,2080.28
2023-10-01,1,SP,BANCO SICOOB,25,19541.09
2023-10-01,1,SP,BB,1261,743360.78
2023-10-01,1,SP,BMG,3214,2562069.14
2023-10-01,1,SP,BRADESCO,4233,2808616.28
2023-10-01,1,SP,BTG PACTUAL,6596,5076265.97
2023-10-01,1,SP,C6 BANK,1209,776211.95
2023-10-01,1,SP,CAIXA ECONÔMICA FEDERAL,2545,1667210.79
2023-10-01,1,SP,ITAU,5969,4191169.04
2023-10-01,1,SP,SANTANDER,4928,3387810.25
2023-10-01,1,SP,SICOOB CREDISUL,1,608.17
2023-10-01,1,SP,VOTORANTIM,237,206020.79
2023-10-01,1,TO,BANCO SICOOB,1,387.71
2023-10-01,1,TO,BB,70,31801.81
2023-10-01,1,TO,BMG,60,35203.6
2023-10-01,1,TO,BRADESCO,52,34810.9
2023-10-01,1,TO,BTG PACTUAL,102,69205.73
2023-10-01,1,TO,C6 BANK,21,12742.2
2023-10-01,1,TO,CAIXA ECONÔMICA FEDERAL,52,34128.32
2023-10-01,1,TO,INTER,266,185020.04
2023-10-01,1,TO,ITAU,51,41345.5
2023-10-01,1,TO,NUBANK,457,269135.19
2023-10-01,1,TO,SANTANDER,28,16260.53
2023-10-01,1,TO,VOTORANTIM,1,585.91
2023-10-01,2,AC,BB,42,525384.24
2023-10-01,2,AC,BCO TRIANGULO S.A.,37,52228.83
2023-10-01,2,AC,BRADESCO,9,31475.33
2023-10-01,2,AC,CAIXA ECONÔMICA FEDERAL,23,48550.07
2023-10-01,2,AC,ITAU,20,81267.41
2023-10-01,2,AC,SANTANDER,34,169757.21
2023-10-01,2,AC,VOTORANTIM,7,63198.53
2023-10-01,2,AL,BB,94,384098.63
2023-10-01,2,AL,BCO TRIANGULO S.A.,39,46406.45
2023-10-01,2,AL,BRADESCO,42,351544.51
2023-10-01,2,AL,BTG PACTUAL,5,17558.75
2023-10-01,2,AL,CAIXA ECONÔMICA FEDERAL,93,131206.83
2023-10-01,2,AL,INTER,9,56692.95
2023-10-01,2,AL,ITAU,211,705155.66
2023-10-01,2,AL,SANTANDER,193,862430.64
2023-10-01,2,AL,VOTORANTIM,21,112666.03
2023-10-01,2,AM,BB,77,588493.67
2023-10-01,2,AM,BCO TRIANGULO S.A.,76,90587.51
2023-10-01,2,AM,BRADESCO,227,2653747.45
2023-10-01,2,AM,BTG PACTUAL,10,40860.82
2023-10-01,2,AM,CAIXA ECONÔMICA FEDERAL,50,68107.42
2023-10-01,2,AM,INTER,11,69763.31
2023-10-01,2,AM,ITAU,205,551237.29
2023-10-01,2,AM,SANTANDER,276,1375677.55
2023-10-01,2,AM,VOTORANTIM,21,168309.67
2023-10-01,2,AP,BB,64,434455.46
2023-10-01,2,AP,BCO TRIANGULO S.A.,9,12697.26
2023-10-01,2,AP,BRADESCO,16,146252.41
2023-10-01,2,AP,BTG PACTUAL,3,7392.52
2023-10-01,2,AP,CAIXA ECONÔMICA FEDERAL,11,10306.04
2023-10-01,2,AP,INTER,1,2109.36
2023-10-01,2,AP,ITAU,27,76714.91
2023-10-01,2,AP,SANTANDER,47,320496.96
2023-10-01,2,AP,VOTORANTIM,2,4822.36
2023-10-01,2,BA,BB,477,3227208.09
2023-10-01,2,BA,BCO DO EST. DE SE S.A.,2,3290.59
2023-10-01,2,BA,BCO TRIANGULO S.A.,124,164667.9
2023-10-01,2,BA,BRADESCO,372,4284542.32
2023-10-01,2,BA,BTG PACTUAL,12,37084.49
2023-10-01,2,BA,CAIXA ECONÔMICA FEDERAL,333,432576.53
2023-10-01,2,BA,INTER,23,85281.48
2023-10-01,2,BA,ITAU,1002,3111318.09
2023-10-01,2,BA,SANTANDER,1120,6494111.97
2023-10-01,2,BA,VOTORANTIM,65,343561.59
2023-10-01,2,CE,BB,296,2698942.88
2023-10-01,2,CE,BCO TRIANGULO S.A.,61,71152.78
2023-10-01,2,CE,BRADESCO,245,3146114.92
2023-10-01,2,CE,BTG PACTUAL,7,54218.98
2023-10-01,2,CE,CAIXA ECONÔMICA FEDERAL,193,266818.22
2023-10-01,2,CE,INTER,25,110177.99
2023-10-01,2,CE,ITAU,491,1541738.1
2023-10-01,2,CE,SANTANDER,614,3211453.06
2023-10-01,2,CE,VOTORANTIM,54,244926.21
2023-10-01,2,DF,BB,100,678693.96
2023-10-01,2,DF,BCO TRIANGULO S.A.,31,41230.86
2023-10-01,2,DF,BRADESCO,84,1333579.86
2023-10-01,2,DF,BTG PACTUAL,6,45192.47
2023-10-01,2,DF,CAIXA ECONÔMICA FEDERAL,133,267852.63
2023-10-01,2,DF,INTER,13,66151.82
2023-10-01,2,DF,ITAU,292,941864.74
2023-10-01,2,DF,SANTANDER,324,2433659.22
2023-10-01,2,DF,VOTORANTIM,37,161714.65
2023-10-01,2,ES,BB,87,510330.98
2023-10-01,2,ES,BCO TRIANGULO S.A.,36,62940.63
2023-10-01,2,ES,BRADESCO,63,585177.78
2023-10-01,2,ES,BTG PACTUAL,8,36266.87
2023-10-01,2,ES,CAIXA ECONÔMICA FEDERAL,92,163705.04
2023-10-01,2,ES,INTER,12,60292.22
2023-10-01,2,ES,ITAU,203,642832.02
2023-10-01,2,ES,SANTANDER,297,1555864.27
2023-10-01,2,ES,VOTORANTIM,33,216100.69
2023-10-01,2,GO,BB,205,1441630.67
2023-10-01,2,GO,BCO TRIANGULO S.A.,42,45331.18
2023-10-01,2,GO,BRADESCO,193,2551603.26
2023-10-01,2,GO,BTG PACTUAL,8,18647.95
2023-10-01,2,GO,CAIXA ECONÔMICA FEDERAL,284,509874.4
2023-10-01,2,GO,INTER,12,38195.35
2023-10-01,2,GO,ITAU,540,1586382.11
2023-10-01,2,GO,SANTANDER,431,2880955.81
2023-10-01,2,GO,VOTORANTIM,71,574881.94
2023-10-01,2,MA,BB,326,2109802.24
2023-10-01,2,MA,BCO TRIANGULO S.A.,41,63949.75
2023-10-01,2,MA,BRADESCO,147,1405276.17
2023-10-01,2,MA,BTG PACTUAL,9,25607.75
2023-10-01,2,MA,CAIXA ECONÔMICA FEDERAL,87,123235.28
2023-10-01,2,MA,INTER,6,29286.94
2023-10-01,2,MA,ITAU,153,381359.7
2023-10-01,2,MA,SANTANDER,289,1468673.25
2023-10-01,2,MA,VOTORANTIM,35,258979.78
2023-10-01,2,MG,BB,528,4057616.63
2023-10-01,2,MG,BCO TRIANGULO S.A.,153,161830.23
2023-10-01,2,MG,BRADESCO,418,4884609.58
2023-10-01,2,MG,BTG PACTUAL,28,207128.95
2023-10-01,2,MG,CAIXA ECONÔMICA FEDERAL,520,747373.39
2023-10-01,2,MG,INTER,74,444170.17
2023-10-01,2,MG,ITAU,1414,4237232.43
2023-10-01,2,MG,SANTANDER,1610,10739229.91
2023-10-01,2,MG,VOTORANTIM,211,966084.32
2023-10-01,2,MS,BB,130,1296579.44
2023-10-01,2,MS,BCO TRIANGULO S.A.,37,47673.7
2023-10-01,2,MS,BRADESCO,134,1775072.65
2023-10-01,2,MS,BTG PACTUAL,3,15058.68
2023-10-01,2,MS,CAIXA ECONÔMICA FEDERAL,71,150317.69
2023-10-01,2,MS,INTER,6,18472.85
2023-10-01,2,MS,ITAU,188,582583.0
2023-10-01,2,MS,SANTANDER,261,1531986.49
2023-10-01,2,MS,VOTORANTIM,67,444689.42
2023-10-01,2,MT,BB,194,1612182.25
2023-10-01,2,MT,BCO TRIANGULO S.A.,27,33704.61
2023-10-01,2,MT,BRADESCO,116,1464862.78
2023-10-01,2,MT,BTG PACTUAL,5,14758.98
2023-10-01,2,MT,CAIXA ECONÔMICA FEDERAL,86,156411.35
2023-10-01,2,MT,INTER,9,51720.7
2023-10-01,2,MT,ITAU,151,487948.84
2023-10-01,2,MT,SANTANDER,220,1300073.27
2023-10-01,2,MT,VOTORANTIM,54,354072.36
2023-10-01,2,PA,BB,264,1526459.86
2023-10-01,2,PA,BCO TRIANGULO S.A.,109,124782.67
2023-10-01,2,PA,BRADESCO,165,1924537.76
2023-10-01,2,PA,BTG PACTUAL,3,11186.63
2023-10-01,2,PA,CAIXA ECONÔMICA FEDERAL,135,173989.79
2023-10-01,2,PA,INTER,19,79435.24
2023-10-01,2,PA,ITAU,247,794949.61
2023-10-01,2,PA,SANTANDER,436,2306695.61
2023-10-01,2,PA,VOTORANTIM,43,331344.53
2023-10-01,2,PB,BB,160,1127183.84
2023-10-01,2,PB,BCO TRIANGULO S.A.,53,54885.23
2023-10-01,2,PB,BRADESCO,107,1347129.99
2023-10-01,2,PB,BTG PACTUAL,5,7174.84
2023-10-01,2,PB,CAIXA ECONÔMICA FEDERAL,102,193656.42
2023-10-01,2,PB,INTER,9,22566.28
2023-10-01,2,PB,ITAU,285,945230.59
2023-10-01,2,PB,SANTANDER,257,1144729.39
2023-10-01,2,PB,VOTORANTIM,39,268550.78
2023-10-01,2,PE,BB,251,1568432.81
2023-10-01,2,PE,BCO TRIANGULO S.A.,84,69312.48
2023-10-01,2,PE,BRADESCO,251,3855132.54
2023-10-01,2,PE,BTG PACTUAL,9,21269.61
2023-10-01,2,PE,CAIXA ECONÔMICA FEDERAL,155,192227.65
2023-10-01,2,PE,INTER,16,81031.92
2023-10-01,2,PE,ITAU,737,2167476.37
2023-10-01,2,PE,SANTANDER,747,4442322.29
2023-10-01,2,PE,VOTORANTIM,61,474788.16
2023-10-01,2,PI,BB,196,1174231.81
2023-10-01,2,PI,BCO TRIANGULO S.A.,17,20310.94
2023-10-01,2,PI,BRADESCO,48,375615.34
2023-10-01,2,PI,BTG PACTUAL,1,774.29
2023-10-01,2,PI,CAIXA ECONÔMICA FEDERAL,100,161485.74
2023-10-01,2,PI,INTER,2,4893.33
2023-10-01,2,PI,ITAU,109,287732.5
2023-10-01,2,PI,SANTANDER,149,589911.99
2023-10-01,2,PI,VOTORANTIM,29,234469.37
2023-10-01,2,PR,BB,255,2239808.95
2023-10-01,2,PR,BCO TRIANGULO S.A.,100,194373.4
2023-10-01,2,PR,BRADESCO,320,5389260.25
2023-10-01,2,PR,BTG PACTUAL,18,223681.21
2023-10-01,2,PR,CAIXA ECONÔMICA FEDERAL,376,727923.02
2023-10-01,2,PR,INTER,28,153241.27
2023-10-01,2,PR,ITAU,995,2980318.57
2023-10-01,2,PR,SANTANDER,947,6886328.8
2023-10-01,2,PR,VOTORANTIM,199,1226265.59
2023-10-01,2,RJ,BB,288,2037557.19
2023-10-01,2,RJ,BCO TRIANGULO S.A.,140,264929.16
2023-10-01,2,RJ,BRADESCO,669,9777626.96
2023-10-01,2,RJ,BTG PACTUAL,36,186138.52
2023-10-01,2,RJ,CAIXA ECONÔMICA FEDERAL,389,612898.03
2023-10-01,2,RJ,INTER,50,340243.15
2023-10-01,2,RJ,ITAU,2922,7445682.03
2023-10-01,2,RJ,SANTANDER,2580,17964553.07
2023-10-01,2,RJ,VOTORANTIM,212,1282236.62
2023-10-01,2,RN,BB,162,1044681.5
2023-10-01,2,RN,BCO TRIANGULO S.A.,60,54583.24
2023-10-01,2,RN,BRADESCO,61,664058.99
2023-10-01,2,RN,BTG PACTUAL,7,11044.76
2023-10-01,2,RN,CAIXA ECONÔMICA FEDERAL,82,141254.37
2023-10-01,2,RN,INTER,10,23249.02
2023-10-01,2,RN,ITAU,223,570133.91
2023-10-01,2,RN,SANTANDER,254,1383497.5
2023-10-01,2,RN,VOTORANTIM,34,157569.26
2023-10-01,2,RO,BB,74,495745.98
2023-10-01,2,RO,BCO TRIANGULO S.A.,19,18813.17
2023-10-01,2,RO,BRADESCO,38,802270.18
2023-10-01,2,RO,BTG PACTUAL,3,39757.34
2023-10-01,2,RO,CAIXA ECONÔMICA FEDERAL,49,102571.51
2023-10-01,2,RO,INTER,5,29711.72
2023-10-01,2,RO,ITAU,45,150634.21
2023-10-01,2,RO,SANTANDER,97,560374.2
2023-10-01,2,RO,VOTORANTIM,16,55866.87
2023-10-01,2,RR,BB,48,706866.2
2023-10-01,2,RR,BCO TRIANGULO S.A.,2,3529.72
2023-10-01,2,RR,BRADESCO,12,227162.03
2023-10-01,2,RR,BTG PACTUAL,1,2005.43
2023-10-01,2,RR,CAIXA ECONÔMICA FEDERAL,9,5232.87
2023-10-01,2,RR,INTER,2,6932.49
2023-10-01,2,RR,ITAU,16,52125.86
2023-10-01,2,RR,SANTANDER,36,154835.57
2023-10-01,2,RR,VOTORANTIM,6,42383.43
2023-10-01,2,RS,BB,232,1497969.72
2023-10-01,2,RS,BCO TRIANGULO S.A.,90,121179.77
2023-10-01,2,RS,BRADESCO,154,1781286.63
2023-10-01,2,RS,BTG PACTUAL,13,78167.3
2023-10-01,2,RS,CAIXA ECONÔMICA FEDERAL,394,731600.48
2023-10-01,2,RS,INTER,23,92255.79
2023-10-01,2,RS,ITAU,839,2170295.68
2023-10-01,2,RS,SANTANDER,869,4682517.92
2023-10-01,2,RS,VOTORANTIM,133,920357.96
2023-10-01,2,SC,BB,242,1834729.07
2023-10-01,2,SC,BCO TRIANGULO S.A.,78,82853.28
2023-10-01,2,SC,BRADESCO,220,3300576.31
2023-10-01,2,SC,BTG PACTUAL,10,84615.52
2023-10-01,2,SC,CAIXA ECONÔMICA FEDERAL,252,446507.04
2023-10-01,2,SC,INTER,22,129297.66
2023-10-01,2,SC,ITAU,556,1825976.09
2023-10-01,2,SC,SANTANDER,521,3074965.63
2023-10-01,2,SC,VOTORANTIM,133,932520.0
2023-10-01,2,SE,BB,75,344818.46
2023-10-01,2,SE,BCO DO EST. DE SE S.A.,32,251060.52
2023-10-01,2,SE,BCO TRIANGULO S.A.,8,4874.09
2023-10-01,2,SE,BRADESCO,20,82061.2
2023-10-01,2,SE,BTG PACTUAL,1,1637.42
2023-10-01,2,SE,CAIXA ECONÔMICA FEDERAL,62,72037.33
2023-10-01,2,SE,INTER,6,21407.35
2023-10-01,2,SE,ITAU,159,423838.4
2023-10-01,2,SE,SANTANDER,136,762691.64
2023-10-01,2,SE,VOTORANTIM,13,119291.08
2023-10-01,2,SP,BB,1004,7964916.51
2023-10-01,2,SP,BCO TRIANGULO S.A.,306,416716.48
2023-10-01,2,SP,BRADESCO,2242,28581546.27
2023-10-01,2,SP,BTG PACTUAL,109,608292.05
2023-10-01,2,SP,CAIXA ECONÔMICA FEDERAL,1179,1842239.13
2023-10-01,2,SP,INTER,156,722570.62
2023-10-01,2,SP,ITAU,6568,18755804.96
2023-10-01,2,SP,SANTANDER,6616,43772755.05
2023-10-01,2,SP,VOTORANTIM,894,5200727.76
2023-10-01,2,TO,BB,91,580960.11
2023-10-01,2,TO,BCO TRIANGULO S.A.,6,4714.53
2023-10-01,2,TO,BRADESCO,35,421121.39
2023-10-01,2,TO,BTG PACTUAL,1,1792.18
2023-10-01,2,TO,CAIXA ECONÔMICA FEDERAL,32,43121.34
2023-10-01,2,TO,INTER,1,5120.23
2023-10-01,2,TO,ITAU,26,98165.29
2023-10-01,2,TO,SANTANDER,53,274018.18
2023-10-01,2,TO,VOTORANTIM,15,114396.92
2023-11-01,1,AC,BB,149,138811.97
2023-11-01,1,AC,BMG,107,119325.66
2023-11-01,1,AC,BRADESCO,32,39489.66
2023-11-01,1,AC,BRB,1,753.3
2023-11-01,1,AC,BTG PACTUAL,105,128933.36
2023-11-01,1,AC,CAIXA ECONÔMICA FEDERAL,135,147874.52
2023-11-01,1,AC,INTER,163,177936.48
2023-11-01,1,AC,ITAU,46,47594.07
2023-11-01,1,AC,NUBANK,456,453167.15
2023-11-01,1,AC,SANTANDER,59,53947.02
2023-11-01,1,AC,SICOOB CREDISUL,6,12133.17
2023-11-01,1,AC,VOTORANTIM,3,3146.77
2023-11-01,1,AL,BANCO SICOOB,5,8320.07
2023-11-01,1,AL,BANRISUL,3,3089.65
2023-11-01,1,AL,BB,252,201758.38
2023-11-01,1,AL,BMG,540,556981.78
2023-11-01,1,AL,BRADESCO,132,113168.91
2023-11-01,1,AL,BRB,8,7170.91
2023-11-01,1,AL,BTG PACTUAL,366,360356.64
2023-11-01,1,AL,C6 BANK,4,2884.71
2023-11-01,1,AL,CAIXA ECONÔMICA FEDERAL,440,379711.91
2023-11-01,1,AL,INTER,900,925873.9
2023-11-01,1,AL,ITAU,134,131869.92
2023-11-01,1,AL,NUBANK,1097,919124.23
2023-11-01,1,AL,SANTANDER,179,158333.49
2023-11-01,1,AL,VOTORANTIM,20,23485.68
2023-11-01,1,AM,BANCO SICOOB,6,6218.79
2023-11-01,1,AM,BANRISUL,1,989.83
2023-11-01,1,AM,BB,348,348035.97
2023-11-01,1,AM,BMG,671,876869.95
2023-11-01,1,AM,BRADESCO,679,713076.89
2023-11-01,1,AM,BRB,12,11742.04
2023-11-01,1,AM,BTG PACTUAL,900,1174251.43
2023-11-01,1,AM,C6 BANK,2,2701.61
2023-11-01,1,AM,CAIXA ECONÔMICA FEDERAL,845,938319.43
2023-11-01,1,AM,COOP CENTRO NORTE BRASILEIRO,5,11179.06
2023-11-01,1,AM,INTER,1594,2048385.54
2023-11-01,1,AM,ITAU,623,746518.95
2023-11-01,1,AM,NUBANK,3012,3150486.48
2023-11-01,1,AM,SANTANDER,483,541395.92
2023-11-01,1,AM,SICOOB AMAZÔNIA,6,7592.07
2023-11-01,1,AM,SICOOB CREDISUL,1,709.33
2023-11-01,1,AM,VOTORANTIM,30,43554.64
2023-11-01,1,AP,BB,119,91883.3
2023-11-01,1,AP,BMG,70,80201.4
2023-11-01,1,AP,BRADESCO,15,16728.22
2023-11-01,1,AP,BRB,1,542.56
2023-11-01,1,AP,BTG PACTUAL,92,104673.2
2023-11-01,1,AP,C6 BANK,1,241.47
2023-11-01,1,AP,CAIXA ECONÔMICA FEDERAL,60,79056.44
2023-11-01,1,AP,INTER,213,212307.35
2023-11-01,1,AP,ITAU,43,38713.35
2023-11-01,1,AP,NUBANK,275,229889.28
2023-11-01,1,AP,SANTANDER,61,60677.68
2023-11-01,1,AP,VOTORANTIM,4,5245.41
2023-11-01,1,BA,BANCO SICOOB,22,26317.8
2023-11-01,1,BA,BANRISUL,11,8713.69
2023-11-01,1,BA,BB,1244,1118022.08
2023-11-01,1,BA,BMG,1934,2288853.02
2023-11-01,1,BA,BRADESCO,1024,1012676.37
2023-11-01,1,BA,BRB,31,33371.82
2023-11-01,1,BA,BTG PACTUAL,1846,2042597.09
2023-11-01,1,BA,C6 BANK,13,11937.91
2023-11-01,1,BA,CAIXA ECONÔMICA FEDERAL,1996,1879762.98
2023-11-01,1,BA,CC SICOOB COOPEMAR,2,1209.79
2023-11-01,1,BA,CC SICOOB CRED EXECUTIVO,2,3437.08
2023-11-01,1,BA,CC SICOOB CREDCOOP,1,556.9
2023-11-01,1,BA,CC SICOOB CREDICONQUISTA,4,7957.87
2023-11-01,1,BA,CC SICOOB NORTE SUL,3,1681.92
2023-11-01,1,BA,INTER,3342,3680130.02
2023-11-01,1,BA,ITAU,961,994565.8
2023-11-01,1,BA,NUBANK,5414,4959805.76
2023-11-01,1,BA,SANTANDER,1044,990604.81
2023-11-01,1,BA,SOC CC SICOOB COOPERE,7,10428.64
2023-11-01,1,BA,VOTORANTIM,82,90340.85
2023-11-01,1,CE,BANCO SICOOB,6,3802.75
2023-11-01,1,CE,BANRISUL,5,3325.92
2023-11-01,1,CE,BB,1099,924325.68
2023-11-01,1,CE,BMG,1487,1640680.35
2023-11-01,1,CE,BRADESCO,871,841544.16
2023-11-01,1,CE,BRB,14,11781.61
2023-11-01,1,CE,BTG PACTUAL,1407,1518690.98
2023-11-01,1,CE,C6 BANK,3,1814.44
2023-11-01,1,CE,CAIXA ECONÔMICA FEDERAL,1489,1413000.12
2023-11-01,1,CE,INTER,3386,3539869.63
2023-11-01,1,CE,ITAU,749,710770.82
2023-11-01,1,CE,NUBANK,4869,4375736.1
2023-11-01,1,CE,SANTANDER,856,828914.94
2023-11-01,1,CE,VOTORANTIM,77,84684.6
2023-11-01,1,DF,BANCO SICOOB,15,15001.58
2023-11-01,1,DF,BANRISUL,7,11167.84
2023-11-01,1,DF,BB,528,496056.16
2023-11-01,1,DF,BMG,868,1166459.38
2023-11-01,1,DF,BRADESCO,146,146258.0
2023-11-01,1,DF,BRB,257,294500.16
2023-11-01,1,DF,BTG PACTUAL,790,1020078.94
2023-11-01,1,DF,C6 BANK,3,2442.4
2023-11-01,1,DF,CAIXA ECONÔMICA FEDERAL,677,736191.24
2023-11-01,1,DF,CC DISTRITO FEDERAL E ENTORNO,6,7692.83
2023-11-01,1,DF,CCLA SICOOB CREDIJUSTRA,1,4755.08
2023-11-01,1,DF,COOP SICOOB EXECUTIVO LTDA.,3,3258.29
2023-11-01,1,DF,INTER,1879,2313183.32
2023-11-01,1,DF,ITAU,441,543993.49
2023-11-01,1,DF,NUBANK,2342,2291153.77
2023-11-01,1,DF,SANTANDER,388,425833.63
2023-11-01,1,DF,SICOOB CREDISUL,1,556.76
2023-11-01,1,DF,VOTORANTIM,24,31572.19
2023-11-01,1,ES,BANCO SICOOB,87,81579.66
2023-11-01,1,ES,BANRISUL,3,5303.68
2023-11-01,1,ES,BB,196,187332.34
2023-11-01,1,ES,BMG,614,781067.75
2023-11-01,1,ES,BRADESCO,106,114855.09
2023-11-01,1,ES,BRB,5,2345.62
2023-11-01,1,ES,BTG PACTUAL,483,658122.82
2023-11-01,1,ES,CAIXA ECONÔMICA FEDERAL,527,565024.08
2023-11-01,1,ES,INTER,1071,1444011.22
2023-11-01,1,ES,ITAU,299,335429.78
2023-11-01,1,ES,NUBANK,1471,1444975.96
2023-11-01,1,ES,SANTANDER,285,328725.89
2023-11-01,1,ES,SICOOB CREDISUL,1,2319.67
2023-11-01,1,ES,VOTORANTIM,19,30454.59
2023-11-01,1,GO,BANCO SICOOB,27,40291.2
2023-11-01,1,GO,BANRISUL,1,695.71
2023-11-01,1,GO,BB,395,400636.13
2023-11-01,1,GO,BMG,954,1203735.9
2023-11-01,1,GO,BRADESCO,281,296218.88
2023-11-01,1,GO,BRB,71,119435.6
2023-11-01,1,GO,BTG PACTUAL,950,1144084.26
2023-11-01,1,GO,C6 BANK,4,6181.94
2023-11-01,1,GO,CAIXA ECONÔMICA FEDERAL,781,730188.47
2023-11-01,1,GO,CC DISTRITO FEDERAL E ENTORNO,1,1195.65
2023-11-01,1,GO,CCLA CENTRO-SUL GOIANO,3,5742.99
2023-11-01,1,GO,COOP CENTRO NORTE BRASILEIRO,1,882.34
2023-11-01,1,GO,COOP SICOOB EXECUTIVO LTDA.,4,2589.73
2023-11-01,1,GO,INTER,1818,2241409.96
2023-11-01,1,GO,ITAU,678,772361.03
2023-11-01,1,GO,NUBANK,2537,2356197.15
2023-11-01,1,GO,SANTANDER,469,508611.28
2023-11-01,1,GO,SOC CC SICOOB COOPERE,1,2601.63
2023-11-01,1,GO,VOTORANTIM,42,57938.03
2023-11-01,1,MA,BANCO SICOOB,6,6616.3
2023-11-01,1,MA,BANRISUL,3,1169.94
2023-11-01,1,MA,BB,737,566162.21
2023-11-01,1,MA,BMG,525,662676.52
2023-11-01,1,MA,BRADESCO,280,242425.11
2023-11-01,1,MA,BRB,4,2083.73
2023-11-01,1,MA,BTG PACTUAL,500,556218.6
2023-11-01,1,MA,C6 BANK,3,3343.0
2023-11-01,1,MA,CAIXA ECONÔMICA FEDERAL,494,441071.0
2023-11-01,1,MA,INTER,1091,1148177.21
2023-11-01,1,MA,ITAU,227,212677.58
2023-11-01,1,MA,NUBANK,1990,1695119.61
2023-11-01,1,MA,SANTANDER,274,275671.24
2023-11-01,1,MA,VOTORANTIM,18,23762.5
2023-11-01,1,MG,BANCO SICOOB,217,269362.55
2023-11-01,1,MG,BANRISUL,10,16843.63
2023-11-01,1,MG,BB,1225,1151506.81
2023-11-01,1,MG,BMG,3889,4884747.62
2023-11-01,1,MG,BRADESCO,926,978730.94
2023-11-01,1,MG,BRB,23,23889.91
2023-11-01,1,MG,BTG PACTUAL,2361,2987196.95
2023-11-01,1,MG,C6 BANK,8,8879.24
2023-11-01,1,MG,CAIXA ECONÔMICA FEDERAL,2960,3115707.35
2023-11-01,1,MG,CC SICOOB VALE SUL,2,1619.95
2023-11-01,1,MG,CC UNIÃO DO CENTRO OESTE DE MINAS,3,6038.11
2023-11-01,1,MG,CCLA DO CENTRO SUL RONDONIENSE,1,1954.62
2023-11-01,1,MG,CCLA MARGEM ESQUERDA DO URUCUI,11,13417.51
2023-11-01,1,MG,CCLA MARTINHO CAMPOS,1,1454.12
2023-11-01,1,MG,CCLA REG. CTR. E OESTE MINEIRO,2,2073.63
2023-11-01,1,MG,CCLA UNIÃO CENTRO OESTE MINAS,9,13422.96
2023-11-01,1,MG,CECM EMPR EST HOSP BH RM ZM,1,762.14
2023-11-01,1,MG,INTER,7534,8501999.91
2023-11-01,1,MG,ITAU,2097,2195862.19
2023-11-01,1,MG,NUBANK,7240,7181225.56
2023-11-01,1,MG,SANTANDER,1460,1461529.99
2023-11-01,1,MG,VOTORANTIM,87,111452.39
2023-11-01,1,MS,BANCO SICOOB,16,13790.73
2023-11-01,1,MS,BANRISUL,3,1629.38
2023-11-01,1,MS,BB,388,398951.97
2023-11-01,1,MS,BMG,655,807314.23
2023-11-01,1,MS,BRADESCO,346,376120.45
2023-11-01,1,MS,BRB,5,5140.73
2023-11-01,1,MS,BTG PACTUAL,566,688967.13
2023-11-01,1,MS,C6 BANK,6,6450.2
2023-11-01,1,MS,CAIXA ECONÔMICA FEDERAL,643,692159.63
2023-11-01,1,MS,INTER,839,957287.7
2023-11-01,1,MS,ITAU,224,277465.33
2023-11-01,1,MS,NUBANK,1902,1777189.87
2023-11-01,1,MS,SANTANDER,360,405429.01
2023-11-01,1,MS,VOTORANTIM,30,29856.62
2023-11-01,1,MT,BANCO SICOOB,30,34472.94
2023-11-01,1,MT,BANRISUL,1,965.85
2023-11-01,1,MT,BB,433,493919.61
2023-11-01,1,MT,BMG,575,790991.66
2023-11-01,1,MT,BRADESCO,221,278404.16
2023-11-01,1,MT,BRB,7,9788.09
2023-11-01,1,MT,BTG PACTUAL,616,877769.02
2023-11-01,1,MT,C6 BANK,1,768.38
2023-11-01,1,MT,CAIXA ECONÔMICA FEDERAL,420,535712.09
2023-11-01,1,MT,CCLA DO CENTRO SUL RONDONIENSE,9,17722.09
2023-11-01,1,MT,CCLA NORTE DE MATO GROSSO - SICOOB NORTE MT,4,11815.59
2023-11-01,1,MT,INTER,929,1281779.64
2023-11-01,1,MT,ITAU,191,246863.07
2023-11-01,1,MT,NUBANK,1685,1972325.45
2023-11-01,1,MT,SANTANDER,261,324920.04
2023-11-01,1,MT,SICOOB CREDISUL,13,19359.45
2023-11-01,1,MT,VOTORANTIM,42,64656.46
2023-11-01,1,PA,BANCO SICOOB,5,7246.88
2023-11-01,1,PA,BANRISUL,6,7141.12
2023-11-01,1,PA,BB,612,511963.56
2023-11-01,1,PA,BCO DO EST. DO PA S.A.,1,2108.07
2023-11-01,1,PA,BMG,686,825106.75
2023-11-01,1,PA,BRADESCO,300,262709.01
2023-11-01,1,PA,BRB,10,18618.45
2023-11-01,1,PA,BTG PACTUAL,819,898251.56
2023-11-01,1,PA,C6 BANK,3,3235.7
2023-11-01,1,PA,CAIXA ECONÔMICA FEDERAL,659,555529.41
2023-11-01,1,PA,CCLA SICOOB CREDIJUSTRA,1,477.55
2023-11-01,1,PA,INTER,1760,1850145.3
2023-11-01,1,PA,ITAU,455,458421.65
2023-11-01,1,PA,NUBANK,2820,2415728.53
2023-11-01,1,PA,SANTANDER,478,447613.88
2023-11-01,1,PA,VOTORANTIM,47,50429.22
2023-11-01,1,PB,BANCO SICOOB,5,6815.09
2023-11-01,1,PB,BB,407,353120.18
2023-11-01,1,PB,BMG,663,752978.73
2023-11-01,1,PB,BRADESCO,300,288373.22
2023-11-01,1,PB,BRB,26,20787.13
2023-11-01,1,PB,BTG PACTUAL,555,634534.02
2023-11-01,1,PB,C6 BANK,1,3634.85
2023-11-01,1,PB,CAIXA ECONÔMICA FEDERAL,636,600412.88
2023-11-01,1,PB,INTER,1094,1195989.81
2023-11-01,1,PB,ITAU,220,218888.34
2023-11-01,1,PB,NUBANK,1753,1617058.46
2023-11-01,1,PB,SANTANDER,223,222578.14
2023-11-01,1,PB,VOTORANTIM,22,25688.51
2023-11-01,1,PE,BANCO SICOOB,7,5947.0
2023-11-01,1,PE,BANRISUL,4,4904.99
2023-11-01,1,PE,BB,732,626879.49
2023-11-01,1,PE,BMG,1362,1610085.66
2023-11-01,1,PE,BRADESCO,591,555206.72
2023-11-01,1,PE,BRB,10,11655.78
2023-11-01,1,PE,BTG PACTUAL,1254,1436594.07
2023-11-01,1,PE,C6 BANK,5,4645.13
2023-11-01,1,PE,CAIXA ECONÔMICA FEDERAL,1342,1350908.68
2023-11-01,1,PE,CC SICOOB COOPEMAR,1,1550.27
2023-11-01,1,PE,INTER,2489,2804239.06
2023-11-01,1,PE,ITAU,714,729855.19
2023-11-01,1,PE,NUBANK,3641,3324054.67
2023-11-01,1,PE,SANTANDER,774,759428.12
2023-11-01,1,PE,VOTORANTIM,32,38622.13
2023-11-01,1,PI,BANCO SICOOB,3,3168.63
2023-11-01,1,PI,BANRISUL,4,3389.0
2023-11-01,1,PI,BB,633,558173.7
2023-11-01,1,PI,BMG,471,556835.49
2023-11-01,1,PI,BRADESCO,129,160569.24
2023-11-01,1,PI,BRB,6,12790.4
2023-11-01,1,PI,BTG PACTUAL,456,492013.64
2023-11-01,1,PI,C6 BANK,1,2878.94
2023-11-01,1,PI,CAIXA ECONÔMICA FEDERAL,569,575639.89
2023-11-01,1,PI,COOP CENTRO NORTE BRASILEIRO,1,4083.63
2023-11-01,1,PI,INTER,830,891052.57
2023-11-01,1,PI,ITAU,131,123678.56
2023-11-01,1,PI,NUBANK,1537,1492353.34
2023-11-01,1,PI,SANTANDER,135,123867.37
2023-11-01,1,PI,VOTORANTIM,15,18500.91
2023-11-01,1,PR,BANCO SICOOB,54,68226.79
2023-11-01,1,PR,BANRISUL,4,3866.01
2023-11-01,1,PR,BB,572,559887.19
2023-11-01,1,PR,BMG,1536,2030128.11
2023-11-01,1,PR,BRADESCO,495,482769.81
2023-11-01,1,PR,BRB,6,9020.47
2023-11-01,1,PR,BTG PACTUAL,1555,1899168.98
2023-11-01,1,PR,C6 BANK,4,4067.4
2023-11-01,1,PR,CAIXA ECONÔMICA FEDERAL,1257,1323740.95
2023-11-01,1,PR,CC SICOOB VALE SUL,8,9423.8
2023-11-01,1,PR,CCLA SICOOB ARENITO PARANÁ / SÃO PAULO,2,966.89
2023-11-01,1,PR,INTER,2201,2749392.29
2023-11-01,1,PR,ITAU,943,993266.37
2023-11-01,1,PR,NUBANK,3632,3564223.19
2023-11-01,1,PR,SANTANDER,653,674800.16
2023-11-01,1,PR,VOTORANTIM,56,82466.33
2023-11-01,1,RJ,BANCO SICOOB,50,45338.12
2023-11-01,1,RJ,BANRISUL,11,13999.84
2023-11-01,1,RJ,BB,1031,913483.14
2023-11-01,1,RJ,BMG,3241,3732269.13
2023-11-01,1,RJ,BRADESCO,1548,1462519.28
2023-11-01,1,RJ,BRB,83,63116.04
2023-11-01,1,RJ,BTG PACTUAL,3089,3435992.73
2023-11-01,1,RJ,C6 BANK,17,10200.47
2023-11-01,1,RJ,CAIXA ECONÔMICA FEDERAL,2855,2761936.99
2023-11-01,1,RJ,INTER,5678,6289091.66
2023-11-01,1,RJ,ITAU,3918,3958171.48
2023-11-01,1,RJ,NUBANK,9443,8392205.14
2023-11-01,1,RJ,SANTANDER,2667,2520764.24
2023-11-01,1,RJ,SICOOB CREDISUL,2,1102.14
2023-11-01,1,RJ,VOTORANTIM,100,100793.87
2023-11-01,1,RN,BANCO SICOOB,7,6991.41
2023-11-01,1,RN,BANRISUL,5,7172.74
2023-11-01,1,RN,BB,453,413616.84
2023-11-01,1,RN,BMG,492,582416.66
2023-11-01,1,RN,BRADESCO,171,165885.0
2023-11-01,1,RN,BRB,1,1984.17
2023-11-01,1,RN,BTG PACTUAL,456,512130.0
2023-11-01,1,RN,C6 BANK,3,1669.05
2023-11-01,1,RN,CAIXA ECONÔMICA FEDERAL,488,479599.92
2023-11-01,1,RN,INTER,1062,1111138.73
2023-11-01,1,RN,ITAU,199,190191.31
2023-11-01,1,RN,NUBANK,1475,1303865.16
2023-11-01,1,RN,SANTANDER,205,204752.0
2023-11-01,1,RN,VOTORANTIM,37,38618.55
2023-11-01,1,RO,BANCO SICOOB,15,27120.35
2023-11-01,1,RO,BB,302,301999.97
2023-11-01,1,RO,BMG,311,399530.31
2023-11-01,1,RO,BRADESCO,133,159334.58
2023-11-01,1,RO,BRB,1,322.15
2023-11-01,1,RO,BTG PACTUAL,345,468264.61
2023-11-01,1,RO,C.C. DO CENTRO DO ESTADO DE RONDÔNIA,12,8923.85
2023-11-01,1,RO,C6 BANK,2,3227.52
2023-11-01,1,RO,CAIXA ECONÔMICA FEDERAL,342,353883.54
2023-11-01,1,RO,CC INV DE RONDÔNIA - SICOOB CREDJURD,3,3797.76
2023-11-01,1,RO,CCLA DO CENTRO SUL RONDONIENSE,38,74114.57
2023-11-01,1,RO,INTER,567,666926.93
2023-11-01,1,RO,ITAU,142,167004.58
2023-11-01,1,RO,NUBANK,1251,1261322.53
2023-11-01,1,RO,SANTANDER,149,156660.24
2023-11-01,1,RO,SICOOB AMAZÔNIA,10,16192.39
2023-11-01,1,RO,SICOOB CREDISUL,16,16153.9
2023-11-01,1,RO,VOTORANTIM,14,18286.46
2023-11-01,1,RR,BB,94,94419.72
2023-11-01,1,RR,BMG,57,66268.58
2023-11-01,1,RR,BRADESCO,15,15361.15
2023-11-01,1,RR,BRB,1,869.65
2023-11-01,1,RR,BTG PACTUAL,63,90398.13
2023-11-01,1,RR,C6 BANK,1,1057.08
2023-11-01,1,RR,CAIXA ECONÔMICA FEDERAL,77,74164.22
2023-11-01,1,RR,INTER,160,211797.55
2023-11-01,1,RR,ITAU,36,38024.18
2023-11-01,1,RR,NUBANK,296,279091.65
2023-11-01,1,RR,SANTANDER,50,56646.29
2023-11-01,1,RR,VOTORANTIM,1,1219.01
2023-11-01,1,RS,BANCO SICOOB,24,24893.46
2023-11-01,1,RS,BANRISUL,827,914324.34
2023-11-01,1,RS,BB,593,539001.36
2023-11-01,1,RS,BMG,1653,2025637.72
2023-11-01,1,RS,BRADESCO,401,397674.23
2023-11-01,1,RS,BRB,7,12908.21
2023-11-01,1,RS,BTG PACTUAL,1556,1807752.51
2023-11-01,1,RS,C6 BANK,10,5268.22
2023-11-01,1,RS,CAIXA ECONÔMICA FEDERAL,1661,1716023.82
2023-11-01,1,RS,CC LITORÂNEA,1,679.01
2023-11-01,1,RS,CCLA MAXI ALFA,5,10714.37
2023-11-01,1,RS,CCLA SICOOB VALCREDI SUL,3,2290.5
2023-11-01,1,RS,CCLAA ITAIPU SICOOB CREDITAIPU,2,1689.02
2023-11-01,1,RS,INTER,2476,2939281.6
2023-11-01,1,RS,ITAU,690,662679.33
2023-11-01,1,RS,NUBANK,4283,4139284.92
2023-11-01,1,RS,SANTANDER,907,908940.99
2023-11-01,1,RS,VOTORANTIM,64,68549.63
2023-11-01,1,SC,BANCO SICOOB,43,53612.84
2023-11-01,1,SC,BANRISUL,25,21444.24
2023-11-01,1,SC,BB,376,358481.12
2023-11-01,1,SC,BMG,954,1220020.96
2023-11-01,1,SC,BRADESCO,263,268663.96
2023-11-01,1,SC,BRB,4,2607.13
2023-11-01,1,SC,BTG PACTUAL,873,1186504.69
2023-11-01,1,SC,C6 BANK,4,7280.49
2023-11-01,1,SC,CAIXA ECONÔMICA FEDERAL,656,744668.92
2023-11-01,1,SC,CC LITORÂNEA,5,7484.72
2023-11-01,1,SC,CCLA DO VALE,1,135.29
2023-11-01,1,SC,CCLA MAXI ALFA,31,56502.67
2023-11-01,1,SC,CCLA SICOOB VALCREDI SUL,6,3774.49
2023-11-01,1,SC,CCLAA ITAIPU SICOOB CREDITAIPU,2,2333.39
2023-11-01,1,SC,COOP NOVOS CAMPOS,2,723.76
2023-11-01,1,SC,INTER,1303,1681027.53
2023-11-01,1,SC,ITAU,384,409939.88
2023-11-01,1,SC,NUBANK,2161,2257692.86
2023-11-01,1,SC,SANTANDER,362,415866.97
2023-11-01,1,SC,SICOOB VALE DOS PINHAIS,2,1680.59
2023-11-01,1,SC,VOTORANTIM,30,39789.65
2023-11-01,1,SE,BANCO SICOOB,1,682.06
2023-11-01,1,SE,BANRISUL,4,3583.58
2023-11-01,1,SE,BB,189,146820.46
2023-11-01,1,SE,BMG,329,421808.29
2023-11-01,1,SE,BRADESCO,73,74957.55
2023-11-01,1,SE,BRB,4,3105.47
2023-11-01,1,SE,BTG PACTUAL,323,352505.09
2023-11-01,1,SE,C6 BANK,3,1269.9
2023-11-01,1,SE,CAIXA ECONÔMICA FEDERAL,363,359321.4
2023-11-01,1,SE,INTER,685,720393.09
2023-11-01,1,SE,ITAU,76,87801.32
2023-11-01,1,SE,NUBANK,926,864801.64
2023-11-01,1,SE,SANTANDER,126,114319.22
2023-11-01,1,SE,VOTORANTIM,12,12982.29
2023-11-01,1,SP,BANCO SICOOB,90,101697.48
2023-11-01,1,SP,BANRISUL,30,41314.49
2023-11-01,1,SP,BB,2904,2700253.9
2023-11-01,1,SP,BCO DO EST. DO PA S.A.,1,1751.79
2023-11-01,1,SP,BMG,8593,10544015.65
2023-11-01,1,SP,BRADESCO,3868,3801075.32
2023-11-01,1,SP,BRB,51,66788.0
2023-11-01,1,SP,BTG PACTUAL,8787,10370247.73
2023-11-01,1,SP,C6 BANK,51,60037.1
2023-11-01,1,SP,CAIXA ECONÔMICA FEDERAL,5583,5651256.24
2023-11-01,1,SP,CC SICOOB CREDICONQUISTA,1,2460.55
2023-11-01,1,SP,CCLA SICOOB ARENITO PARANÁ / SÃO PAULO,1,1743.82
2023-11-01,1,SP,CECM DOS PROFISSIONAIS DA SAUDE DA REG ALTA MOGIANA,1,3348.52
2023-11-01,1,SP,ITAU,7711,7801906.53
2023-11-01,1,SP,SANTANDER,6506,6514433.94
2023-11-01,1,SP,VOTORANTIM,358,411534.73
2023-11-01,1,TO,BANCO SICOOB,1,2091.8
2023-11-01,1,TO,BB,172,135930.25
2023-11-01,1,TO,BMG,149,174436.26
2023-11-01,1,TO,BRADESCO,64,64668.8
2023-11-01,1,TO,BRB,2,1960.21
2023-11-01,1,TO,BTG PACTUAL,120,130425.86
2023-11-01,1,TO,C6 BANK,2,3889.2
2023-11-01,1,TO,CAIXA ECONÔMICA FEDERAL,128,111853.56
2023-11-01,1,TO,CCLA SICOOB CREDIJUSTRA,1,220.97
2023-11-01,1,TO,INTER,322,355067.47
2023-11-01,1,TO,ITAU,49,61571.66
2023-11-01,1,TO,NUBANK,550,487102.22
2023-11-01,1,TO,SANTANDER,59,49773.68
2023-11-01,1,TO,VOTORANTIM,10,19232.78
2023-11-01,2,AC,BB,21,209588.73
2023-11-01,2,AC,BCO TRIANGULO S.A.,12,13644.22
2023-11-01,2,AC,BRADESCO,15,76612.61
2023-11-01,2,AC,BTG PACTUAL,4,38273.78
2023-11-01,2,AC,C6 BANK,9,10222.01
2023-11-01,2,AC,CAIXA ECONÔMICA FEDERAL,39,197864.08
2023-11-01,2,AC,INTER,5,16991.23
2023-11-01,2,AC,ITAU,17,160760.39
2023-11-01,2,AC,SANTANDER,40,122042.22
2023-11-01,2,AC,VOTORANTIM,3,48702.61
2023-11-01,2,AL,BB,48,338086.66
2023-11-01,2,AL,BCO TRIANGULO S.A.,14,15405.9
2023-11-01,2,AL,BRADESCO,30,156940.56
2023-11-01,2,AL,BTG PACTUAL,3,36058.82
2023-11-01,2,AL,C6 BANK,123,215825.0
2023-11-01,2,AL,CAIXA ECONÔMICA FEDERAL,145,375057.98
2023-11-01,2,AL,INTER,41,139448.12
2023-11-01,2,AL,ITAU,208,645838.02
2023-11-01,2,AL,SANTANDER,134,623293.93
2023-11-01,2,AL,VOTORANTIM,11,59776.94
2023-11-01,2,AM,BB,39,338585.74
2023-11-01,2,AM,BCO TRIANGULO S.A.,45,59819.61
2023-11-01,2,AM,BRADESCO,220,2086026.66
2023-11-01,2,AM,BTG PACTUAL,5,10765.69
2023-11-01,2,AM,C6 BANK,127,385117.17
2023-11-01,2,AM,CAIXA ECONÔMICA FEDERAL,97,266627.19
2023-11-01,2,AM,INTER,26,94325.45
2023-11-01,2,AM,ITAU,193,635777.81
2023-11-01,2,AM,SANTANDER,227,1303102.39
2023-11-01,2,AM,VOTORANTIM,21,151743.64
2023-11-01,2,AP,BB,36,403844.96
2023-11-01,2,AP,BCO TRIANGULO S.A.,1,1432.61
2023-11-01,2,AP,BRADESCO,12,121280.42
2023-11-01,2,AP,BTG PACTUAL,1,5957.15
2023-11-01,2,AP,C6 BANK,21,34045.83
2023-11-01,2,AP,CAIXA ECONÔMICA FEDERAL,44,145956.09
2023-11-01,2,AP,INTER,14,45107.21
2023-11-01,2,AP,ITAU,16,23567.86
2023-11-01,2,AP,SANTANDER,33,294477.88
2023-11-01,2,AP,VOTORANTIM,2,9300.25
2023-11-01,2,BA,BB,196,1402017.26
2023-11-01,2,BA,BCO TRIANGULO S.A.,76,103407.38
2023-11-01,2,BA,BRADESCO,447,2715035.83
2023-11-01,2,BA,BTG PACTUAL,21,63199.03
2023-11-01,2,BA,C6 BANK,550,1182942.95
2023-11-01,2,BA,CAIXA ECONÔMICA FEDERAL,645,1293367.9
2023-11-01,2,BA,INTER,145,568426.39
2023-11-01,2,BA,ITAU,1038,2730496.94
2023-11-01,2,BA,SANTANDER,1023,4499136.39
2023-11-01,2,BA,VOTORANTIM,42,212995.24
2023-11-01,2,CE,BB,139,1310103.95
2023-11-01,2,CE,BCO TRIANGULO S.A.,34,27362.62
2023-11-01,2,CE,BRADESCO,285,2520834.16
2023-11-01,2,CE,BTG PACTUAL,9,12371.67
2023-11-01,2,CE,C6 BANK,349,698780.99
2023-11-01,2,CE,CAIXA ECONÔMICA FEDERAL,367,878568.25
2023-11-01,2,CE,INTER,90,411583.08
2023-11-01,2,CE,ITAU,473,1440003.99
2023-11-01,2,CE,SANTANDER,536,2581739.09
2023-11-01,2,CE,VOTORANTIM,41,256833.9
2023-11-01,2,DF,BB,67,1088303.5
2023-11-01,2,DF,BCO TRIANGULO S.A.,10,17945.3
2023-11-01,2,DF,BRADESCO,114,715393.95
2023-11-01,2,DF,BTG PACTUAL,5,20722.71
2023-11-01,2,DF,C6 BANK,236,864325.79
2023-11-01,2,DF,CAIXA ECONÔMICA FEDERAL,259,976586.91
2023-11-01,2,DF,INTER,73,385043.86
2023-11-01,2,DF,ITAU,352,1046566.57
2023-11-01,2,DF,SANTANDER,273,1632972.0
2023-11-01,2,DF,VOTORANTIM,20,172275.2
2023-11-01,2,ES,BB,30,250093.33
2023-11-01,2,ES,BCO TRIANGULO S.A.,10,6454.28
2023-11-01,2,ES,BRADESCO,77,428274.09
2023-11-01,2,ES,BTG PACTUAL,1,1189.2
2023-11-01,2,ES,C6 BANK,124,239289.2
2023-11-01,2,ES,CAIXA ECONÔMICA FEDERAL,155,199219.39
2023-11-01,2,ES,INTER,60,256955.48
2023-11-01,2,ES,ITAU,212,453436.86
2023-11-01,2,ES,SANTANDER,187,962185.13
2023-11-01,2,ES,VOTORANTIM,20,96918.2
2023-11-01,2,GO,BB,120,1135248.28
2023-11-01,2,GO,BCO TRIANGULO S.A.,15,18658.6
2023-11-01,2,GO,BRADESCO,238,2264164.78
2023-11-01,2,GO,BTG PACTUAL,10,35993.32
2023-11-01,2,GO,C6 BANK,345,908948.52
2023-11-01,2,GO,CAIXA ECONÔMICA FEDERAL,514,1255853.52
2023-11-01,2,GO,INTER,94,475573.39
2023-11-01,2,GO,ITAU,485,1422082.58
2023-11-01,2,GO,SANTANDER,399,2399761.02
2023-11-01,2,GO,VOTORANTIM,40,377815.48
2023-11-01,2,MA,BB,187,1717220.14
2023-11-01,2,MA,BCO TRIANGULO S.A.,18,44460.07
2023-11-01,2,MA,BRADESCO,130,767873.35
2023-11-01,2,MA,BTG PACTUAL,2,10260.6
2023-11-01,2,MA,C6 BANK,115,200030.69
2023-11-01,2,MA,CAIXA ECONÔMICA FEDERAL,168,405851.65
2023-11-01,2,MA,INTER,34,132838.68
2023-11-01,2,MA,ITAU,183,497309.58
2023-11-01,2,MA,SANTANDER,172,897878.86
2023-11-01,2,MA,VOTORANTIM,21,167014.68
2023-11-01,2,MG,BB,211,1985013.19
2023-11-01,2,MG,BCO DO EST. DE SE S.A.,1,2721.29
2023-11-01,2,MG,BCO TRIANGULO S.A.,58,63010.05
2023-11-01,2,MG,BRADESCO,456,2931970.93
2023-11-01,2,MG,BTG PACTUAL,22,120090.75
2023-11-01,2,MG,C6 BANK,821,2020800.69
2023-11-01,2,MG,CAIXA ECONÔMICA FEDERAL,868,1747161.78
2023-11-01,2,MG,INTER,364,1452171.67
2023-11-01,2,MG,ITAU,1334,3639664.18
2023-11-01,2,MG,SANTANDER,1278,7286900.25
2023-11-01,2,MG,VOTORANTIM,148,1127588.5
2023-11-01,2,MS,BB,74,1019972.4
2023-11-01,2,MS,BCO TRIANGULO S.A.,22,22194.55
2023-11-01,2,MS,BRADESCO,135,1320979.08
2023-11-01,2,MS,BTG PACTUAL,1,924.35
2023-11-01,2,MS,C6 BANK,111,196322.61
2023-11-01,2,MS,CAIXA ECONÔMICA FEDERAL,140,269097.68
2023-11-01,2,MS,INTER,27,154824.38
2023-11-01,2,MS,ITAU,149,332028.99
2023-11-01,2,MS,SANTANDER,238,1582210.61
2023-11-01,2,MS,VOTORANTIM,46,412604.03
2023-11-01,2,MT,BB,86,749274.89
2023-11-01,2,MT,BCO TRIANGULO S.A.,14,18341.79
2023-11-01,2,MT,BRADESCO,126,995267.36
2023-11-01,2,MT,BTG PACTUAL,3,20915.15
2023-11-01,2,MT,C6 BANK,107,379196.63
2023-11-01,2,MT,CAIXA ECONÔMICA FEDERAL,144,335533.29
2023-11-01,2,MT,INTER,50,240770.59
2023-11-01,2,MT,ITAU,131,364363.8
2023-11-01,2,MT,SANTANDER,192,1089052.61
2023-11-01,2,MT,VOTORANTIM,35,305939.71
2023-11-01,2,PA,BB,127,1148576.76
2023-11-01,2,PA,BCO TRIANGULO S.A.,63,65450.56
2023-11-01,2,PA,BRADESCO,217,1768771.78
2023-11-01,2,PA,BTG PACTUAL,6,15195.67
2023-11-01,2,PA,C6 BANK,262,469610.46
2023-11-01,2,PA,CAIXA ECONÔMICA FEDERAL,242,429412.74
2023-11-01,2,PA,INTER,61,192860.0
2023-11-01,2,PA,ITAU,284,860947.97
2023-11-01,2,PA,SANTANDER,288,1357601.31
2023-11-01,2,PA,VOTORANTIM,37,423858.2
2023-11-01,2,PB,BB,56,355853.2
2023-11-01,2,PB,BCO TRIANGULO S.A.,26,20124.69
2023-11-01,2,PB,BRADESCO,151,1227952.84
2023-11-01,2,PB,BTG PACTUAL,4,4789.13
2023-11-01,2,PB,C6 BANK,128,422396.27
2023-11-01,2,PB,CAIXA ECONÔMICA FEDERAL,168,233883.34
2023-11-01,2,PB,INTER,42,134954.84
2023-11-01,2,PB,ITAU,232,705518.54
2023-11-01,2,PB,SANTANDER,164,770614.09
2023-11-01,2,PB,VOTORANTIM,24,123931.56
2023-11-01,2,PE,BB,102,804862.39
2023-11-01,2,PE,BCO TRIANGULO S.A.,59,53042.57
2023-11-01,2,PE,BRADESCO,304,2207667.85
2023-11-01,2,PE,BTG PACTUAL,13,27768.01
2023-11-01,2,PE,C6 BANK,388,707461.16
2023-11-01,2,PE,CAIXA ECONÔMICA FEDERAL,261,462087.45
2023-11-01,2,PE,INTER,90,396465.46
2023-11-01,2,PE,ITAU,628,1915097.1
2023-11-01,2,PE,SANTANDER,534,2460128.05
2023-11-01,2,PE,VOTORANTIM,40,245139.5
2023-11-01,2,PI,BB,85,544574.12
2023-11-01,2,PI,BCO TRIANGULO S.A.,5,7146.1
2023-11-01,2,PI,BRADESCO,47,394102.56
2023-11-01,2,PI,BTG PACTUAL,2,6094.1
2023-11-01,2,PI,C6 BANK,82,95422.16
2023-11-01,2,PI,CAIXA ECONÔMICA FEDERAL,179,503611.04
2023-11-01,2,PI,INTER,28,96882.17
2023-11-01,2,PI,ITAU,79,236483.48
2023-11-01,2,PI,SANTANDER,120,515887.46
2023-11-01,2,PI,VOTORANTIM,17,154954.12
2023-11-01,2,PR,BB,141,1148108.66
2023-11-01,2,PR,BCO TRIANGULO S.A.,38,71615.82
2023-11-01,2,PR,BRADESCO,371,3319273.47
2023-11-01,2,PR,BTG PACTUAL,7,36603.63
2023-11-01,2,PR,C6 BANK,786,1967270.34
2023-11-01,2,PR,CAIXA ECONÔMICA FEDERAL,668,2010071.6
2023-11-01,2,PR,INTER,123,506777.86
2023-11-01,2,PR,ITAU,869,2205767.72
2023-11-01,2,PR,SANTANDER,678,4015670.59
2023-11-01,2,PR,VOTORANTIM,109,784183.82
2023-11-01,2,RJ,BB,146,1617043.91
2023-11-01,2,RJ,BCO TRIANGULO S.A.,75,131202.5
2023-11-01,2,RJ,BRADESCO,904,7038209.93
2023-11-01,2,RJ,BTG PACTUAL,34,190950.94
2023-11-01,2,RJ,C6 BANK,1170,2374434.76
2023-11-01,2,RJ,CAIXA ECONÔMICA FEDERAL,737,1480011.98
2023-11-01,2,RJ,INTER,187,927688.91
2023-11-01,2,RJ,ITAU,2422,5822578.13
2023-11-01,2,RJ,SANTANDER,1701,10275577.54
2023-11-01,2,RJ,VOTORANTIM,128,1135232.87
2023-11-01,2,RN,BB,73,863112.64
2023-11-01,2,RN,BCO TRIANGULO S.A.,33,27333.35
2023-11-01,2,RN,BRADESCO,64,311202.43
2023-11-01,2,RN,BTG PACTUAL,10,22151.32
2023-11-01,2,RN,C6 BANK,133,168495.32
2023-11-01,2,RN,CAIXA ECONÔMICA FEDERAL,107,249661.43
2023-11-01,2,RN,INTER,46,167919.94
2023-11-01,2,RN,ITAU,185,510345.4
2023-11-01,2,RN,SANTANDER,143,649064.18
2023-11-01,2,RN,VOTORANTIM,24,125885.25
2023-11-01,2,RO,BB,39,365055.02
2023-11-01,2,RO,BCO TRIANGULO S.A.,5,9815.12
2023-11-01,2,RO,BRADESCO,38,225686.19
2023-11-01,2,RO,BTG PACTUAL,1,2725.76
2023-11-01,2,RO,C6 BANK,37,107995.34
2023-11-01,2,RO,CAIXA ECONÔMICA FEDERAL,75,82760.18
2023-11-01,2,RO,INTER,18,82033.93
2023-11-01,2,RO,ITAU,33,88124.92
2023-11-01,2,RO,SANTANDER,89,455191.48
2023-11-01,2,RO,VOTORANTIM,12,90917.96
2023-11-01,2,RR,BB,19,251418.23
2023-11-01,2,RR,BCO TRIANGULO S.A.,3,2028.29
2023-11-01,2,RR,BRADESCO,10,71023.12
2023-11-01,2,RR,BTG PACTUAL,5,11826.78
2023-11-01,2,RR,C6 BANK,16,40739.39
2023-11-01,2,RR,CAIXA ECONÔMICA FEDERAL,21,75337.84
2023-11-01,2,RR,INTER,5,44260.87
2023-11-01,2,RR,ITAU,14,16407.42
2023-11-01,2,RR,SANTANDER,18,98914.5
2023-11-01,2,RR,VOTORANTIM,1,3745.09
2023-11-01,2,RS,BB,101,1756130.84
2023-11-01,2,RS,BCO TRIANGULO S.A.,53,58233.17
2023-11-01,2,RS,BRADESCO,187,1525965.47
2023-11-01,2,RS,BTG PACTUAL,14,68734.53
2023-11-01,2,RS,C6 BANK,353,890613.53
2023-11-01,2,RS,CAIXA ECONÔMICA FEDERAL,594,1138581.28
2023-11-01,2,RS,INTER,82,385344.65
2023-11-01,2,RS,ITAU,742,1805794.33
2023-11-01,2,RS,SANTANDER,656,3696321.84
2023-11-01,2,RS,VOTORANTIM,76,476897.98
2023-11-01,2,SC,BB,109,892315.07
2023-11-01,2,SC,BCO TRIANGULO S.A.,40,58541.84
2023-11-01,2,SC,BRADESCO,213,1589638.79
2023-11-01,2,SC,BTG PACTUAL,13,47625.13
2023-11-01,2,SC,C6 BANK,404,787870.2
2023-11-01,2,SC,CAIXA ECONÔMICA FEDERAL,411,1065538.91
2023-11-01,2,SC,INTER,65,217476.04
2023-11-01,2,SC,ITAU,511,1326491.61
2023-11-01,2,SC,SANTANDER,303,2209580.4
2023-11-01,2,SC,VOTORANTIM,99,628997.31
2023-11-01,2,SE,BB,26,140396.66
2023-11-01,2,SE,BCO DO EST. DE SE S.A.,28,162722.5
2023-11-01,2,SE,BCO TRIANGULO S.A.,5,2039.52
2023-11-01,2,SE,BRADESCO,16,56038.31
2023-11-01,2,SE,BTG PACTUAL,1,2003.07
2023-11-01,2,SE,C6 BANK,72,200781.12
2023-11-01,2,SE,CAIXA ECONÔMICA FEDERAL,96,190128.34
2023-11-01,2,SE,INTER,15,81706.59
2023-11-01,2,SE,ITAU,102,271117.52
2023-11-01,2,SE,SANTANDER,69,300512.25
2023-11-01,2,SE,VOTORANTIM,14,97828.86
2023-11-01,2,SP,BB,463,4913044.59
2023-11-01,2,SP,BCO TRIANGULO S.A.,134,169478.55
2023-11-01,2,SP,BRADESCO,2363,19174266.7
2023-11-01,2,SP,BTG PACTUAL,84,338411.31
2023-11-01,2,SP,C6 BANK,3107,7027389.14
2023-11-01,2,SP,CAIXA ECONÔMICA FEDERAL,1872,3503524.07
2023-11-01,2,SP,INTER,637,3015870.68
2023-11-01,2,SP,ITAU,5383,14186700.86
2023-11-01,2,SP,SANTANDER,4632,27489705.06
2023-11-01,2,SP,VOTORANTIM,480,2829924.88
2023-11-01,2,TO,BB,43,311460.71
2023-11-01,2,TO,BCO TRIANGULO S.A.,6,8814.47
2023-11-01,2,TO,BRADESCO,30,185611.32
2023-11-01,2,TO,BTG PACTUAL,1,14408.27
2023-11-01,2,TO,C6 BANK,29,55214.43
2023-11-01,2,TO,CAIXA ECONÔMICA FEDERAL,51,105628.4
2023-11-01,2,TO,INTER,18,90385.01
2023-11-01,2,TO,ITAU,25,64862.44
2023-11-01,2,TO,SANTANDER,50,304549.6
2023-11-01,2,TO,VOTORANTIM,11,135896.25
2023-12-01,1,AC,BB,165,215279.61
2023-12-01,1,AC,BMG,25,59319.01
2023-12-01,1,AC,BRADESCO,13,11729.93
2023-12-01,1,AC,BRB,1,309.11
2023-12-01,1,AC,BTG PACTUAL,168,272048.74
2023-12-01,1,AC,C6 BANK,8,10973.13
2023-12-01,1,AC,CAIXA ECONÔMICA FEDERAL,162,172567.57
2023-12-01,1,AC,INTER,123,169463.32
2023-12-01,1,AC,ITAU,24,30649.94
2023-12-01,1,AC,NUBANK,283,343892.93
2023-12-01,1,AC,SANTANDER,61,60229.86
2023-12-01,1,AC,SICOOB CREDISUL,1,747.02
2023-12-01,1,AC,VOTORANTIM,2,1824.17
2023-12-01,1,AL,BANCO SICOOB,4,4302.43
2023-12-01,1,AL,BB,216,262586.29
2023-12-01,1,AL,BMG,139,177619.27
2023-12-01,1,AL,BRADESCO,74,74789.58
2023-12-01,1,AL,BRB,9,15396.36
2023-12-01,1,AL,BTG PACTUAL,510,616484.93
2023-12-01,1,AL,C6 BANK,50,49132.51
2023-12-01,1,AL,CAIXA ECONÔMICA FEDERAL,405,420314.93
2023-12-01,1,AL,INTER,485,586454.2
2023-12-01,1,AL,ITAU,120,120140.7
2023-12-01,1,AL,NUBANK,624,577366.07
2023-12-01,1,AL,SANTANDER,128,147956.58
2023-12-01,1,AL,SOC CC SICOOB COOPERE,1,708.8
2023-12-01,1,AL,VOTORANTIM,8,12815.0
2023-12-01,1,AM,BANCO SICOOB,7,8294.28
2023-12-01,1,AM,BANRISUL,5,15191.49
2023-12-01,1,AM,BB,293,391886.09
2023-12-01,1,AM,BMG,187,275647.37
2023-12-01,1,AM,BRADESCO,450,576666.55
2023-12-01,1,AM,BRB,7,4270.64
2023-12-01,1,AM,BTG PACTUAL,1077,1669191.21
2023-12-01,1,AM,C6 BANK,108,129901.15
2023-12-01,1,AM,CAIXA ECONÔMICA FEDERAL,635,744283.06
2023-12-01,1,AM,CCLA DO CENTRO SUL RONDONIENSE,1,1011.1
2023-12-01,1,AM,INTER,903,1211447.31
2023-12-01,1,AM,ITAU,424,540846.01
2023-12-01,1,AM,NUBANK,1579,1944807.36
2023-12-01,1,AM,SANTANDER,407,517350.29
2023-12-01,1,AM,SICOOB AMAZÔNIA,4,12502.72
2023-12-01,1,AM,VOTORANTIM,24,36563.81
2023-12-01,1,AP,BANCO SICOOB,4,4268.95
2023-12-01,1,AP,BANRISUL,2,5299.0
2023-12-01,1,AP,BB,96,99202.78
2023-12-01,1,AP,BMG,29,36189.91
2023-12-01,1,AP,BRADESCO,24,23990.84
2023-12-01,1,AP,BRB,1,1276.12
2023-12-01,1,AP,BTG PACTUAL,121,186795.72
2023-12-01,1,AP,C6 BANK,24,32160.42
2023-12-01,1,AP,CAIXA ECONÔMICA FEDERAL,55,52343.63
2023-12-01,1,AP,INTER,111,142093.84
2023-12-01,1,AP,ITAU,42,38559.05
2023-12-01,1,AP,NUBANK,185,185995.15
2023-12-01,1,AP,SANTANDER,45,42201.16
2023-12-01,1,AP,VOTORANTIM,1,393.56
2023-12-01,1,BA,BANCO SICOOB,19,28357.62
2023-12-01,1,BA,BANRISUL,4,4520.27
2023-12-01,1,BA,BB,1046,1171661.07
2023-12-01,1,BA,BMG,537,699131.25
2023-12-01,1,BA,BRADESCO,632,734488.53
2023-12-01,1,BA,BRB,23,31814.78
2023-12-01,1,BA,BTG PACTUAL,2483,3280899.24
2023-12-01,1,BA,C6 BANK,260,279649.72
2023-12-01,1,BA,CAIXA ECONÔMICA FEDERAL,1514,1546946.59
2023-12-01,1,BA,CC SICOOB COOPEC LTDA.,3,6858.32
2023-12-01,1,BA,CC SICOOB COOPEMAR,4,2974.25
2023-12-01,1,BA,CC SICOOB CREDCOOP,1,552.06
2023-12-01,1,BA,CC SICOOB CREDICONQUISTA,2,3118.29
2023-12-01,1,BA,CCLA MAXI ALFA,1,300.39
2023-12-01,1,BA,INTER,1793,2114830.46
2023-12-01,1,BA,ITAU,646,745391.27
2023-12-01,1,BA,NUBANK,2882,2947338.16
2023-12-01,1,BA,SANTANDER,734,750979.75
2023-12-01,1,BA,SOC CC SICOOB COOPERE,13,10706.5
2023-12-01,1,BA,VOTORANTIM,47,67021.58
2023-12-01,1,CE,BANCO SICOOB,4,3401.6
2023-12-01,1,CE,BANRISUL,7,11419.13
2023-12-01,1,CE,BB,850,1016279.29
2023-12-01,1,CE,BMG,392,480903.02
2023-12-01,1,CE,BRADESCO,528,538924.25
2023-12-01,1,CE,BRB,5,5781.73
2023-12-01,1,CE,BTG PACTUAL,2219,2843300.63
2023-12-01,1,CE,C6 BANK,208,241979.19
2023-12-01,1,CE,CAIXA ECONÔMICA FEDERAL,1224,1218447.0
2023-12-01,1,CE,CCLA DO VALE,1,1081.89
2023-12-01,1,CE,INTER,1980,2299851.56
2023-12-01,1,CE,ITAU,493,564070.4
2023-12-01,1,CE,NUBANK,2770,2945408.34
2023-12-01,1,CE,SANTANDER,632,662597.25
2023-12-01,1,CE,VOTORANTIM,32,42004.2
2023-12-01,1,DF,BANCO SICOOB,13,18094.23
2023-12-01,1,DF,BANRISUL,3,6104.16
2023-12-01,1,DF,BB,460,591978.2
2023-12-01,1,DF,BMG,238,326431.13
2023-12-01,1,DF,BRADESCO,88,86172.56
2023-12-01,1,DF,BRB,239,320363.27
2023-12-01,1,DF,BTG PACTUAL,1067,1558415.85
2023-12-01,1,DF,C6 BANK,103,112618.77
2023-12-01,1,DF,CAIXA ECONÔMICA FEDERAL,495,539880.27
2023-12-01,1,DF,CC DISTRITO FEDERAL E ENTORNO,3,4934.19
2023-12-01,1,DF,CCLA SICOOB CREDIJUSTRA,1,1503.14
2023-12-01,1,DF,COOP SICOOB EXECUTIVO LTDA.,1,1063.17
2023-12-01,1,DF,INTER,953,1292971.51
2023-12-01,1,DF,ITAU,311,356304.27
2023-12-01,1,DF,NUBANK,1247,1349688.08
2023-12-01,1,DF,SANTANDER,306,368168.31
2023-12-01,1,DF,SICOOB AMAZÔNIA,2,4932.65
2023-12-01,1,DF,SICOOB EMPRESARIAL,2,4546.68
2023-12-01,1,DF,VOTORANTIM,17,22883.98
2023-12-01,1,ES,BANCO SICOOB,52,75221.46
2023-12-01,1,ES,BANRISUL,1,4768.99
2023-12-01,1,ES,BB,185,229377.35
2023-12-01,1,ES,BMG,155,226694.39
2023-12-01,1,ES,BRADESCO,109,119207.01
2023-12-01,1,ES,BRB,4,11801.01
2023-12-01,1,ES,BTG PACTUAL,762,1102208.69
2023-12-01,1,ES,C6 BANK,51,62281.73
2023-12-01,1,ES,CAIXA ECONÔMICA FEDERAL,423,459339.23
2023-12-01,1,ES,CC INV DE RONDÔNIA - SICOOB CREDJURD,1,1426.85
2023-12-01,1,ES,INTER,535,720825.07
2023-12-01,1,ES,ITAU,210,289119.07
2023-12-01,1,ES,NUBANK,903,991798.89
2023-12-01,1,ES,SANTANDER,200,257173.17
2023-12-01,1,ES,VOTORANTIM,13,19020.63
2023-12-01,1,GO,BANCO SICOOB,17,22560.28
2023-12-01,1,GO,BANRISUL,6,10724.12
2023-12-01,1,GO,BB,406,549152.0
2023-12-01,1,GO,BMG,287,384221.14
2023-12-01,1,GO,BRADESCO,189,195491.67
2023-12-01,1,GO,BRB,57,74140.49
2023-12-01,1,GO,BTG PACTUAL,1387,1854295.77
2023-12-01,1,GO,C6 BANK,168,200328.53
2023-12-01,1,GO,CAIXA ECONÔMICA FEDERAL,678,698726.37
2023-12-01,1,GO,CC DISTRITO FEDERAL E ENTORNO,2,1750.68
2023-12-01,1,GO,CCLA CENTRO-SUL GOIANO,1,1115.7
2023-12-01,1,GO,COOP CENTRO NORTE BRASILEIRO,3,2921.87
2023-12-01,1,GO,INTER,1070,1421294.12
2023-12-01,1,GO,ITAU,531,641397.31
2023-12-01,1,GO,NUBANK,1470,1567989.86
2023-12-01,1,GO,SANTANDER,400,451944.04
2023-12-01,1,GO,SICOOB CREDISUL,1,364.68
2023-12-01,1,GO,VOTORANTIM,25,38197.68
2023-12-01,1,MA,BANCO SICOOB,7,12830.17
2023-12-01,1,MA,BANRISUL,5,7965.38
2023-12-01,1,MA,BB,730,814666.29
2023-12-01,1,MA,BCO DO EST. DO PA S.A.,1,3707.29
2023-12-01,1,MA,BMG,127,158746.99
2023-12-01,1,MA,BRADESCO,203,228980.78
2023-12-01,1,MA,BRB,5,3102.48
2023-12-01,1,MA,BTG PACTUAL,780,1013678.36
2023-12-01,1,MA,C6 BANK,73,74344.0
2023-12-01,1,MA,CAIXA ECONÔMICA FEDERAL,417,493411.36
2023-12-01,1,MA,INTER,618,687399.9
2023-12-01,1,MA,ITAU,174,197695.8
2023-12-01,1,MA,NUBANK,1160,1163893.28
2023-12-01,1,MA,SANTANDER,253,252452.9
2023-12-01,1,MA,VOTORANTIM,13,17415.37
2023-12-01,1,MG,BANCO SICOOB,152,209794.28
2023-12-01,1,MG,BANRISUL,9,16257.47
2023-12-01,1,MG,BB,1100,1451912.28
2023-12-01,1,MG,BMG,1074,1534741.11
2023-12-01,1,MG,BRADESCO,602,714494.71
2023-12-01,1,MG,BRB,16,23946.92
2023-12-01,1,MG,BTG PACTUAL,3545,5122802.89
2023-12-01,1,MG,C6 BANK,416,500514.76
2023-12-01,1,MG,CAIXA ECONÔMICA FEDERAL,2514,2911384.56
2023-12-01,1,MG,CC CREDIARA LTDA.,2,1789.09
2023-12-01,1,MG,CC CREDIESMERALDAS LTDA.,1,389.7
2023-12-01,1,MG,CC UNIÃO DO CENTRO OESTE DE MINAS,3,4418.24
2023-12-01,1,MG,CCLA MARGEM ESQUERDA DO URUCUI,4,4417.57
2023-12-01,1,MG,CCLA REG. CTR. E OESTE MINEIRO,2,3494.47
2023-12-01,1,MG,CCLA UNIÃO CENTRO OESTE MINAS,6,10653.74
2023-12-01,1,MG,CECM EMPR EST HOSP BH RM ZM,1,218.31
2023-12-01,1,MG,INTER,4257,5401508.18
2023-12-01,1,MG,ITAU,1487,1884975.58
2023-12-01,1,MG,NUBANK,4048,4765579.62
2023-12-01,1,MG,SANTANDER,1153,1365056.76
2023-12-01,1,MG,VOTORANTIM,57,99669.0
2023-12-01,1,MS,BANCO SICOOB,15,18155.68
2023-12-01,1,MS,BANRISUL,2,5689.72
2023-12-01,1,MS,BB,376,489708.52
2023-12-01,1,MS,BMG,157,236648.07
2023-12-01,1,MS,BRADESCO,241,294242.51
2023-12-01,1,MS,BRB,2,1991.15
2023-12-01,1,MS,BTG PACTUAL,857,1196731.85
2023-12-01,1,MS,C6 BANK,94,122089.18
2023-12-01,1,MS,CAIXA ECONÔMICA FEDERAL,594,682845.92
2023-12-01,1,MS,INTER,492,636730.76
2023-12-01,1,MS,ITAU,169,220585.89
2023-12-01,1,MS,NUBANK,1070,1199268.09
2023-12-01,1,MS,SANTANDER,253,282612.36
2023-12-01,1,MS,VOTORANTIM,15,23582.21
2023-12-01,1,MT,BANCO SICOOB,22,38803.26
2023-12-01,1,MT,BANRISUL,6,13306.29
2023-12-01,1,MT,BB,438,631197.84
2023-12-01,1,MT,BMG,214,348717.13
2023-12-01,1,MT,BRADESCO,183,259903.96
2023-12-01,1,MT,BRB,7,6220.97
2023-12-01,1,MT,BTG PACTUAL,916,1476554.9
2023-12-01,1,MT,C6 BANK,104,145378.8
2023-12-01,1,MT,CAIXA ECONÔMICA FEDERAL,406,588081.61
2023-12-01,1,MT,CCLA DO CENTRO SUL RONDONIENSE,2,4918.32
2023-12-01,1,MT,CCLA NORTE DE MATO GROSSO - SICOOB NORTE MT,4,5862.45
2023-12-01,1,MT,INTER,571,827368.95
2023-12-01,1,MT,ITAU,178,247104.06
2023-12-01,1,MT,NUBANK,994,1397309.65
2023-12-01,1,MT,SANTANDER,255,341503.76
2023-12-01,1,MT,SICOOB CREDISUL,6,8661.14
2023-12-01,1,MT,VOTORANTIM,24,27578.32
2023-12-01,1,PA,BANCO SICOOB,4,7292.23
2023-12-01,1,PA,BANRISUL,2,1998.13
2023-12-01,1,PA,BB,624,683908.64
2023-12-01,1,PA,BCO DO EST. DO PA S.A.,20,56875.66
2023-12-01,1,PA,BMG,220,288101.97
2023-12-01,1,PA,BRADESCO,272,278799.36
2023-12-01,1,PA,BRB,6,9087.14
2023-12-01,1,PA,BTG PACTUAL,1218,1520458.04
2023-12-01,1,PA,C6 BANK,165,201756.91
2023-12-01,1,PA,CAIXA ECONÔMICA FEDERAL,586,528687.23
2023-12-01,1,PA,CCLA SICOOB CREDIJUSTRA,1,860.71
2023-12-01,1,PA,INTER,1107,1277014.55
2023-12-01,1,PA,ITAU,354,413239.93
2023-12-01,1,PA,NUBANK,1710,1655892.18
2023-12-01,1,PA,SANTANDER,405,385282.6
2023-12-01,1,PA,VOTORANTIM,28,34560.59
2023-12-01,1,PB,BANCO SICOOB,7,9078.39
2023-12-01,1,PB,BANRISUL,3,1519.61
2023-12-01,1,PB,BB,365,450851.02
2023-12-01,1,PB,BMG,170,225834.58
2023-12-01,1,PB,BRADESCO,184,200767.12
2023-12-01,1,PB,BRB,38,47755.8
2023-12-01,1,PB,BTG PACTUAL,892,1188805.19
2023-12-01,1,PB,C6 BANK,66,66542.86
2023-12-01,1,PB,CAIXA ECONÔMICA FEDERAL,547,571728.16
2023-12-01,1,PB,INTER,677,835107.44
2023-12-01,1,PB,ITAU,160,200486.13
2023-12-01,1,PB,NUBANK,1071,1223064.72
2023-12-01,1,PB,SANTANDER,206,215696.9
2023-12-01,1,PB,VOTORANTIM,22,22089.71
2023-12-01,1,PE,BANCO SICOOB,6,8999.47
2023-12-01,1,PE,BANRISUL,2,2018.86
2023-12-01,1,PE,BB,591,721790.66
2023-12-01,1,PE,BMG,394,548645.34
2023-12-01,1,PE,BRADESCO,407,474879.85
2023-12-01,1,PE,BRB,7,9450.88
2023-12-01,1,PE,BTG PACTUAL,1875,2549729.11
2023-12-01,1,PE,C6 BANK,169,187766.48
2023-12-01,1,PE,CAIXA ECONÔMICA FEDERAL,1109,1164535.02
2023-12-01,1,PE,INTER,1480,1826264.96
2023-12-01,1,PE,ITAU,561,658591.91
2023-12-01,1,PE,NUBANK,2210,2276326.53
2023-12-01,1,PE,SANTANDER,620,699636.84
2023-12-01,1,PE,VOTORANTIM,31,35261.15
2023-12-01,1,PI,BANRISUL,1,1558.48
2023-12-01,1,PI,BB,439,547702.11
2023-12-01,1,PI,BMG,121,192200.1
2023-12-01,1,PI,BRADESCO,98,124125.31
2023-12-01,1,PI,BRB,9,12594.93
2023-12-01,1,PI,BTG PACTUAL,660,983923.94
2023-12-01,1,PI,C6 BANK,51,56950.9
2023-12-01,1,PI,CAIXA ECONÔMICA FEDERAL,439,481406.02
2023-12-01,1,PI,INTER,472,593069.21
2023-12-01,1,PI,ITAU,101,118777.97
2023-12-01,1,PI,NUBANK,923,1062156.7
2023-12-01,1,PI,SANTANDER,136,145294.57
2023-12-01,1,PI,VOTORANTIM,11,13832.88
2023-12-01,1,PR,BANCO SICOOB,49,63042.42
2023-12-01,1,PR,BANRISUL,11,21645.08
2023-12-01,1,PR,BB,576,759026.06
2023-12-01,1,PR,BMG,419,632195.5
2023-12-01,1,PR,BRADESCO,344,443279.56
2023-12-01,1,PR,BRB,12,14113.01
2023-12-01,1,PR,BTG PACTUAL,2251,3175344.73
2023-12-01,1,PR,C6 BANK,296,336148.93
2023-12-01,1,PR,CAIXA ECONÔMICA FEDERAL,1098,1222245.1
2023-12-01,1,PR,CCLA DO CENTRO SUL RONDONIENSE,1,1195.73
2023-12-01,1,PR,CCLA SICOOB ARENITO PARANÁ / SÃO PAULO,3,3437.91
2023-12-01,1,PR,CCLA SICOOB VALCREDI SUL,2,6862.82
2023-12-01,1,PR,INTER,1337,1856976.27
2023-12-01,1,PR,ITAU,766,920742.92
2023-12-01,1,PR,NUBANK,2405,2767040.86
2023-12-01,1,PR,SANTANDER,553,676682.51
2023-12-01,1,PR,SICOOB CREDISUL,2,6489.83
2023-12-01,1,PR,VOTORANTIM,29,38300.22
2023-12-01,1,RJ,BANCO SICOOB,30,39720.65
2023-12-01,1,RJ,BANRISUL,16,22987.94
2023-12-01,1,RJ,BB,887,1089530.19
2023-12-01,1,RJ,BMG,858,1175930.67
2023-12-01,1,RJ,BRADESCO,963,1011891.89
2023-12-01,1,RJ,BRB,43,56612.43
2023-12-01,1,RJ,BTG PACTUAL,4256,5467162.8
2023-12-01,1,RJ,C6 BANK,640,703296.51
2023-12-01,1,RJ,CAIXA ECONÔMICA FEDERAL,2309,2332865.7
2023-12-01,1,RJ,INTER,3234,3932436.96
2023-12-01,1,RJ,ITAU,2783,3007708.92
2023-12-01,1,RJ,NUBANK,5376,5423780.32
2023-12-01,1,RJ,SANTANDER,2106,2244810.4
2023-12-01,1,RJ,VOTORANTIM,64,90681.49
2023-12-01,1,RN,BANCO SICOOB,10,17306.52
2023-12-01,1,RN,BANRISUL,2,4730.15
2023-12-01,1,RN,BB,430,517264.56
2023-12-01,1,RN,BMG,153,238423.03
2023-12-01,1,RN,BRADESCO,96,103145.57
2023-12-01,1,RN,BRB,6,7884.32
2023-12-01,1,RN,BTG PACTUAL,710,940747.55
2023-12-01,1,RN,C6 BANK,61,70230.15
2023-12-01,1,RN,CAIXA ECONÔMICA FEDERAL,402,385231.28
2023-12-01,1,RN,INTER,537,669073.44
2023-12-01,1,RN,ITAU,161,177530.15
2023-12-01,1,RN,NUBANK,850,903379.99
2023-12-01,1,RN,SANTANDER,170,182426.34
2023-12-01,1,RN,VOTORANTIM,22,24931.57
2023-12-01,1,RO,BANCO SICOOB,10,14595.12
2023-12-01,1,RO,BB,297,407231.33
2023-12-01,1,RO,BMG,85,133192.99
2023-12-01,1,RO,BRADESCO,86,87920.43
2023-12-01,1,RO,BRB,2,3791.37
2023-12-01,1,RO,BTG PACTUAL,485,761919.13
2023-12-01,1,RO,C.C. DO CENTRO DO ESTADO DE RONDÔNIA,10,10737.61
2023-12-01,1,RO,C6 BANK,46,56259.53
2023-12-01,1,RO,CAIXA ECONÔMICA FEDERAL,316,403864.92
2023-12-01,1,RO,CC INV DE RONDÔNIA - SICOOB CREDJURD,4,10071.65
2023-12-01,1,RO,CCLA DO CENTRO SUL RONDONIENSE,26,35871.08
2023-12-01,1,RO,INTER,331,500682.72
2023-12-01,1,RO,ITAU,86,127321.4
2023-12-01,1,RO,NUBANK,758,954756.55
2023-12-01,1,RO,SANTANDER,169,232458.29
2023-12-01,1,RO,SICOOB AMAZÔNIA,11,18890.43
2023-12-01,1,RO,SICOOB CREDISUL,14,30871.92
2023-12-01,1,RO,VOTORANTIM,16,22120.33
2023-12-01,1,RR,BANRISUL,1,626.01
2023-12-01,1,RR,BB,94,111944.08
2023-12-01,1,RR,BMG,17,28867.33
2023-12-01,1,RR,BRADESCO,9,12494.04
2023-12-01,1,RR,BTG PACTUAL,114,153491.96
2023-12-01,1,RR,C6 BANK,19,16659.5
2023-12-01,1,RR,CAIXA ECONÔMICA FEDERAL,51,53061.58
2023-12-01,1,RR,CCLA DE RORAIMA LTDA.,1,1996.19
2023-12-01,1,RR,INTER,100,133918.52
2023-12-01,1,RR,ITAU,31,37912.8
2023-12-01,1,RR,NUBANK,184,204133.4
2023-12-01,1,RR,SANTANDER,40,64579.79
2023-12-01,1,RR,SICOOB CREDISUL,1,4374.9
2023-12-01,1,RR,VOTORANTIM,2,1378.52
2023-12-01,1,RS,BANCO SICOOB,18,23947.37
2023-12-01,1,RS,BANRISUL,705,835289.8
2023-12-01,1,RS,BB,551,676553.46
2023-12-01,1,RS,BMG,412,565563.54
2023-12-01,1,RS,BRADESCO,260,303333.91
2023-12-01,1,RS,BRB,4,4993.15
2023-12-01,1,RS,BTG PACTUAL,2091,2858543.5
2023-12-01,1,RS,C6 BANK,225,259260.94
2023-12-01,1,RS,CAIXA ECONÔMICA FEDERAL,1365,1430095.13
2023-12-01,1,RS,CCLA MAXI ALFA,2,1923.63
2023-12-01,1,RS,CCLAA ITAIPU SICOOB CREDITAIPU,1,1399.5
2023-12-01,1,RS,INTER,1370,1867151.51
2023-12-01,1,RS,ITAU,474,562935.77
2023-12-01,1,RS,NUBANK,2413,2531462.19
2023-12-01,1,RS,SANTANDER,758,817026.62
2023-12-01,1,RS,VOTORANTIM,38,49111.57
2023-12-01,1,SC,BANCO SICOOB,31,32869.35
2023-12-01,1,SC,BANRISUL,16,20557.8
2023-12-01,1,SC,BB,430,540684.21
2023-12-01,1,SC,BMG,257,369042.04
2023-12-01,1,SC,BRADESCO,182,228919.28
2023-12-01,1,SC,BRB,6,7781.78
2023-12-01,1,SC,BTG PACTUAL,1372,2110113.98
2023-12-01,1,SC,C6 BANK,197,251398.15
2023-12-01,1,SC,CAIXA ECONÔMICA FEDERAL,632,796066.54
2023-12-01,1,SC,CC LITORÂNEA,7,11929.11
2023-12-01,1,SC,CCLA DO VALE,2,2826.94
2023-12-01,1,SC,CCLA MAXI ALFA,23,46825.54
2023-12-01,1,SC,CCLAA ITAIPU SICOOB CREDITAIPU,2,4793.2
2023-12-01,1,SC,COOP NOVOS CAMPOS,1,1903.99
2023-12-01,1,SC,INTER,843,1211962.6
2023-12-01,1,SC,ITAU,293,389434.03
2023-12-01,1,SC,NUBANK,1423,1805298.59
2023-12-01,1,SC,SANTANDER,345,443879.93
2023-12-01,1,SC,SICOOB CREDISUL,1,3305.35
2023-12-01,1,SC,VOTORANTIM,18,23975.42
2023-12-01,1,SE,BANCO SICOOB,1,2502.58
2023-12-01,1,SE,BANRISUL,2,4195.04
2023-12-01,1,SE,BB,158,177641.98
2023-12-01,1,SE,BMG,144,204767.34
2023-12-01,1,SE,BRADESCO,49,48745.49
2023-12-01,1,SE,BRB,2,2251.26
2023-12-01,1,SE,BTG PACTUAL,468,560463.78
2023-12-01,1,SE,C6 BANK,37,35340.38
2023-12-01,1,SE,CAIXA ECONÔMICA FEDERAL,304,356751.01
2023-12-01,1,SE,INTER,359,427424.22
2023-12-01,1,SE,ITAU,53,61824.04
2023-12-01,1,SE,NUBANK,553,592398.17
2023-12-01,1,SE,SANTANDER,80,93131.66
2023-12-01,1,SE,VOTORANTIM,8,6529.44
2023-12-01,1,SP,BANCO SICOOB,65,78568.7
2023-12-01,1,SP,BANRISUL,36,69752.18
2023-12-01,1,SP,BB,2599,3315068.26
2023-12-01,1,SP,BMG,2261,3077841.67
2023-12-01,1,SP,BRADESCO,2569,2818769.45
2023-12-01,1,SP,BRB,30,33604.06
2023-12-01,1,SP,C6 BANK,1535,1755887.37
2023-12-01,1,SP,CAIXA ECONÔMICA FEDERAL,4421,4811202.68
2023-12-01,1,SP,CCLA SICOOB ARENITO PARANÁ / SÃO PAULO,2,1195.02
2023-12-01,1,SP,CECM DOS PROFISSIONAIS DA SAUDE DA REG ALTA MOGIANA,1,1063.25
2023-12-01,1,SP,INTER,7370,9621285.57
2023-12-01,1,SP,ITAU,5448,6271591.65
2023-12-01,1,SP,SANTANDER,5003,5633324.86
2023-12-01,1,SP,VOTORANTIM,208,289608.46
2023-12-01,1,TO,BANCO SICOOB,5,5357.44
2023-12-01,1,TO,BB,172,183351.18
2023-12-01,1,TO,BMG,38,47480.59
2023-12-01,1,TO,BRADESCO,47,44360.54
2023-12-01,1,TO,BRB,4,4763.75
2023-12-01,1,TO,BTG PACTUAL,193,285177.64
2023-12-01,1,TO,C6 BANK,24,29492.82
2023-12-01,1,TO,CAIXA ECONÔMICA FEDERAL,110,111509.53
2023-12-01,1,TO,INTER,166,207918.59
2023-12-01,1,TO,ITAU,38,51608.2
2023-12-01,1,TO,NUBANK,325,326929.64
2023-12-01,1,TO,SANTANDER,57,68222.16
2023-12-01,1,TO,VOTORANTIM,8,8535.71
2023-12-01,2,AC,BB,14,654156.27
2023-12-01,2,AC,BCO TRIANGULO S.A.,39,46198.92
2023-12-01,2,AC,BRADESCO,10,49368.24
2023-12-01,2,AC,BTG PACTUAL,1,2181.54
2023-12-01,2,AC,C6 BANK,2,983.4
2023-12-01,2,AC,CAIXA ECONÔMICA FEDERAL,19,33782.59
2023-12-01,2,AC,ITAU,28,143372.27
2023-12-01,2,AC,SANTANDER,36,160847.24
2023-12-01,2,AC,VOTORANTIM,10,28356.97
2023-12-01,2,AL,BB,38,392802.59
2023-12-01,2,AL,BCO TRIANGULO S.A.,63,47956.07
2023-12-01,2,AL,BRADESCO,36,161741.18
2023-12-01,2,AL,BTG PACTUAL,1,690.67
2023-12-01,2,AL,C6 BANK,10,155304.86
2023-12-01,2,AL,CAIXA ECONÔMICA FEDERAL,137,291528.24
2023-12-01,2,AL,ITAU,255,731256.92
2023-12-01,2,AL,SANTANDER,48,182278.05
2023-12-01,2,AL,VOTORANTIM,43,144857.7
2023-12-01,2,AM,BB,31,244429.62
2023-12-01,2,AM,BCO TRIANGULO S.A.,123,112710.47
2023-12-01,2,AM,BRADESCO,133,1376532.19
2023-12-01,2,AM,BTG PACTUAL,4,5859.57
2023-12-01,2,AM,C6 BANK,20,82669.65
2023-12-01,2,AM,CAIXA ECONÔMICA FEDERAL,86,170715.72
2023-12-01,2,AM,INTER,1,11203.85
2023-12-01,2,AM,ITAU,224,444043.79
2023-12-01,2,AM,SANTANDER,113,363613.48
2023-12-01,2,AM,VOTORANTIM,40,194084.98
2023-12-01,2,AP,BB,25,117655.76
2023-12-01,2,AP,BCO DO EST. DO PA S.A.,1,21530.16
2023-12-01,2,AP,BCO TRIANGULO S.A.,9,11072.83
2023-12-01,2,AP,BRADESCO,5,64333.09
2023-12-01,2,AP,BTG PACTUAL,1,7177.47
2023-12-01,2,AP,C6 BANK,4,7069.93
2023-12-01,2,AP,CAIXA ECONÔMICA FEDERAL,27,69982.82
2023-12-01,2,AP,ITAU,24,57642.35
2023-12-01,2,AP,SANTANDER,20,41365.57
2023-12-01,2,AP,VOTORANTIM,7,22990.26
2023-12-01,2,BA,BB,172,1481438.69
2023-12-01,2,BA,BCO DO EST. DE SE S.A.,2,9853.24
2023-12-01,2,BA,BCO TRIANGULO S.A.,178,207286.01
2023-12-01,2,BA,BRADESCO,224,1775520.04
2023-12-01,2,BA,BTG PACTUAL,13,32048.86
2023-12-01,2,BA,C6 BANK,64,418871.95
2023-12-01,2,BA,CAIXA ECONÔMICA FEDERAL,484,786628.03
2023-12-01,2,BA,INTER,2,4988.11
2023-12-01,2,BA,ITAU,989,2824992.65
2023-12-01,2,BA,SANTANDER,407,2060225.52
2023-12-01,2,BA,VOTORANTIM,124,496309.91
2023-12-01,2,CE,BB,115,1152775.49
2023-12-01,2,CE,BCO TRIANGULO S.A.,71,58684.5
2023-12-01,2,CE,BRADESCO,132,1139984.84
2023-12-01,2,CE,BTG PACTUAL,14,47100.54
2023-12-01,2,CE,C6 BANK,45,220756.32
2023-12-01,2,CE,CAIXA ECONÔMICA FEDERAL,263,306009.35
2023-12-01,2,CE,INTER,2,8145.64
2023-12-01,2,CE,ITAU,632,1502245.95
2023-12-01,2,CE,SANTANDER,214,875097.36
2023-12-01,2,CE,VOTORANTIM,115,541574.01
2023-12-01,2,DF,BB,72,1018603.18
2023-12-01,2,DF,BCO TRIANGULO S.A.,16,19013.88
2023-12-01,2,DF,BRADESCO,61,177998.33
2023-12-01,2,DF,BTG PACTUAL,7,12558.69
2023-12-01,2,DF,C6 BANK,27,245108.14
2023-12-01,2,DF,CAIXA ECONÔMICA FEDERAL,186,390338.83
2023-12-01,2,DF,INTER,2,22605.75
2023-12-01,2,DF,ITAU,405,1246218.89
2023-12-01,2,DF,SANTANDER,124,922033.86
2023-12-01,2,DF,VOTORANTIM,57,301085.69
2023-12-01,2,ES,BB,42,453567.21
2023-12-01,2,ES,BCO TRIANGULO S.A.,45,55969.43
2023-12-01,2,ES,BRADESCO,31,253309.53
2023-12-01,2,ES,BTG PACTUAL,4,8360.44
2023-12-01,2,ES,C6 BANK,24,116171.25
2023-12-01,2,ES,CAIXA ECONÔMICA FEDERAL,112,217566.55
2023-12-01,2,ES,INTER,1,2881.34
2023-12-01,2,ES,ITAU,247,587426.67
2023-12-01,2,ES,SANTANDER,136,534792.3
2023-12-01,2,ES,VOTORANTIM,55,317076.17
2023-12-01,2,GO,BB,106,792831.71
2023-12-01,2,GO,BCO TRIANGULO S.A.,42,58141.59
2023-12-01,2,GO,BRADESCO,102,539527.34
2023-12-01,2,GO,BTG PACTUAL,7,17057.53
2023-12-01,2,GO,C6 BANK,42,199773.98
2023-12-01,2,GO,CAIXA ECONÔMICA FEDERAL,356,634692.54
2023-12-01,2,GO,INTER,3,21408.33
2023-12-01,2,GO,ITAU,609,1532664.8
2023-12-01,2,GO,SANTANDER,208,1291451.0
2023-12-01,2,GO,VOTORANTIM,105,619836.77
2023-12-01,2,MA,BB,140,1287875.9
2023-12-01,2,MA,BCO DO NORDESTE DO BRASIL S.A.,1,6214.71
2023-12-01,2,MA,BCO TRIANGULO S.A.,64,134081.85
2023-12-01,2,MA,BRADESCO,86,904670.41
2023-12-01,2,MA,C6 BANK,15,32021.68
2023-12-01,2,MA,CAIXA ECONÔMICA FEDERAL,135,263869.0
2023-12-01,2,MA,ITAU,183,564699.3
2023-12-01,2,MA,SANTANDER,123,796370.74
2023-12-01,2,MA,VOTORANTIM,54,225509.19
2023-12-01,2,MG,BB,235,2640664.76
2023-12-01,2,MG,BCO TRIANGULO S.A.,189,189515.41
2023-12-01,2,MG,BRADESCO,245,1735507.15
2023-12-01,2,MG,BTG PACTUAL,23,45674.95
2023-12-01,2,MG,C6 BANK,101,728325.47
2023-12-01,2,MG,CAIXA ECONÔMICA FEDERAL,651,911580.67
2023-12-01,2,MG,INTER,9,31758.25
2023-12-01,2,MG,ITAU,1590,3960434.71
2023-12-01,2,MG,SANTANDER,660,3494505.45
2023-12-01,2,MG,VOTORANTIM,374,1461174.84
2023-12-01,2,MS,BB,78,892985.51
2023-12-01,2,MS,BCO TRIANGULO S.A.,43,39700.43
2023-12-01,2,MS,BRADESCO,71,697523.57
2023-12-01,2,MS,BTG PACTUAL,1,4845.71
2023-12-01,2,MS,C6 BANK,18,73931.43
2023-12-01,2,MS,CAIXA ECONÔMICA FEDERAL,97,194850.04
2023-12-01,2,MS,INTER,1,1685.53
2023-12-01,2,MS,ITAU,184,464104.64
2023-12-01,2,MS,SANTANDER,149,647542.82
2023-12-01,2,MS,VOTORANTIM,115,609727.36
2023-12-01,2,MT,BB,93,797406.39
2023-12-01,2,MT,BCO DO EST. DO PA S.A.,1,5475.22
2023-12-01,2,MT,BCO TRIANGULO S.A.,39,42802.1
2023-12-01,2,MT,BRADESCO,65,658191.3
2023-12-01,2,MT,BTG PACTUAL,3,25382.62
2023-12-01,2,MT,C6 BANK,22,47529.93
2023-12-01,2,MT,CAIXA ECONÔMICA FEDERAL,141,315445.04
2023-12-01,2,MT,ITAU,161,339297.95
2023-12-01,2,MT,SANTANDER,126,690794.2
2023-12-01,2,MT,VOTORANTIM,94,645021.1
2023-12-01,2,PA,BB,94,761209.52
2023-12-01,2,PA,BCO DO EST. DO PA S.A.,32,470867.03
2023-12-01,2,PA,BCO TRIANGULO S.A.,168,180885.42
2023-12-01,2,PA,BRADESCO,120,815846.58
2023-12-01,2,PA,BTG PACTUAL,5,64497.08
2023-12-01,2,PA,C6 BANK,25,88437.46
2023-12-01,2,PA,CAIXA ECONÔMICA FEDERAL,206,270128.35
2023-12-01,2,PA,ITAU,346,827079.13
2023-12-01,2,PA,SANTANDER,192,1143847.46
2023-12-01,2,PA,VOTORANTIM,59,294018.18
2023-12-01,2,PB,BB,53,505584.65
2023-12-01,2,PB,BCO TRIANGULO S.A.,78,77816.93
2023-12-01,2,PB,BRADESCO,80,865643.94
2023-12-01,2,PB,BTG PACTUAL,4,18389.3
2023-12-01,2,PB,C6 BANK,16,181353.17
2023-12-01,2,PB,CAIXA ECONÔMICA FEDERAL,109,161304.49
2023-12-01,2,PB,ITAU,296,781108.72
2023-12-01,2,PB,SANTANDER,106,841663.83
2023-12-01,2,PB,VOTORANTIM,75,384288.5
2023-12-01,2,PE,BB,80,491433.53
2023-12-01,2,PE,BCO TRIANGULO S.A.,132,106410.69
2023-12-01,2,PE,BRADESCO,182,2169925.68
2023-12-01,2,PE,BTG PACTUAL,11,31746.75
2023-12-01,2,PE,C6 BANK,48,291548.55
2023-12-01,2,PE,CAIXA ECONÔMICA FEDERAL,208,381798.91
2023-12-01,2,PE,ITAU,819,2300588.93
2023-12-01,2,PE,SANTANDER,296,1289985.74
2023-12-01,2,PE,VOTORANTIM,83,258008.13
2023-12-01,2,PI,BB,87,599736.84
2023-12-01,2,PI,BCO TRIANGULO S.A.,18,16418.21
2023-12-01,2,PI,BRADESCO,28,302428.09
2023-12-01,2,PI,BTG PACTUAL,5,10639.09
2023-12-01,2,PI,C6 BANK,8,116485.23
2023-12-01,2,PI,CAIXA ECONÔMICA FEDERAL,144,313315.12
2023-12-01,2,PI,ITAU,137,349700.74
2023-12-01,2,PI,SANTANDER,71,272841.4
2023-12-01,2,PI,VOTORANTIM,37,188973.29
2023-12-01,2,PR,BB,131,1197079.65
2023-12-01,2,PR,BCO TRIANGULO S.A.,112,200141.14
2023-12-01,2,PR,BRADESCO,197,1451544.63
2023-12-01,2,PR,BTG PACTUAL,6,15532.91
2023-12-01,2,PR,C6 BANK,88,534484.93
2023-12-01,2,PR,CAIXA ECONÔMICA FEDERAL,461,1002095.24
2023-12-01,2,PR,ITAU,1019,2491456.84
2023-12-01,2,PR,SANTANDER,399,2692260.34
2023-12-01,2,PR,VOTORANTIM,326,1811221.86
2023-12-01,2,RJ,BB,159,1810632.35
2023-12-01,2,RJ,BCO TRIANGULO S.A.,168,280777.24
2023-12-01,2,RJ,BRADESCO,490,4673589.37
2023-12-01,2,RJ,BTG PACTUAL,27,63835.23
2023-12-01,2,RJ,C6 BANK,181,1034797.7
2023-12-01,2,RJ,CAIXA ECONÔMICA FEDERAL,512,959450.43
2023-12-01,2,RJ,INTER,4,16897.1
2023-12-01,2,RJ,ITAU,3072,6903231.62
2023-12-01,2,RJ,SANTANDER,999,5556113.11
2023-12-01,2,RJ,VOTORANTIM,328,1448653.64
2023-12-01,2,RN,BB,75,849677.1
2023-12-01,2,RN,BCO TRIANGULO S.A.,89,80240.53
2023-12-01,2,RN,BRADESCO,38,143083.59
2023-12-01,2,RN,BTG PACTUAL,3,4684.14
2023-12-01,2,RN,C6 BANK,14,52723.06
2023-12-01,2,RN,CAIXA ECONÔMICA FEDERAL,96,248404.43
2023-12-01,2,RN,ITAU,267,655413.36
2023-12-01,2,RN,SANTANDER,116,629062.4
2023-12-01,2,RN,VOTORANTIM,73,376857.08
2023-12-01,2,RO,BB,43,438424.98
2023-12-01,2,RO,BCO TRIANGULO S.A.,28,19594.11
2023-12-01,2,RO,BRADESCO,17,130565.94
2023-12-01,2,RO,C6 BANK,4,5215.34
2023-12-01,2,RO,CAIXA ECONÔMICA FEDERAL,73,110188.21
2023-12-01,2,RO,ITAU,64,139998.72
2023-12-01,2,RO,SANTANDER,33,87063.51
2023-12-01,2,RO,VOTORANTIM,23,92986.19
2023-12-01,2,RR,BB,25,333935.46
2023-12-01,2,RR,BCO TRIANGULO S.A.,10,24027.09
2023-12-01,2,RR,BRADESCO,6,32916.97
2023-12-01,2,RR,BTG PACTUAL,1,3063.82
2023-12-01,2,RR,C6 BANK,1,5889.64
2023-12-01,2,RR,CAIXA ECONÔMICA FEDERAL,29,72888.39
2023-12-01,2,RR,ITAU,23,56124.62
2023-12-01,2,RR,SANTANDER,11,263370.18
2023-12-01,2,RR,VOTORANTIM,9,144445.72
2023-12-01,2,RS,BB,123,1103959.07
2023-12-01,2,RS,BCO TRIANGULO S.A.,126,154985.5
2023-12-01,2,RS,BRADESCO,110,1040783.59
2023-12-01,2,RS,BTG PACTUAL,14,48255.7
2023-12-01,2,RS,C6 BANK,44,210842.95
2023-12-01,2,RS,CAIXA ECONÔMICA FEDERAL,472,866951.05
2023-12-01,2,RS,INTER,2,6371.26
2023-12-01,2,RS,ITAU,793,1839061.71
2023-12-01,2,RS,SANTANDER,392,1744156.86
2023-12-01,2,RS,VOTORANTIM,222,1235373.42
2023-12-01,2,SC,BB,108,798419.67
2023-12-01,2,SC,BCO DO EST. DE SE S.A.,1,3052.94
2023-12-01,2,SC,BCO TRIANGULO S.A.,83,110108.86
2023-12-01,2,SC,BRADESCO,96,739009.45
2023-12-01,2,SC,BTG PACTUAL,5,16456.59
2023-12-01,2,SC,C6 BANK,46,314513.87
2023-12-01,2,SC,CAIXA ECONÔMICA FEDERAL,290,573836.5
2023-12-01,2,SC,INTER,1,3706.3
2023-12-01,2,SC,ITAU,586,1549576.68
2023-12-01,2,SC,SANTANDER,223,1016668.09
2023-12-01,2,SC,VOTORANTIM,235,1253309.16
2023-12-01,2,SE,BB,27,151390.05
2023-12-01,2,SE,BCO DO EST. DE SE S.A.,53,354225.14
2023-12-01,2,SE,BCO TRIANGULO S.A.,20,19359.52
2023-12-01,2,SE,BRADESCO,13,66724.07
2023-12-01,2,SE,BTG PACTUAL,3,3789.71
2023-12-01,2,SE,C6 BANK,7,13122.0
2023-12-01,2,SE,CAIXA ECONÔMICA FEDERAL,63,64897.62
2023-12-01,2,SE,ITAU,144,366364.49
2023-12-01,2,SE,SANTANDER,41,234727.53
2023-12-01,2,SE,VOTORANTIM,25,110736.11
2023-12-01,2,SP,BB,570,5975574.72
2023-12-01,2,SP,BCO TRIANGULO S.A.,362,410501.73
2023-12-01,2,SP,BRADESCO,1325,10166202.03
2023-12-01,2,SP,BTG PACTUAL,74,249101.6
2023-12-01,2,SP,C6 BANK,413,2400025.59
2023-12-01,2,SP,CAIXA ECONÔMICA FEDERAL,1535,2655356.8
2023-12-01,2,SP,INTER,12,84614.47
2023-12-01,2,SP,ITAU,7051,17207591.01
2023-12-01,2,SP,SANTANDER,2892,17101624.83
2023-12-01,2,SP,VOTORANTIM,1521,7023442.75
2023-12-01,2,TO,BB,41,472971.13
2023-12-01,2,TO,BCO TRIANGULO S.A.,11,7638.87
2023-12-01,2,TO,BRADESCO,20,179708.85
2023-12-01,2,TO,C6 BANK,4,13598.86
2023-12-01,2,TO,CAIXA ECONÔMICA FEDERAL,57,99455.42
2023-12-01,2,TO,ITAU,30,69924.18
2023-12-01,2,TO,SANTANDER,30,109555.94
2023-12-01,2,TO,VOTORANTIM,18,98361.43
2024-01-01,1,AC,BB,70,90013.4
2024-01-01,1,AC,BMG,1,1199.79
2024-01-01,1,AC,BRADESCO,9,10371.34
2024-01-01,1,AC,BTG PACTUAL,136,243967.2
2024-01-01,1,AC,C6 BANK,2,1475.37
2024-01-01,1,AC,CAIXA ECONÔMICA FEDERAL,53,55257.03
2024-01-01,1,AC,INTER,29,44114.24
2024-01-01,1,AC,ITAU,14,17988.08
2024-01-01,1,AC,NUBANK,129,134532.99
2024-01-01,1,AC,SANTANDER,23,35679.0
2024-01-01,1,AC,VOTORANTIM,3,5382.22
2024-01-01,1,AL,BB,94,140387.72
2024-01-01,1,AL,BMG,9,17467.61
2024-01-01,1,AL,BRADESCO,26,22793.77
2024-01-01,1,AL,BTG PACTUAL,384,490998.14
2024-01-01,1,AL,C6 BANK,19,19348.24
2024-01-01,1,AL,CAIXA ECONÔMICA FEDERAL,187,216391.59
2024-01-01,1,AL,INTER,109,125129.14
2024-01-01,1,AL,ITAU,51,72228.35
2024-01-01,1,AL,NUBANK,295,296803.95
2024-01-01,1,AL,SANTANDER,68,80566.01
2024-01-01,1,AL,VOTORANTIM,7,6005.38
2024-01-01,1,AM,BANCO SICOOB,1,1005.98
2024-01-01,1,AM,BANRISUL,1,2070.14
2024-01-01,1,AM,BB,122,180243.64
2024-01-01,1,AM,BMG,14,36211.89
2024-01-01,1,AM,BRADESCO,112,154099.87
2024-01-01,1,AM,BTG PACTUAL,839,1386477.24
2024-01-01,1,AM,C6 BANK,53,67678.11
2024-01-01,1,AM,CAIXA ECONÔMICA FEDERAL,335,407567.59
2024-01-01,1,AM,INTER,247,331477.72
2024-01-01,1,AM,ITAU,197,292164.34
2024-01-01,1,AM,NUBANK,777,978179.19
2024-01-01,1,AM,SANTANDER,177,251414.52
2024-01-01,1,AM,SICOOB AMAZÔNIA,3,9676.05
2024-01-01,1,AM,SICOOB CREDISUL,2,2895.5
2024-01-01,1,AM,VOTORANTIM,8,12936.63
2024-01-01,1,AP,BB,39,56572.83
2024-01-01,1,AP,BMG,7,6438.91
2024-01-01,1,AP,BRADESCO,5,6769.52
2024-01-01,1,AP,BTG PACTUAL,84,110056.15
2024-01-01,1,AP,C6 BANK,12,14454.73
2024-01-01,1,AP,CAIXA ECONÔMICA FEDERAL,39,37250.14
2024-01-01,1,AP,INTER,20,20284.0
2024-01-01,1,AP,ITAU,8,10749.53
2024-01-01,1,AP,NUBANK,95,101415.96
2024-01-01,1,AP,SANTANDER,21,27229.37
2024-01-01,1,AP,VOTORANTIM,2,2010.54
2024-01-01,1,BA,BANCO SICOOB,3,5442.6
2024-01-01,1,BA,BANRISUL,12,24418.13
2024-01-01,1,BA,BB,367,489192.21
2024-01-01,1,BA,BMG,68,72096.76
2024-01-01,1,BA,BRADESCO,195,239629.53
2024-01-01,1,BA,BTG PACTUAL,1722,2419113.09
2024-01-01,1,BA,C6 BANK,144,166222.99
2024-01-01,1,BA,CAIXA ECONÔMICA FEDERAL,721,740470.26
2024-01-01,1,BA,CC SICOOB COOPEC LTDA.,1,327.86
2024-01-01,1,BA,CC SICOOB COOPEMAR,1,180.01
2024-01-01,1,BA,CC SICOOB CRED EXECUTIVO,2,5114.94
2024-01-01,1,BA,CC SICOOB CREDICONQUISTA,1,457.78
2024-01-01,1,BA,CCLA MAXI ALFA,1,4507.19
2024-01-01,1,BA,INTER,442,519642.44
2024-01-01,1,BA,ITAU,331,391454.77
2024-01-01,1,BA,NUBANK,1579,1690078.35
2024-01-01,1,BA,SANTANDER,366,438468.19
2024-01-01,1,BA,SOC CC SICOOB COOPERE,3,6660.51
2024-01-01,1,BA,VOTORANTIM,16,25274.11
2024-01-01,1,CE,BANCO SICOOB,2,1945.04
2024-01-01,1,CE,BANRISUL,3,2466.4
2024-01-01,1,CE,BB,361,522261.04
2024-01-01,1,CE,BMG,48,61260.95
2024-01-01,1,CE,BRADESCO,154,178228.65
2024-01-01,1,CE,BTG PACTUAL,1541,1983348.11
2024-01-01,1,CE,C6 BANK,95,122857.01
2024-01-01,1,CE,CAIXA ECONÔMICA FEDERAL,536,586274.94
2024-01-01,1,CE,INTER,413,486209.87
2024-01-01,1,CE,ITAU,224,236833.14
2024-01-01,1,CE,NUBANK,1345,1475300.04
2024-01-01,1,CE,SANTANDER,311,327137.16
2024-01-01,1,CE,VOTORANTIM,11,21459.68
2024-01-01,1,DF,BANCO SICOOB,4,6929.55
2024-01-01,1,DF,BANRISUL,1,706.5
2024-01-01,1,DF,BB,161,239881.91
2024-01-01,1,DF,BCO CSF S.A.,1,2212.31
2024-01-01,1,DF,BMG,13,14543.02
2024-01-01,1,DF,BRADESCO,25,29378.01
2024-01-01,1,DF,BTG PACTUAL,749,1128272.92
2024-01-01,1,DF,C6 BANK,54,59280.13
2024-01-01,1,DF,CAIXA ECONÔMICA FEDERAL,234,313939.45
2024-01-01,1,DF,CC DISTRITO FEDERAL E ENTORNO,1,218.85
2024-01-01,1,DF,CCLA SICOOB CREDIJUSTRA,1,417.78
2024-01-01,1,DF,INTER,210,272805.21
2024-01-01,1,DF,ITAU,132,190534.49
2024-01-01,1,DF,NUBANK,649,718920.96
2024-01-01,1,DF,SANTANDER,145,172725.76
2024-01-01,1,DF,VOTORANTIM,9,7988.13
2024-01-01,1,ES,BANCO SICOOB,21,27877.13
2024-01-01,1,ES,BANRISUL,3,5826.61
2024-01-01,1,ES,BB,58,73875.18
2024-01-01,1,ES,BMG,14,10958.7
2024-01-01,1,ES,BRADESCO,22,31576.56
2024-01-01,1,ES,BTG PACTUAL,564,850061.48
2024-01-01,1,ES,C6 BANK,31,30051.04
2024-01-01,1,ES,CAIXA ECONÔMICA FEDERAL,237,260022.24
2024-01-01,1,ES,INTER,113,143419.35
2024-01-01,1,ES,ITAU,99,142975.71
2024-01-01,1,ES,NUBANK,455,521897.34
2024-01-01,1,ES,SANTANDER,104,132331.54
2024-01-01,1,ES,VOTORANTIM,11,19210.8
2024-01-01,1,GO,BANCO SICOOB,8,14939.22
2024-01-01,1,GO,BANRISUL,4,8623.43
2024-01-01,1,GO,BB,138,185904.9
2024-01-01,1,GO,BMG,41,64855.33
2024-01-01,1,GO,BRADESCO,55,57567.42
2024-01-01,1,GO,BTG PACTUAL,1036,1510721.36
2024-01-01,1,GO,C6 BANK,70,88007.6
2024-01-01,1,GO,CAIXA ECONÔMICA FEDERAL,348,402009.31
2024-01-01,1,GO,CC DISTRITO FEDERAL E ENTORNO,1,2211.98
2024-01-01,1,GO,INTER,255,322765.04
2024-01-01,1,GO,ITAU,212,279580.82
2024-01-01,1,GO,NUBANK,828,933844.62
2024-01-01,1,GO,SANTANDER,173,222382.4
2024-01-01,1,GO,VOTORANTIM,9,16302.72
2024-01-01,1,MA,BANCO SICOOB,3,2550.81
2024-01-01,1,MA,BB,256,325404.21
2024-01-01,1,MA,BMG,23,27135.0
2024-01-01,1,MA,BRADESCO,66,78746.45
2024-01-01,1,MA,BTG PACTUAL,521,730626.49
2024-01-01,1,MA,C6 BANK,36,47415.95
2024-01-01,1,MA,CAIXA ECONÔMICA FEDERAL,240,251823.62
2024-01-01,1,MA,INTER,154,185044.3
2024-01-01,1,MA,ITAU,79,112261.91
2024-01-01,1,MA,NUBANK,595,669814.24
2024-01-01,1,MA,SANTANDER,101,130693.68
2024-01-01,1,MA,VOTORANTIM,2,2196.73
2024-01-01,1,MG,BANCO SICOOB,81,117914.47
2024-01-01,1,MG,BANRISUL,9,17278.38
2024-01-01,1,MG,BB,491,677546.19
2024-01-01,1,MG,BMG,137,173777.08
2024-01-01,1,MG,BRADESCO,220,286909.59
2024-01-01,1,MG,BTG PACTUAL,3033,4790203.19
2024-01-01,1,MG,C6 BANK,263,339253.04
2024-01-01,1,MG,CAIXA ECONÔMICA FEDERAL,1375,1617764.95
2024-01-01,1,MG,CC CREDINACIONAL LTDA - SICOOB CREDINACIONAL,3,1719.07
2024-01-01,1,MG,CC UNIÃO DO CENTRO OESTE DE MINAS,1,702.66
2024-01-01,1,MG,CCLA MARGEM ESQUERDA DO URUCUI,1,659.13
2024-01-01,1,MG,CCLA UNIÃO CENTRO OESTE MINAS,2,2148.13
2024-01-01,1,MG,INTER,1141,1433350.42
2024-01-01,1,MG,ITAU,788,1012896.0
2024-01-01,1,MG,NUBANK,2510,3086796.28
2024-01-01,1,MG,SANTANDER,600,785770.16
2024-01-01,1,MG,SOC CC SICOOB COOPERE,1,975.01
2024-01-01,1,MG,VOTORANTIM,25,44490.26
2024-01-01,1,MS,BANCO SICOOB,4,5675.08
2024-01-01,1,MS,BANRISUL,1,220.16
2024-01-01,1,MS,BB,151,200036.12
2024-01-01,1,MS,BMG,24,29999.39
2024-01-01,1,MS,BRADESCO,89,94837.96
2024-01-01,1,MS,BTG PACTUAL,614,990993.36
2024-01-01,1,MS,C6 BANK,49,54778.58
2024-01-01,1,MS,CAIXA ECONÔMICA FEDERAL,309,365786.6
2024-01-01,1,MS,INTER,115,136880.41
2024-01-01,1,MS,ITAU,82,112304.28
2024-01-01,1,MS,NUBANK,587,765954.52
2024-01-01,1,MS,SANTANDER,127,161277.97
2024-01-01,1,MS,VOTORANTIM,5,6303.22
2024-01-01,1,MT,BANCO SICOOB,7,16235.81
2024-01-01,1,MT,BANRISUL,2,4364.79
2024-01-01,1,MT,BB,207,348267.05
2024-01-01,1,MT,BCO CSF S.A.,1,3421.02
2024-01-01,1,MT,BMG,24,54795.15
2024-01-01,1,MT,BRADESCO,49,63506.52
2024-01-01,1,MT,BTG PACTUAL,631,1116427.66
2024-01-01,1,MT,C6 BANK,53,82644.42
2024-01-01,1,MT,CAIXA ECONÔMICA FEDERAL,205,307509.61
2024-01-01,1,MT,CCLA DO CENTRO SUL RONDONIENSE,1,956.03
2024-01-01,1,MT,CCLA NORTE DE MATO GROSSO - SICOOB NORTE MT,3,5930.25
2024-01-01,1,MT,INTER,125,197294.26
2024-01-01,1,MT,ITAU,70,99690.49
2024-01-01,1,MT,NUBANK,551,806874.95
2024-01-01,1,MT,SANTANDER,128,205467.06
2024-01-01,1,MT,SICOOB CREDISUL,5,8438.66
2024-01-01,1,MT,VOTORANTIM,12,19971.12
2024-01-01,1,PA,BANCO SICOOB,1,1367.0
2024-01-01,1,PA,BANRISUL,2,3098.29
2024-01-01,1,PA,BB,245,330688.82
2024-01-01,1,PA,BCO DO EST. DO PA S.A.,11,31452.39
2024-01-01,1,PA,BMG,29,34159.45
2024-01-01,1,PA,BRADESCO,66,66673.33
2024-01-01,1,PA,BTG PACTUAL,929,1189264.62
2024-01-01,1,PA,C6 BANK,85,100104.41
2024-01-01,1,PA,CAIXA ECONÔMICA FEDERAL,335,287858.32
2024-01-01,1,PA,CCLA NORTE DE MATO GROSSO - SICOOB NORTE MT,1,3897.36
2024-01-01,1,PA,CCLA SICOOB CREDIJUSTRA,1,2043.45
2024-01-01,1,PA,INTER,297,320008.78
2024-01-01,1,PA,ITAU,181,196333.51
2024-01-01,1,PA,NUBANK,941,974958.75
2024-01-01,1,PA,SANTANDER,184,220787.98
2024-01-01,1,PA,VOTORANTIM,8,16925.26
2024-01-01,1,PB,BANCO SICOOB,1,547.81
2024-01-01,1,PB,BANRISUL,5,3282.17
2024-01-01,1,PB,BB,147,192640.35
2024-01-01,1,PB,BMG,20,25248.54
2024-01-01,1,PB,BRADESCO,70,80023.79
2024-01-01,1,PB,BTG PACTUAL,658,915901.94
2024-01-01,1,PB,C6 BANK,26,31399.9
2024-01-01,1,PB,CAIXA ECONÔMICA FEDERAL,260,273460.63
2024-01-01,1,PB,INTER,156,203918.67
2024-01-01,1,PB,ITAU,73,97196.25
2024-01-01,1,PB,NUBANK,554,692133.09
2024-01-01,1,PB,SANTANDER,97,135945.17
2024-01-01,1,PB,VOTORANTIM,1,1161.02
2024-01-01,1,PE,BANCO SICOOB,3,4018.27
2024-01-01,1,PE,BANRISUL,8,12952.25
2024-01-01,1,PE,BB,259,330868.6
2024-01-01,1,PE,BMG,47,59564.86
2024-01-01,1,PE,BRADESCO,127,128238.32
2024-01-01,1,PE,BTG PACTUAL,1280,1688002.56
2024-01-01,1,PE,C6 BANK,74,80342.73
2024-01-01,1,PE,CAIXA ECONÔMICA FEDERAL,511,504893.54
2024-01-01,1,PE,INTER,335,357536.27
2024-01-01,1,PE,ITAU,272,332927.74
2024-01-01,1,PE,NUBANK,1096,1117427.6
2024-01-01,1,PE,SANTANDER,334,356055.88
2024-01-01,1,PE,VOTORANTIM,15,28778.53
2024-01-01,1,PI,BANCO SICOOB,2,4337.77
2024-01-01,1,PI,BANRISUL,2,5222.17
2024-01-01,1,PI,BB,169,235607.75
2024-01-01,1,PI,BMG,18,26619.48
2024-01-01,1,PI,BRADESCO,24,28313.71
2024-01-01,1,PI,BTG PACTUAL,522,803634.86
2024-01-01,1,PI,C6 BANK,30,32769.22
2024-01-01,1,PI,CAIXA ECONÔMICA FEDERAL,185,202811.16
2024-01-01,1,PI,INTER,115,113476.42
2024-01-01,1,PI,ITAU,46,46877.78
2024-01-01,1,PI,NUBANK,464,591566.23
2024-01-01,1,PI,SANTANDER,78,91685.12
2024-01-01,1,PI,VOTORANTIM,5,4098.94
2024-01-01,1,PR,BANCO SICOOB,25,45410.81
2024-01-01,1,PR,BANRISUL,1,498.6
2024-01-01,1,PR,BB,267,371565.79
2024-01-01,1,PR,BMG,37,43054.51
2024-01-01,1,PR,BRADESCO,129,148831.36
2024-01-01,1,PR,BTG PACTUAL,1907,3006936.76
2024-01-01,1,PR,C6 BANK,199,284922.19
2024-01-01,1,PR,CAIXA ECONÔMICA FEDERAL,652,769337.88
2024-01-01,1,PR,CC SICOOB VALE SUL,2,4018.47
2024-01-01,1,PR,CCLA MAXI ALFA,1,1377.87
2024-01-01,1,PR,CCLA SICOOB ARENITO PARANÁ / SÃO PAULO,3,1803.07
2024-01-01,1,PR,INTER,309,420285.53
2024-01-01,1,PR,ITAU,437,546266.95
2024-01-01,1,PR,NUBANK,1499,1843943.39
2024-01-01,1,PR,SANTANDER,308,405803.63
2024-01-01,1,PR,VOTORANTIM,19,31397.22
2024-01-01,1,RJ,BANCO SICOOB,19,23939.09
2024-01-01,1,RJ,BANRISUL,9,10483.2
2024-01-01,1,RJ,BB,391,508017.35
2024-01-01,1,RJ,BCO CSF S.A.,1,845.4
2024-01-01,1,RJ,BMG,95,117019.87
2024-01-01,1,RJ,BRADESCO,344,330816.71
2024-01-01,1,RJ,BTG PACTUAL,3326,4461180.01
2024-01-01,1,RJ,C6 BANK,343,376998.87
2024-01-01,1,RJ,CAIXA ECONÔMICA FEDERAL,1284,1325879.72
2024-01-01,1,RJ,INTER,824,916260.3
2024-01-01,1,RJ,ITAU,1368,1607814.74
2024-01-01,1,RJ,NUBANK,3266,3360949.89
2024-01-01,1,RJ,SANTANDER,1146,1270459.17
2024-01-01,1,RJ,VOTORANTIM,24,29913.83
2024-01-01,1,RN,BANCO SICOOB,2,1332.35
2024-01-01,1,RN,BB,162,202205.76
2024-01-01,1,RN,BMG,27,51761.62
2024-01-01,1,RN,BRADESCO,35,45115.84
2024-01-01,1,RN,BTG PACTUAL,501,687811.85
2024-01-01,1,RN,C6 BANK,28,36691.21
2024-01-01,1,RN,CAIXA ECONÔMICA FEDERAL,206,207725.04
2024-01-01,1,RN,INTER,146,174978.31
2024-01-01,1,RN,ITAU,71,74801.45
2024-01-01,1,RN,NUBANK,449,502157.3
2024-01-01,1,RN,SANTANDER,102,119011.22
2024-01-01,1,RN,VOTORANTIM,6,8409.18
2024-01-01,1,RO,BANCO SICOOB,2,2780.39
2024-01-01,1,RO,BANRISUL,2,5550.0
2024-01-01,1,RO,BB,129,194672.59
2024-01-01,1,RO,BMG,11,16182.45
2024-01-01,1,RO,BRADESCO,28,36180.33
2024-01-01,1,RO,BTG PACTUAL,373,622093.7
2024-01-01,1,RO,C.C. DO CENTRO DO ESTADO DE RONDÔNIA,4,3006.32
2024-01-01,1,RO,C6 BANK,23,34303.69
2024-01-01,1,RO,CAIXA ECONÔMICA FEDERAL,172,216569.03
2024-01-01,1,RO,CC INV DE RONDÔNIA - SICOOB CREDJURD,6,10177.36
2024-01-01,1,RO,CCLA DO CENTRO SUL RONDONIENSE,11,22907.14
2024-01-01,1,RO,INTER,96,140711.04
2024-01-01,1,RO,ITAU,51,77024.08
2024-01-01,1,RO,NUBANK,363,491717.96
2024-01-01,1,RO,SANTANDER,64,80894.43
2024-01-01,1,RO,SICOOB AMAZÔNIA,6,6827.24
2024-01-01,1,RO,SICOOB CREDISUL,3,5099.58
2024-01-01,1,RO,VOTORANTIM,2,3071.86
2024-01-01,1,RR,BB,40,68881.3
2024-01-01,1,RR,BRADESCO,4,4286.63
2024-01-01,1,RR,BTG PACTUAL,89,139574.37
2024-01-01,1,RR,C6 BANK,5,10525.88
2024-01-01,1,RR,CAIXA ECONÔMICA FEDERAL,33,42698.13
2024-01-01,1,RR,INTER,21,21142.6
2024-01-01,1,RR,ITAU,15,25531.57
2024-01-01,1,RR,NUBANK,93,100617.58
2024-01-01,1,RR,SANTANDER,19,25096.23
2024-01-01,1,RR,VOTORANTIM,3,4032.19
2024-01-01,1,RS,BANCO SICOOB,7,12344.96
2024-01-01,1,RS,BANRISUL,317,398446.82
2024-01-01,1,RS,BB,208,293177.96
2024-01-01,1,RS,BMG,39,70488.82
2024-01-01,1,RS,BRADESCO,86,111454.23
2024-01-01,1,RS,BTG PACTUAL,1564,2264335.07
2024-01-01,1,RS,C6 BANK,110,139745.26
2024-01-01,1,RS,CAIXA ECONÔMICA FEDERAL,719,844735.16
2024-01-01,1,RS,CCLA MAXI ALFA,2,1727.3
2024-01-01,1,RS,CCLA SICOOB VALCREDI SUL,2,1878.46
2024-01-01,1,RS,INTER,301,375982.79
2024-01-01,1,RS,ITAU,273,342791.54
2024-01-01,1,RS,NUBANK,1383,1599775.71
2024-01-01,1,RS,SANTANDER,375,449579.72
2024-01-01,1,RS,VOTORANTIM,16,18102.5
2024-01-01,1,SC,BANCO SICOOB,16,25612.85
2024-01-01,1,SC,BANRISUL,9,14701.49
2024-01-01,1,SC,BB,202,330590.5
2024-01-01,1,SC,BMG,20,34985.08
2024-01-01,1,SC,BRADESCO,69,124528.05
2024-01-01,1,SC,BTG PACTUAL,1134,1935778.24
2024-01-01,1,SC,C6 BANK,117,179081.57
2024-01-01,1,SC,CAIXA ECONÔMICA FEDERAL,407,529328.62
2024-01-01,1,SC,CC LITORÂNEA,3,3404.58
2024-01-01,1,SC,CCLA MAXI ALFA,13,21843.11
2024-01-01,1,SC,CCLA SICOOB VALCREDI SUL,1,2940.64
2024-01-01,1,SC,COOP NOVOS CAMPOS,1,1478.37
2024-01-01,1,SC,INTER,188,282771.74
2024-01-01,1,SC,ITAU,151,216753.44
2024-01-01,1,SC,NUBANK,808,1070992.35
2024-01-01,1,SC,SANTANDER,168,268078.27
2024-01-01,1,SC,VOTORANTIM,6,10879.58
2024-01-01,1,SE,BANCO SICOOB,1,546.18
2024-01-01,1,SE,BB,68,100774.79
2024-01-01,1,SE,BMG,12,15509.97
2024-01-01,1,SE,BRADESCO,15,15320.74
2024-01-01,1,SE,BTG PACTUAL,356,528278.62
2024-01-01,1,SE,C6 BANK,17,12800.28
2024-01-01,1,SE,CAIXA ECONÔMICA FEDERAL,140,163815.31
2024-01-01,1,SE,INTER,71,90017.74
2024-01-01,1,SE,ITAU,23,25005.9
2024-01-01,1,SE,NUBANK,249,260294.99
2024-01-01,1,SE,SANTANDER,43,52514.66
2024-01-01,1,SE,VOTORANTIM,1,343.25
2024-01-01,1,SP,BANCO SICOOB,31,36427.09
2024-01-01,1,SP,BANRISUL,16,27052.66
2024-01-01,1,SP,BB,1131,1528571.66
2024-01-01,1,SP,BCO CSF S.A.,3,6796.78
2024-01-01,1,SP,BMG,251,331577.85
2024-01-01,1,SP,BRADESCO,876,1023570.89
2024-01-01,1,SP,BTG PACTUAL,9427,13568767.35
2024-01-01,1,SP,C6 BANK,862,1038423.47
2024-01-01,1,SP,CAIXA ECONÔMICA FEDERAL,2625,2891958.09
2024-01-01,1,SP,CCLA SICOOB ARENITO PARANÁ / SÃO PAULO,1,414.81
2024-01-01,1,SP,CECM DOS PROFISSIONAIS DA SAUDE DA REG ALTA MOGIANA,1,310.88
2024-01-01,1,SP,INTER,1784,2276833.95
2024-01-01,1,SP,ITAU,2864,3559174.7
2024-01-01,1,SP,NUBANK,7863,8785924.63
2024-01-01,1,SP,SANTANDER,2457,2953331.28
2024-01-01,1,SP,VOTORANTIM,85,130710.73
2024-01-01,1,TO,BANCO SICOOB,2,2084.33
2024-01-01,1,TO,BB,75,97334.05
2024-01-01,1,TO,BMG,6,6222.44
2024-01-01,1,TO,BRADESCO,16,17091.98
2024-01-01,1,TO,BTG PACTUAL,153,209858.93
2024-01-01,1,TO,C6 BANK,12,13483.32
2024-01-01,1,TO,CAIXA ECONÔMICA FEDERAL,56,73407.1
2024-01-01,1,TO,INTER,48,58529.53
2024-01-01,1,TO,ITAU,18,30678.96
2024-01-01,1,TO,NUBANK,168,161912.63
2024-01-01,1,TO,SANTANDER,22,20159.8
2024-01-01,1,TO,VOTORANTIM,4,5585.64
2024-01-01,2,AC,BB,7,92005.69
2024-01-01,2,AC,BCO TRIANGULO S.A.,46,48761.68
2024-01-01,2,AC,BRADESCO,1,35970.31
2024-01-01,2,AC,BTG PACTUAL,1,4955.63
2024-01-01,2,AC,CAIXA ECONÔMICA FEDERAL,12,10640.81
2024-01-01,2,AC,INTER,2,8295.04
2024-01-01,2,AC,ITAU,1,154.29
2024-01-01,2,AC,VOTORANTIM,13,95385.79
2024-01-01,2,AL,BB,11,50867.54
2024-01-01,2,AL,BCO TRIANGULO S.A.,33,40308.43
2024-01-01,2,AL,BRADESCO,4,11505.61
2024-01-01,2,AL,BTG PACTUAL,3,6900.84
2024-01-01,2,AL,C6 BANK,2,415.17
2024-01-01,2,AL,CAIXA ECONÔMICA FEDERAL,45,46189.09
2024-01-01,2,AL,INTER,5,27398.32
2024-01-01,2,AL,SANTANDER,5,10316.27
2024-01-01,2,AL,VOTORANTIM,27,125709.42
2024-01-01,2,AM,BB,7,21162.47
2024-01-01,2,AM,BCO DO EST. DO PA S.A.,1,7417.03
2024-01-01,2,AM,BCO TRIANGULO S.A.,81,79788.7
2024-01-01,2,AM,BRADESCO,31,571589.45
2024-01-01,2,AM,BTG PACTUAL,4,15239.81
2024-01-01,2,AM,C6 BANK,2,410.68
2024-01-01,2,AM,CAIXA ECONÔMICA FEDERAL,36,46503.47
2024-01-01,2,AM,INTER,5,24573.89
2024-01-01,2,AM,SANTANDER,8,28714.06
2024-01-01,2,AM,VOTORANTIM,23,135255.45
2024-01-01,2,AP,BB,4,10211.89
2024-01-01,2,AP,BCO TRIANGULO S.A.,9,6010.26
2024-01-01,2,AP,BRADESCO,1,20263.53
2024-01-01,2,AP,BTG PACTUAL,1,11182.8
2024-01-01,2,AP,CAIXA ECONÔMICA FEDERAL,7,10680.89
2024-01-01,2,AP,INTER,1,968.77
2024-01-01,2,AP,SANTANDER,1,2367.3
2024-01-01,2,AP,VOTORANTIM,5,7405.76
2024-01-01,2,BA,BB,46,461314.38
2024-01-01,2,BA,BCO TRIANGULO S.A.,135,147059.07
2024-01-01,2,BA,BRADESCO,49,806282.1
2024-01-01,2,BA,BTG PACTUAL,14,57550.39
2024-01-01,2,BA,C6 BANK,6,1493.69
2024-01-01,2,BA,CAIXA ECONÔMICA FEDERAL,177,176616.54
2024-01-01,2,BA,INTER,10,50023.15
2024-01-01,2,BA,SANTANDER,37,273143.98
2024-01-01,2,BA,VOTORANTIM,86,335692.28
2024-01-01,2,CE,BB,26,374949.39
2024-01-01,2,CE,BCO TRIANGULO S.A.,62,63205.52
2024-01-01,2,CE,BRADESCO,25,273098.0
2024-01-01,2,CE,BTG PACTUAL,1,4005.89
2024-01-01,2,CE,C6 BANK,10,2775.17
2024-01-01,2,CE,CAIXA ECONÔMICA FEDERAL,115,149325.05
2024-01-01,2,CE,INTER,9,30948.04
2024-01-01,2,CE,SANTANDER,36,262483.62
2024-01-01,2,CE,VOTORANTIM,93,438510.69
2024-01-01,2,DF,BB,14,157339.4
2024-01-01,2,DF,BCO TRIANGULO S.A.,26,51817.68
2024-01-01,2,DF,BRADESCO,10,500390.79
2024-01-01,2,DF,BTG PACTUAL,10,49220.74
2024-01-01,2,DF,C6 BANK,4,1332.35
2024-01-01,2,DF,CAIXA ECONÔMICA FEDERAL,69,131391.41
2024-01-01,2,DF,INTER,8,49931.44
2024-01-01,2,DF,SANTANDER,16,99851.87
2024-01-01,2,DF,VOTORANTIM,57,308366.88
2024-01-01,2,ES,BB,9,39941.48
2024-01-01,2,ES,BCO TRIANGULO S.A.,38,52790.31
2024-01-01,2,ES,BRADESCO,5,38432.89
2024-01-01,2,ES,BTG PACTUAL,5,11884.74
2024-01-01,2,ES,C6 BANK,4,854.96
2024-01-01,2,ES,CAIXA ECONÔMICA FEDERAL,49,42145.51
2024-01-01,2,ES,INTER,2,12304.07
2024-01-01,2,ES,SANTANDER,20,221132.74
2024-01-01,2,ES,VOTORANTIM,27,144648.85
2024-01-01,2,GO,BB,21,183000.01
2024-01-01,2,GO,BCO TRIANGULO S.A.,42,38387.24
2024-01-01,2,GO,BRADESCO,15,346179.82
2024-01-01,2,GO,BTG PACTUAL,6,27927.61
2024-01-01,2,GO,C6 BANK,4,757.11
2024-01-01,2,GO,CAIXA ECONÔMICA FEDERAL,164,167316.41
2024-01-01,2,GO,INTER,8,59657.16
2024-01-01,2,GO,SANTANDER,19,122712.3
2024-01-01,2,GO,VOTORANTIM,77,498915.12
2024-01-01,2,MA,BB,48,470177.05
2024-01-01,2,MA,BCO TRIANGULO S.A.,54,83573.56
2024-01-01,2,MA,BRADESCO,10,133107.28
2024-01-01,2,MA,BTG PACTUAL,2,2196.96
2024-01-01,2,MA,C6 BANK,4,1054.91
2024-01-01,2,MA,CAIXA ECONÔMICA FEDERAL,56,64662.18
2024-01-01,2,MA,INTER,4,12443.69
2024-01-01,2,MA,SANTANDER,7,21597.95
2024-01-01,2,MA,VOTORANTIM,36,166216.75
2024-01-01,2,MG,BB,52,606400.35
2024-01-01,2,MG,BCO TRIANGULO S.A.,189,198463.04
2024-01-01,2,MG,BRADESCO,60,979131.37
2024-01-01,2,MG,BTG PACTUAL,21,48369.47
2024-01-01,2,MG,C6 BANK,8,1807.17
2024-01-01,2,MG,CAIXA ECONÔMICA FEDERAL,274,248225.36
2024-01-01,2,MG,INTER,39,219380.29
2024-01-01,2,MG,ITAU,1,16.65
2024-01-01,2,MG,SANTANDER,59,750584.53
2024-01-01,2,MG,VOTORANTIM,294,1272269.22
2024-01-01,2,MS,BB,23,200188.14
2024-01-01,2,MS,BCO TRIANGULO S.A.,49,50252.24
2024-01-01,2,MS,BRADESCO,13,197246.24
2024-01-01,2,MS,BTG PACTUAL,3,9341.64
2024-01-01,2,MS,C6 BANK,4,4086.09
2024-01-01,2,MS,CAIXA ECONÔMICA FEDERAL,39,39357.72
2024-01-01,2,MS,INTER,5,27089.87
2024-01-01,2,MS,ITAU,1,147.3
2024-01-01,2,MS,SANTANDER,20,69408.18
2024-01-01,2,MS,VOTORANTIM,73,496277.97
2024-01-01,2,MT,BB,29,244380.99
2024-01-01,2,MT,BCO TRIANGULO S.A.,33,29754.5
2024-01-01,2,MT,BRADESCO,12,185686.25
2024-01-01,2,MT,BTG PACTUAL,2,4639.72
2024-01-01,2,MT,C6 BANK,2,504.12
2024-01-01,2,MT,CAIXA ECONÔMICA FEDERAL,53,36436.63
2024-01-01,2,MT,INTER,7,58237.79
2024-01-01,2,MT,SANTANDER,8,61516.94
2024-01-01,2,MT,VOTORANTIM,60,297146.2
2024-01-01,2,PA,BB,31,337505.96
2024-01-01,2,PA,BCO DO EST. DO PA S.A.,12,132825.29
2024-01-01,2,PA,BCO TRIANGULO S.A.,194,157525.53
2024-01-01,2,PA,BRADESCO,20,220716.03
2024-01-01,2,PA,BTG PACTUAL,3,17533.19
2024-01-01,2,PA,C6 BANK,2,772.95
2024-01-01,2,PA,CAIXA ECONÔMICA FEDERAL,71,71352.83
2024-01-01,2,PA,INTER,6,25904.98
2024-01-01,2,PA,SANTANDER,18,102608.86
2024-01-01,2,PA,VOTORANTIM,44,285784.2
2024-01-01,2,PB,BB,11,93603.19
2024-01-01,2,PB,BCO TRIANGULO S.A.,52,54091.03
2024-01-01,2,PB,BRADESCO,13,184868.55
2024-01-01,2,PB,BTG PACTUAL,7,21486.08
2024-01-01,2,PB,C6 BANK,2,423.24
2024-01-01,2,PB,CAIXA ECONÔMICA FEDERAL,59,74254.21
2024-01-01,2,PB,INTER,3,23605.16
2024-01-01,2,PB,SANTANDER,9,23597.88
2024-01-01,2,PB,VOTORANTIM,41,169374.69
2024-01-01,2,PE,BB,19,193593.81
2024-01-01,2,PE,BCO TRIANGULO S.A.,102,81384.36
2024-01-01,2,PE,BRADESCO,34,582537.82
2024-01-01,2,PE,BTG PACTUAL,11,35220.0
2024-01-01,2,PE,C6 BANK,5,1109.88
2024-01-01,2,PE,CAIXA ECONÔMICA FEDERAL,84,62298.2
2024-01-01,2,PE,INTER,13,90153.89
2024-01-01,2,PE,ITAU,2,274.2
2024-01-01,2,PE,SANTANDER,23,114612.34
2024-01-01,2,PE,VOTORANTIM,56,363503.56
2024-01-01,2,PI,BB,18,87630.0
2024-01-01,2,PI,BCO TRIANGULO S.A.,13,12361.3
2024-01-01,2,PI,BRADESCO,4,69884.59
2024-01-01,2,PI,BTG PACTUAL,5,7303.95
2024-01-01,2,PI,CAIXA ECONÔMICA FEDERAL,59,35938.9
2024-01-01,2,PI,INTER,2,32286.88
2024-01-01,2,PI,ITAU,1,157.55
2024-01-01,2,PI,SANTANDER,1,8898.82
2024-01-01,2,PI,VOTORANTIM,33,148931.82
2024-01-01,2,PR,BB,38,473651.53
2024-01-01,2,PR,BCO TRIANGULO S.A.,133,205160.75
2024-01-01,2,PR,BRADESCO,43,456109.97
2024-01-01,2,PR,BTG PACTUAL,6,28253.25
2024-01-01,2,PR,C6 BANK,7,1544.6
2024-01-01,2,PR,CAIXA ECONÔMICA FEDERAL,241,328884.0
2024-01-01,2,PR,INTER,11,84607.57
2024-01-01,2,PR,ITAU,1,195.84
2024-01-01,2,PR,SANTANDER,48,463034.15
2024-01-01,2,PR,VOTORANTIM,225,1173556.71
2024-01-01,2,RJ,BB,38,211549.0
2024-01-01,2,RJ,BCO TRIANGULO S.A.,180,285158.24
2024-01-01,2,RJ,BRADESCO,80,1579528.47
2024-01-01,2,RJ,BTG PACTUAL,35,119717.8
2024-01-01,2,RJ,C6 BANK,12,2837.19
2024-01-01,2,RJ,CAIXA ECONÔMICA FEDERAL,195,183231.93
2024-01-01,2,RJ,INTER,34,229526.93
2024-01-01,2,RJ,ITAU,2,124.06
2024-01-01,2,RJ,SANTANDER,105,932699.4
2024-01-01,2,RJ,VOTORANTIM,217,986705.54
2024-01-01,2,RN,BB,9,63618.1
2024-01-01,2,RN,BCO TRIANGULO S.A.,95,73932.62
2024-01-01,2,RN,BRADESCO,10,251580.51
2024-01-01,2,RN,BTG PACTUAL,4,7655.45
2024-01-01,2,RN,C6 BANK,1,229.05
2024-01-01,2,RN,CAIXA ECONÔMICA FEDERAL,46,55388.71
2024-01-01,2,RN,INTER,4,16321.21
2024-01-01,2,RN,SANTANDER,5,12656.2
2024-01-01,2,RN,VOTORANTIM,50,261403.32
2024-01-01,2,RO,BB,7,139518.83
2024-01-01,2,RO,BCO TRIANGULO S.A.,24,20297.08
2024-01-01,2,RO,BRADESCO,4,49315.64
2024-01-01,2,RO,BTG PACTUAL,3,2120.79
2024-01-01,2,RO,CAIXA ECONÔMICA FEDERAL,36,18982.03
2024-01-01,2,RO,INTER,3,16033.55
2024-01-01,2,RO,SANTANDER,5,12723.49
2024-01-01,2,RO,VOTORANTIM,22,105980.96
2024-01-01,2,RR,BB,4,12646.57
2024-01-01,2,RR,BCO TRIANGULO S.A.,3,2294.69
2024-01-01,2,RR,BTG PACTUAL,2,3876.1
2024-01-01,2,RR,C6 BANK,1,243.95
2024-01-01,2,RR,CAIXA ECONÔMICA FEDERAL,9,3972.02
2024-01-01,2,RR,SANTANDER,3,21209.79
2024-01-01,2,RR,VOTORANTIM,5,25477.42
2024-01-01,2,RS,BB,21,124299.7
2024-01-01,2,RS,BCO TRIANGULO S.A.,111,127237.71
2024-01-01,2,RS,BRADESCO,19,290068.21
2024-01-01,2,RS,BTG PACTUAL,5,7912.6
2024-01-01,2,RS,C6 BANK,2,410.09
2024-01-01,2,RS,CAIXA ECONÔMICA FEDERAL,239,295751.68
2024-01-01,2,RS,INTER,8,37934.39
2024-01-01,2,RS,SANTANDER,40,124932.85
2024-01-01,2,RS,VOTORANTIM,164,833880.36
2024-01-01,2,SC,BB,33,397045.03
2024-01-01,2,SC,BCO TRIANGULO S.A.,110,86839.11
2024-01-01,2,SC,BRADESCO,32,382758.44
2024-01-01,2,SC,BTG PACTUAL,6,14289.38
2024-01-01,2,SC,C6 BANK,2,388.91
2024-01-01,2,SC,CAIXA ECONÔMICA FEDERAL,147,194199.03
2024-01-01,2,SC,INTER,9,59372.25
2024-01-01,2,SC,SANTANDER,27,250963.7
2024-01-01,2,SC,VOTORANTIM,165,894104.98
2024-01-01,2,SE,BB,2,44632.69
2024-01-01,2,SE,BCO DO EST. DE SE S.A.,3,19543.24
2024-01-01,2,SE,BCO TRIANGULO S.A.,5,3413.38
2024-01-01,2,SE,BRADESCO,3,45748.17
2024-01-01,2,SE,BTG PACTUAL,1,3314.68
2024-01-01,2,SE,C6 BANK,2,404.1
2024-01-01,2,SE,CAIXA ECONÔMICA FEDERAL,31,31485.26
2024-01-01,2,SE,INTER,4,20112.93
2024-01-01,2,SE,SANTANDER,12,52626.71
2024-01-01,2,SE,VOTORANTIM,20,114384.38
2024-01-01,2,SP,BB,132,960297.53
2024-01-01,2,SP,BCO TRIANGULO S.A.,377,424827.89
2024-01-01,2,SP,BRADESCO,290,6581570.97
2024-01-01,2,SP,BTG PACTUAL,68,215071.19
2024-01-01,2,SP,C6 BANK,43,9879.58
2024-01-01,2,SP,CAIXA ECONÔMICA FEDERAL,638,657624.29
2024-01-01,2,SP,INTER,71,466015.75
2024-01-01,2,SP,ITAU,1,152.63
2024-01-01,2,SP,SANTANDER,284,2326456.65
2024-01-01,2,SP,VOTORANTIM,1025,4685924.74
2024-01-01,2,TO,BB,9,121010.05
2024-01-01,2,TO,BCO TRIANGULO S.A.,2,2655.02
2024-01-01,2,TO,BRADESCO,4,45312.36
2024-01-01,2,TO,CAIXA ECONÔMICA FEDERAL,22,21207.7
2024-01-01,2,TO,INTER,1,1193.5
2024-01-01,2,TO,VOTORANTIM,17,216985.85
2024-02-01,1,AC,BANCO SICOOB,2,3121.55
2024-02-01,1,AC,BB,61,90582.3
2024-02-01,1,AC,BMG,3,3964.81
2024-02-01,1,AC,BRADESCO,18,22012.96
2024-02-01,1,AC,BRB,1,754.91
2024-02-01,1,AC,BTG PACTUAL,176,238423.58
2024-02-01,1,AC,C6 BANK,3,3810.47
2024-02-01,1,AC,INTER,43,44419.09
2024-02-01,1,AC,ITAU,23,29087.53
2024-02-01,1,AC,NUBANK,258,296789.79
2024-02-01,1,AC,SANTANDER,19,23023.9
2024-02-01,1,AC,SICOOB CREDISUL,2,1900.07
2024-02-01,1,AC,VOTORANTIM,1,1247.8
2024-02-01,1,AL,BB,120,156380.81
2024-02-01,1,AL,BMG,9,3858.12
2024-02-01,1,AL,BRADESCO,76,76029.78
2024-02-01,1,AL,BRB,18,28056.8
2024-02-01,1,AL,BTG PACTUAL,721,854848.28
2024-02-01,1,AL,C6 BANK,18,24351.39
2024-02-01,1,AL,CAIXA ECONÔMICA FEDERAL,3,662.16
2024-02-01,1,AL,INTER,274,262562.64
2024-02-01,1,AL,ITAU,120,125230.33
2024-02-01,1,AL,NUBANK,713,661843.92
2024-02-01,1,AL,SANTANDER,46,44613.11
2024-02-01,1,AL,VOTORANTIM,3,996.32
2024-02-01,1,AM,BANCO SICOOB,1,2276.61
2024-02-01,1,AM,BB,146,232532.7
2024-02-01,1,AM,BMG,21,20698.88
2024-02-01,1,AM,BRADESCO,317,406447.63
2024-02-01,1,AM,BRB,23,25358.42
2024-02-01,1,AM,BTG PACTUAL,1406,2035924.8
2024-02-01,1,AM,C6 BANK,38,41371.18
2024-02-01,1,AM,CAIXA ECONÔMICA FEDERAL,1,157.69
2024-02-01,1,AM,CCLA DO CENTRO SUL RONDONIENSE,1,1954.74
2024-02-01,1,AM,COOP CENTRO NORTE BRASILEIRO,2,446.46
2024-02-01,1,AM,INTER,559,723588.84
2024-02-01,1,AM,ITAU,415,561174.77
2024-02-01,1,AM,NUBANK,1681,2023009.14
2024-02-01,1,AM,SANTANDER,138,186743.4
2024-02-01,1,AM,SICOOB AMAZÔNIA,3,4732.33
2024-02-01,1,AM,VOTORANTIM,6,6557.02
2024-02-01,1,AP,BB,65,70779.26
2024-02-01,1,AP,BMG,2,5083.7
2024-02-01,1,AP,BRADESCO,10,11957.19
2024-02-01,1,AP,BRB,3,5611.99
2024-02-01,1,AP,BTG PACTUAL,147,179602.6
2024-02-01,1,AP,C6 BANK,5,7411.93
2024-02-01,1,AP,CAIXA ECONÔMICA FEDERAL,1,289.43
2024-02-01,1,AP,INTER,63,76643.84
2024-02-01,1,AP,ITAU,39,46845.04
2024-02-01,1,AP,NUBANK,192,196450.22
2024-02-01,1,AP,SANTANDER,12,13313.07
2024-02-01,1,BA,BANCO SICOOB,6,4742.53
2024-02-01,1,BA,BANRISUL,3,4183.18
2024-02-01,1,BA,BB,537,611270.14
2024-02-01,1,BA,BMG,50,61199.85
2024-02-01,1,BA,BRADESCO,497,521732.47
2024-02-01,1,BA,BRB,63,73260.86
2024-02-01,1,BA,BTG PACTUAL,3095,3881960.35
2024-02-01,1,BA,C6 BANK,76,92950.99
2024-02-01,1,BA,CAIXA ECONÔMICA FEDERAL,21,9905.38
2024-02-01,1,BA,CC SICOOB COOPEC LTDA.,1,1120.2
2024-02-01,1,BA,CC SICOOB COOPEMAR,2,899.91
2024-02-01,1,BA,CC SICOOB CRED EXECUTIVO,1,592.5
2024-02-01,1,BA,INTER,1053,1089734.93
2024-02-01,1,BA,ITAU,759,794443.75
2024-02-01,1,BA,NUBANK,3166,3080447.99
2024-02-01,1,BA,SANTANDER,252,279107.35
2024-02-01,1,BA,SOC CC SICOOB COOPERE,9,7835.54
2024-02-01,1,BA,VOTORANTIM,14,18483.24
2024-02-01,1,CE,BANRISUL,2,1076.13
2024-02-01,1,CE,BB,431,496469.79
2024-02-01,1,CE,BMG,20,16509.93
2024-02-01,1,CE,BRADESCO,349,364453.05
2024-02-01,1,CE,BRB,30,33440.6
2024-02-01,1,CE,BTG PACTUAL,2676,3288039.15
2024-02-01,1,CE,C6 BANK,76,84752.61
2024-02-01,1,CE,CAIXA ECONÔMICA FEDERAL,11,2995.13
2024-02-01,1,CE,INTER,1075,1069891.14
2024-02-01,1,CE,ITAU,461,476483.31
2024-02-01,1,CE,NUBANK,2863,2709066.27
2024-02-01,1,CE,SANTANDER,187,224738.86
2024-02-01,1,CE,VOTORANTIM,12,19064.83
2024-02-01,1,DF,BANCO SICOOB,8,10769.48
2024-02-01,1,DF,BANRISUL,1,347.46
2024-02-01,1,DF,BB,215,312004.03
2024-02-01,1,DF,BMG,23,20942.51
2024-02-01,1,DF,BRADESCO,51,56484.93
2024-02-01,1,DF,BRB,596,720222.53
2024-02-01,1,DF,BTG PACTUAL,1002,1403201.37
2024-02-01,1,DF,C6 BANK,40,41187.47
2024-02-01,1,DF,CAIXA ECONÔMICA FEDERAL,5,3573.72
2024-02-01,1,DF,INTER,387,449373.5
2024-02-01,1,DF,ITAU,252,338103.14
2024-02-01,1,DF,NUBANK,1061,1088948.19
2024-02-01,1,DF,SANTANDER,86,120697.18
2024-02-01,1,DF,VOTORANTIM,4,7151.8
2024-02-01,1,ES,BANCO SICOOB,28,34596.71
2024-02-01,1,ES,BANRISUL,1,4490.03
2024-02-01,1,ES,BB,102,146426.34
2024-02-01,1,ES,BMG,15,13017.68
2024-02-01,1,ES,BRADESCO,56,68199.94
2024-02-01,1,ES,BRB,9,18332.94
2024-02-01,1,ES,BTG PACTUAL,906,1255019.63
2024-02-01,1,ES,C6 BANK,27,32658.85
2024-02-01,1,ES,CAIXA ECONÔMICA FEDERAL,3,1031.13
2024-02-01,1,ES,INTER,308,367198.7
2024-02-01,1,ES,ITAU,219,271646.93
2024-02-01,1,ES,NUBANK,846,1023767.67
2024-02-01,1,ES,SANTANDER,55,61967.31
2024-02-01,1,ES,VOTORANTIM,2,2548.64
2024-02-01,1,GO,BANCO SICOOB,1,582.03
2024-02-01,1,GO,BANRISUL,2,5378.79
2024-02-01,1,GO,BB,208,262543.96
2024-02-01,1,GO,BMG,30,38532.75
2024-02-01,1,GO,BRADESCO,142,156950.95
2024-02-01,1,GO,BRB,160,235273.05
2024-02-01,1,GO,BTG PACTUAL,1610,2188106.2
2024-02-01,1,GO,C6 BANK,54,65830.69
2024-02-01,1,GO,CAIXA ECONÔMICA FEDERAL,7,5170.66
2024-02-01,1,GO,INTER,569,626474.43
2024-02-01,1,GO,ITAU,472,587531.33
2024-02-01,1,GO,NUBANK,1580,1611498.26
2024-02-01,1,GO,SANTANDER,133,156412.45
2024-02-01,1,GO,VOTORANTIM,9,14076.77
2024-02-01,1,MA,BANCO SICOOB,3,2345.8
2024-02-01,1,MA,BB,380,424191.44
2024-02-01,1,MA,BMG,17,29319.64
2024-02-01,1,MA,BRADESCO,149,130925.38
2024-02-01,1,MA,BRB,14,10284.94
2024-02-01,1,MA,BTG PACTUAL,962,1132866.9
2024-02-01,1,MA,C6 BANK,23,20902.72
2024-02-01,1,MA,CAIXA ECONÔMICA FEDERAL,3,3052.87
2024-02-01,1,MA,INTER,410,452056.83
2024-02-01,1,MA,ITAU,194,177975.6
2024-02-01,1,MA,NUBANK,1375,1314203.02
2024-02-01,1,MA,SANTANDER,115,114881.87
2024-02-01,1,MA,VOTORANTIM,7,10613.39
2024-02-01,1,MG,BANCO SICOOB,61,90363.41
2024-02-01,1,MG,BANRISUL,4,7245.75
2024-02-01,1,MG,BB,661,953120.24
2024-02-01,1,MG,BMG,89,124590.14
2024-02-01,1,MG,BRADESCO,486,525889.54
2024-02-01,1,MG,BRB,54,65505.89
2024-02-01,1,MG,BTG PACTUAL,4644,6616825.8
2024-02-01,1,MG,C6 BANK,159,212783.26
2024-02-01,1,MG,CAIXA ECONÔMICA FEDERAL,21,13879.37
2024-02-01,1,MG,CC CREDINACIONAL LTDA - SICOOB CREDINACIONAL,2,1540.9
2024-02-01,1,MG,CCLA MARGEM ESQUERDA DO URUCUI,2,1407.37
2024-02-01,1,MG,CCLA UNIÃO CENTRO OESTE MINAS,1,4280.9
2024-02-01,1,MG,INTER,2468,2771005.38
2024-02-01,1,MG,ITAU,1407,1657712.24
2024-02-01,1,MG,NUBANK,4608,5250314.22
2024-02-01,1,MG,SANTANDER,404,522198.95
2024-02-01,1,MG,VOTORANTIM,19,22247.19
2024-02-01,1,MS,BANCO SICOOB,3,5261.22
2024-02-01,1,MS,BB,201,249105.53
2024-02-01,1,MS,BMG,17,11877.25
2024-02-01,1,MS,BRADESCO,141,170880.1
2024-02-01,1,MS,BRB,8,12534.57
2024-02-01,1,MS,BTG PACTUAL,902,1299298.95
2024-02-01,1,MS,C6 BANK,36,45853.49
2024-02-01,1,MS,CAIXA ECONÔMICA FEDERAL,2,488.5
2024-02-01,1,MS,INTER,264,297697.3
2024-02-01,1,MS,ITAU,135,185610.15
2024-02-01,1,MS,NUBANK,1026,1191610.97
2024-02-01,1,MS,SANTANDER,89,86027.4
2024-02-01,1,MS,VOTORANTIM,4,4272.25
2024-02-01,1,MT,BANCO SICOOB,13,21128.6
2024-02-01,1,MT,BB,212,357088.49
2024-02-01,1,MT,BMG,25,39417.3
2024-02-01,1,MT,BRADESCO,97,117087.57
2024-02-01,1,MT,BRB,21,30307.75
2024-02-01,1,MT,BTG PACTUAL,994,1582015.0
2024-02-01,1,MT,C6 BANK,29,42088.72
2024-02-01,1,MT,CAIXA ECONÔMICA FEDERAL,2,689.25
2024-02-01,1,MT,CCLA DO CENTRO SUL RONDONIENSE,2,4688.45
2024-02-01,1,MT,CCLA NORTE DE MATO GROSSO - SICOOB NORTE MT,4,5681.93
2024-02-01,1,MT,INTER,272,375247.96
2024-02-01,1,MT,ITAU,125,173559.18
2024-02-01,1,MT,NUBANK,927,1195634.42
2024-02-01,1,MT,SANTANDER,73,108798.77
2024-02-01,1,MT,SICOOB CREDISUL,4,9167.39
2024-02-01,1,MT,VOTORANTIM,9,20706.39
2024-02-01,1,PA,BANCO SICOOB,6,12968.65
2024-02-01,1,PA,BANRISUL,1,2577.34
2024-02-01,1,PA,BB,305,321175.9
2024-02-01,1,PA,BCO DO EST. DO PA S.A.,13,43625.39
2024-02-01,1,PA,BMG,28,32693.17
2024-02-01,1,PA,BRADESCO,185,173684.69
2024-02-01,1,PA,BRB,17,27801.27
2024-02-01,1,PA,BTG PACTUAL,1606,1953345.54
2024-02-01,1,PA,C6 BANK,64,92513.38
2024-02-01,1,PA,CAIXA ECONÔMICA FEDERAL,6,1384.53
2024-02-01,1,PA,CCLA SICOOB CREDIJUSTRA,1,2318.81
2024-02-01,1,PA,INTER,710,719642.43
2024-02-01,1,PA,ITAU,417,409488.04
2024-02-01,1,PA,NUBANK,1879,1673089.8
2024-02-01,1,PA,SANTANDER,142,151716.24
2024-02-01,1,PA,VOTORANTIM,9,14471.68
2024-02-01,1,PB,BB,190,237580.87
2024-02-01,1,PB,BMG,32,54825.27
2024-02-01,1,PB,BRADESCO,168,168736.63
2024-02-01,1,PB,BRB,85,93221.36
2024-02-01,1,PB,BTG PACTUAL,1160,1511483.43
2024-02-01,1,PB,C6 BANK,31,46044.72
2024-02-01,1,PB,CAIXA ECONÔMICA FEDERAL,12,4167.53
2024-02-01,1,PB,INTER,368,379191.17
2024-02-01,1,PB,ITAU,192,209265.07
2024-02-01,1,PB,NUBANK,1156,1186594.37
2024-02-01,1,PB,SANTANDER,69,75214.47
2024-02-01,1,PB,VOTORANTIM,3,3523.82
2024-02-01,1,PE,BANCO SICOOB,3,4427.8
2024-02-01,1,PE,BANRISUL,1,2425.6
2024-02-01,1,PE,BB,321,363477.95
2024-02-01,1,PE,BMG,43,56746.15
2024-02-01,1,PE,BRADESCO,314,327362.21
2024-02-01,1,PE,BRB,22,24528.57
2024-02-01,1,PE,BTG PACTUAL,2142,2588352.98
2024-02-01,1,PE,C6 BANK,64,70967.53
2024-02-01,1,PE,CAIXA ECONÔMICA FEDERAL,8,1901.99
2024-02-01,1,PE,INTER,776,784707.56
2024-02-01,1,PE,ITAU,502,520260.88
2024-02-01,1,PE,NUBANK,2221,2096074.34
2024-02-01,1,PE,SANTANDER,233,259371.72
2024-02-01,1,PE,VOTORANTIM,5,6106.66
2024-02-01,1,PI,BB,217,298958.91
2024-02-01,1,PI,BMG,17,22209.95
2024-02-01,1,PI,BRADESCO,66,63448.99
2024-02-01,1,PI,BRB,18,30600.72
2024-02-01,1,PI,BTG PACTUAL,762,956110.92
2024-02-01,1,PI,C6 BANK,15,9003.79
2024-02-01,1,PI,CAIXA ECONÔMICA FEDERAL,3,1819.82
2024-02-01,1,PI,INTER,262,262355.32
2024-02-01,1,PI,ITAU,125,131798.62
2024-02-01,1,PI,NUBANK,889,974447.6
2024-02-01,1,PI,SANTANDER,48,54383.45
2024-02-01,1,PI,VOTORANTIM,4,3208.16
2024-02-01,1,PR,BANCO SICOOB,16,23578.76
2024-02-01,1,PR,BB,301,374988.53
2024-02-01,1,PR,BMG,24,32650.05
2024-02-01,1,PR,BRADESCO,257,301540.11
2024-02-01,1,PR,BRB,22,31964.85
2024-02-01,1,PR,BTG PACTUAL,2966,4217579.64
2024-02-01,1,PR,C6 BANK,144,182163.63
2024-02-01,1,PR,CAIXA ECONÔMICA FEDERAL,18,15530.11
2024-02-01,1,PR,CC SICOOB VALE SUL,2,2205.53
2024-02-01,1,PR,CCLA SICOOB ARENITO PARANÁ / SÃO PAULO,2,6083.41
2024-02-01,1,PR,INTER,650,841538.49
2024-02-01,1,PR,ITAU,921,1137837.91
2024-02-01,1,PR,NUBANK,2808,3280925.4
2024-02-01,1,PR,SANTANDER,236,296249.19
2024-02-01,1,PR,SICOOB AMAZÔNIA,1,3254.8
2024-02-01,1,PR,VOTORANTIM,14,19359.66
2024-02-01,1,RJ,BANCO SICOOB,9,9277.54
2024-02-01,1,RJ,BANRISUL,5,7787.2
2024-02-01,1,RJ,BB,505,580037.09
2024-02-01,1,RJ,BMG,66,61239.87
2024-02-01,1,RJ,BRADESCO,666,642996.11
2024-02-01,1,RJ,BRB,167,163230.29
2024-02-01,1,RJ,BTG PACTUAL,5001,6113098.93
2024-02-01,1,RJ,C6 BANK,237,248397.35
2024-02-01,1,RJ,CAIXA ECONÔMICA FEDERAL,13,8102.88
2024-02-01,1,RJ,INTER,1567,1615357.96
2024-02-01,1,RJ,ITAU,2447,2546969.36
2024-02-01,1,RJ,NUBANK,5809,5445177.43
2024-02-01,1,RJ,SANTANDER,717,817828.36
2024-02-01,1,RJ,SICOOB CREDISUL,1,1839.17
2024-02-01,1,RJ,VOTORANTIM,8,10746.03
2024-02-01,1,RN,BANCO SICOOB,2,819.4
2024-02-01,1,RN,BANRISUL,1,433.39
2024-02-01,1,RN,BB,210,263969.21
2024-02-01,1,RN,BMG,36,90905.75
2024-02-01,1,RN,BRADESCO,89,82719.41
2024-02-01,1,RN,BRB,14,14692.42
2024-02-01,1,RN,BTG PACTUAL,977,1216005.42
2024-02-01,1,RN,C6 BANK,25,18960.37
2024-02-01,1,RN,CAIXA ECONÔMICA FEDERAL,1,1156.71
2024-02-01,1,RN,INTER,343,369015.19
2024-02-01,1,RN,ITAU,150,183682.24
2024-02-01,1,RN,NUBANK,1051,1071207.05
2024-02-01,1,RN,SANTANDER,64,78673.74
2024-02-01,1,RN,VOTORANTIM,5,6368.59
2024-02-01,1,RO,BANCO SICOOB,3,3086.64
2024-02-01,1,RO,BB,133,191502.2
2024-02-01,1,RO,BMG,12,13073.86
2024-02-01,1,RO,BRADESCO,56,87403.5
2024-02-01,1,RO,BRB,4,8813.59
2024-02-01,1,RO,BTG PACTUAL,529,841859.66
2024-02-01,1,RO,C.C. DO CENTRO DO ESTADO DE RONDÔNIA,3,4718.88
2024-02-01,1,RO,C6 BANK,31,44510.76
2024-02-01,1,RO,CAIXA ECONÔMICA FEDERAL,4,684.66
2024-02-01,1,RO,CCLA DO CENTRO SUL RONDONIENSE,10,16623.69
2024-02-01,1,RO,INTER,168,223509.52
2024-02-01,1,RO,ITAU,110,176790.0
2024-02-01,1,RO,NUBANK,688,816593.27
2024-02-01,1,RO,SANTANDER,39,52579.05
2024-02-01,1,RO,SICOOB AMAZÔNIA,3,3198.11
2024-02-01,1,RO,SICOOB CREDISUL,7,6621.89
2024-02-01,1,RO,VOTORANTIM,7,9000.27
2024-02-01,1,RR,BANRISUL,1,357.45
2024-02-01,1,RR,BB,60,77098.28
2024-02-01,1,RR,BMG,3,6752.03
2024-02-01,1,RR,BRADESCO,18,19560.5
2024-02-01,1,RR,BTG PACTUAL,179,252790.81
2024-02-01,1,RR,C6 BANK,5,2881.98
2024-02-01,1,RR,INTER,48,60628.45
2024-02-01,1,RR,ITAU,52,55472.7
2024-02-01,1,RR,NUBANK,224,252878.98
2024-02-01,1,RR,SANTANDER,17,17288.94
2024-02-01,1,RR,SICOOB AMAZÔNIA,1,312.66
2024-02-01,1,RR,VOTORANTIM,1,2420.52
2024-02-01,1,RS,BANCO SICOOB,7,4457.8
2024-02-01,1,RS,BANRISUL,194,242610.55
2024-02-01,1,RS,BB,341,453985.08
2024-02-01,1,RS,BMG,30,36707.76
2024-02-01,1,RS,BRADESCO,195,196264.05
2024-02-01,1,RS,BRB,17,25243.44
2024-02-01,1,RS,BTG PACTUAL,2627,3691121.24
2024-02-01,1,RS,C6 BANK,86,113090.54
2024-02-01,1,RS,CAIXA ECONÔMICA FEDERAL,12,7792.01
2024-02-01,1,RS,CCLA MAXI ALFA,4,10719.04
2024-02-01,1,RS,CCLAA ITAIPU SICOOB CREDITAIPU,1,1050.03
2024-02-01,1,RS,INTER,665,771560.02
2024-02-01,1,RS,ITAU,534,623455.37
2024-02-01,1,RS,NUBANK,2613,2811150.03
2024-02-01,1,RS,SANTANDER,284,356967.2
2024-02-01,1,RS,VOTORANTIM,11,12875.02
2024-02-01,1,SC,BANCO SICOOB,13,16379.73
2024-02-01,1,SC,BANRISUL,6,9261.28
2024-02-01,1,SC,BB,211,306371.09
2024-02-01,1,SC,BMG,25,40774.83
2024-02-01,1,SC,BRADESCO,158,208690.92
2024-02-01,1,SC,BRB,10,9916.23
2024-02-01,1,SC,BTG PACTUAL,1921,2962888.67
2024-02-01,1,SC,C6 BANK,78,106559.23
2024-02-01,1,SC,CAIXA ECONÔMICA FEDERAL,6,5777.37
2024-02-01,1,SC,CC LITORÂNEA,1,1004.24
2024-02-01,1,SC,CCLA DO VALE,1,1519.12
2024-02-01,1,SC,CCLA MAXI ALFA,7,12040.21
2024-02-01,1,SC,INTER,423,575485.24
2024-02-01,1,SC,ITAU,318,443319.85
2024-02-01,1,SC,NUBANK,1588,2101338.13
2024-02-01,1,SC,SANTANDER,125,168192.57
2024-02-01,1,SC,SICOOB VALE DOS PINHAIS,1,802.77
2024-02-01,1,SC,VOTORANTIM,7,12857.26
2024-02-01,1,SE,BANCO SICOOB,2,3707.15
2024-02-01,1,SE,BB,69,91501.84
2024-02-01,1,SE,BMG,19,18380.67
2024-02-01,1,SE,BRADESCO,38,37488.21
2024-02-01,1,SE,BRB,6,5046.85
2024-02-01,1,SE,BTG PACTUAL,607,761094.16
2024-02-01,1,SE,C6 BANK,10,9620.58
2024-02-01,1,SE,CAIXA ECONÔMICA FEDERAL,4,1609.62
2024-02-01,1,SE,INTER,196,197485.87
2024-02-01,1,SE,ITAU,60,51016.98
2024-02-01,1,SE,NUBANK,562,504456.81
2024-02-01,1,SE,SANTANDER,32,34917.76
2024-02-01,1,SE,VOTORANTIM,4,2401.83
2024-02-01,1,SP,BANCO SICOOB,23,33664.61
2024-02-01,1,SP,BANRISUL,11,22933.13
2024-02-01,1,SP,BB,1462,1800527.17
2024-02-01,1,SP,BMG,207,236807.49
2024-02-01,1,SP,BRADESCO,1905,2104739.28
2024-02-01,1,SP,BRB,120,153839.76
2024-02-01,1,SP,C6 BANK,617,749429.83
2024-02-01,1,SP,CAIXA ECONÔMICA FEDERAL,42,22890.91
2024-02-01,1,SP,CC INV DE RONDÔNIA - SICOOB CREDJURD,2,3571.0
2024-02-01,1,SP,INTER,4082,4462785.77
2024-02-01,1,SP,ITAU,5924,6592471.72
2024-02-01,1,SP,SANTANDER,1841,2203411.35
2024-02-01,1,SP,VOTORANTIM,59,66027.66
2024-02-01,1,TO,BB,91,118304.21
2024-02-01,1,TO,BMG,4,1741.46
2024-02-01,1,TO,BRADESCO,23,29463.98
2024-02-01,1,TO,BRB,7,7645.33
2024-02-01,1,TO,BTG PACTUAL,216,276183.08
2024-02-01,1,TO,C6 BANK,9,9516.59
2024-02-01,1,TO,CAIXA ECONÔMICA FEDERAL,2,403.11
2024-02-01,1,TO,INTER,101,107520.31
2024-02-01,1,TO,ITAU,33,35026.11
2024-02-01,1,TO,NUBANK,310,291931.93
2024-02-01,1,TO,SANTANDER,22,27408.97
2024-02-01,1,TO,VOTORANTIM,3,4842.99
2024-02-01,2,AC,BRADESCO,2,20378.57
2024-02-01,2,AC,BTG PACTUAL,1,6360.15
2024-02-01,2,AC,VOTORANTIM,7,58611.88
2024-02-01,2,AL,BTG PACTUAL,1,5104.21
2024-02-01,2,AL,C6 BANK,4,22719.52
2024-02-01,2,AL,CAIXA ECONÔMICA FEDERAL,2,6443.64
2024-02-01,2,AL,ITAU,8,17667.36
2024-02-01,2,AL,VOTORANTIM,17,91181.78
2024-02-01,2,AM,BRADESCO,10,33290.02
2024-02-01,2,AM,BTG PACTUAL,2,9352.77
2024-02-01,2,AM,C6 BANK,2,13514.36
2024-02-01,2,AM,CAIXA ECONÔMICA FEDERAL,2,1236.84
2024-02-01,2,AM,ITAU,17,16782.67
2024-02-01,2,AM,VOTORANTIM,24,209087.06
2024-02-01,2,AP,BRADESCO,1,6387.55
2024-02-01,2,AP,BTG PACTUAL,2,16871.07
2024-02-01,2,AP,VOTORANTIM,4,22846.57
2024-02-01,2,BA,BRADESCO,13,63905.65
2024-02-01,2,BA,BTG PACTUAL,6,20179.75
2024-02-01,2,BA,C6 BANK,15,209077.74
2024-02-01,2,BA,CAIXA ECONÔMICA FEDERAL,11,64148.62
2024-02-01,2,BA,ITAU,31,128600.44
2024-02-01,2,BA,SANTANDER,1,43.19
2024-02-01,2,BA,VOTORANTIM,78,495452.54
2024-02-01,2,CE,BRADESCO,16,120338.49
2024-02-01,2,CE,BTG PACTUAL,4,6158.89
2024-02-01,2,CE,C6 BANK,10,16316.92
2024-02-01,2,CE,CAIXA ECONÔMICA FEDERAL,10,24389.12
2024-02-01,2,CE,ITAU,18,57898.95
2024-02-01,2,CE,VOTORANTIM,74,435260.31
2024-02-01,2,DF,BRADESCO,2,4271.03
2024-02-01,2,DF,BTG PACTUAL,7,61022.17
2024-02-01,2,DF,C6 BANK,3,8521.52
2024-02-01,2,DF,CAIXA ECONÔMICA FEDERAL,1,743.1
2024-02-01,2,DF,ITAU,12,21432.19
2024-02-01,2,DF,VOTORANTIM,35,209301.18
2024-02-01,2,ES,BRADESCO,2,13031.0
2024-02-01,2,ES,C6 BANK,4,6363.22
2024-02-01,2,ES,CAIXA ECONÔMICA FEDERAL,8,20184.69
2024-02-01,2,ES,ITAU,3,20462.59
2024-02-01,2,ES,VOTORANTIM,36,189030.8
2024-02-01,2,GO,BRADESCO,14,89417.93
2024-02-01,2,GO,C6 BANK,5,14717.79
2024-02-01,2,GO,CAIXA ECONÔMICA FEDERAL,6,8046.25
2024-02-01,2,GO,ITAU,8,12254.04
2024-02-01,2,GO,VOTORANTIM,74,476811.93
2024-02-01,2,MA,BCO DO EST. DO PA S.A.,1,12809.76
2024-02-01,2,MA,BRADESCO,5,12469.58
2024-02-01,2,MA,BTG PACTUAL,1,21824.26
2024-02-01,2,MA,C6 BANK,2,5709.46
2024-02-01,2,MA,CAIXA ECONÔMICA FEDERAL,2,1138.37
2024-02-01,2,MA,ITAU,3,11676.43
2024-02-01,2,MA,VOTORANTIM,34,181139.45
2024-02-01,2,MG,BRADESCO,23,95914.95
2024-02-01,2,MG,BTG PACTUAL,14,50695.04
2024-02-01,2,MG,C6 BANK,10,74919.22
2024-02-01,2,MG,CAIXA ECONÔMICA FEDERAL,16,33738.7
2024-02-01,2,MG,ITAU,61,147429.47
2024-02-01,2,MG,VOTORANTIM,235,967116.43
2024-02-01,2,MS,BRADESCO,10,53330.43
2024-02-01,2,MS,C6 BANK,2,416.17
2024-02-01,2,MS,CAIXA ECONÔMICA FEDERAL,3,21795.07
2024-02-01,2,MS,ITAU,13,31909.99
2024-02-01,2,MS,VOTORANTIM,59,430081.98
2024-02-01,2,MT,BRADESCO,4,18161.32
2024-02-01,2,MT,BTG PACTUAL,6,25448.61
2024-02-01,2,MT,C6 BANK,1,28575.55
2024-02-01,2,MT,CAIXA ECONÔMICA FEDERAL,2,2570.51
2024-02-01,2,MT,ITAU,12,11928.81
2024-02-01,2,MT,VOTORANTIM,68,504279.54
2024-02-01,2,PA,BCO DO EST. DO PA S.A.,6,70346.86
2024-02-01,2,PA,BRADESCO,6,13048.2
2024-02-01,2,PA,BTG PACTUAL,2,4380.56
2024-02-01,2,PA,C6 BANK,4,7350.0
2024-02-01,2,PA,CAIXA ECONÔMICA FEDERAL,5,12992.64
2024-02-01,2,PA,ITAU,11,28317.16
2024-02-01,2,PA,VOTORANTIM,57,461522.68
2024-02-01,2,PB,BRADESCO,6,6453.33
2024-02-01,2,PB,BTG PACTUAL,3,14844.79
2024-02-01,2,PB,C6 BANK,1,224.22
2024-02-01,2,PB,CAIXA ECONÔMICA FEDERAL,5,5843.66
2024-02-01,2,PB,ITAU,13,32702.7
2024-02-01,2,PB,VOTORANTIM,46,211339.18
2024-02-01,2,PE,BRADESCO,7,21980.52
2024-02-01,2,PE,BTG PACTUAL,10,15185.53
2024-02-01,2,PE,C6 BANK,9,55911.45
2024-02-01,2,PE,CAIXA ECONÔMICA FEDERAL,6,4640.09
2024-02-01,2,PE,ITAU,26,99288.84
2024-02-01,2,PE,VOTORANTIM,51,231911.59
2024-02-01,2,PI,BRADESCO,1,326.51
2024-02-01,2,PI,BTG PACTUAL,5,23726.04
2024-02-01,2,PI,C6 BANK,3,6229.0
2024-02-01,2,PI,CAIXA ECONÔMICA FEDERAL,3,10934.25
2024-02-01,2,PI,ITAU,3,10300.24
2024-02-01,2,PI,VOTORANTIM,30,222795.68
2024-02-01,2,PR,BRADESCO,12,78808.0
2024-02-01,2,PR,BTG PACTUAL,6,15459.27
2024-02-01,2,PR,C6 BANK,13,106715.47
2024-02-01,2,PR,CAIXA ECONÔMICA FEDERAL,18,56510.0
2024-02-01,2,PR,ITAU,32,120120.47
2024-02-01,2,PR,VOTORANTIM,219,1246020.59
2024-02-01,2,RJ,BRADESCO,26,130702.97
2024-02-01,2,RJ,BTG PACTUAL,14,26008.42
2024-02-01,2,RJ,C6 BANK,23,53293.68
2024-02-01,2,RJ,CAIXA ECONÔMICA FEDERAL,15,29512.96
2024-02-01,2,RJ,ITAU,103,288127.49
2024-02-01,2,RJ,SANTANDER,3,130.92
2024-02-01,2,RJ,VOTORANTIM,208,1737081.93
2024-02-01,2,RN,BRADESCO,3,57108.61
2024-02-01,2,RN,BTG PACTUAL,7,23359.29
2024-02-01,2,RN,C6 BANK,3,4231.97
2024-02-01,2,RN,CAIXA ECONÔMICA FEDERAL,2,10896.05
2024-02-01,2,RN,ITAU,17,36763.05
2024-02-01,2,RN,VOTORANTIM,39,223704.77
2024-02-01,2,RO,BRADESCO,1,68.85
2024-02-01,2,RO,C6 BANK,1,1463.07
2024-02-01,2,RO,CAIXA ECONÔMICA FEDERAL,2,1139.78
2024-02-01,2,RO,ITAU,5,18135.62
2024-02-01,2,RO,SANTANDER,1,66.83
2024-02-01,2,RO,VOTORANTIM,19,188326.31
2024-02-01,2,RR,BTG PACTUAL,2,2021.57
2024-02-01,2,RR,C6 BANK,1,1114.2
2024-02-01,2,RR,ITAU,2,4358.87
2024-02-01,2,RR,VOTORANTIM,6,56090.8
2024-02-01,2,RS,BRADESCO,4,25178.49
2024-02-01,2,RS,BTG PACTUAL,6,10799.23
2024-02-01,2,RS,C6 BANK,3,7050.79
2024-02-01,2,RS,CAIXA ECONÔMICA FEDERAL,7,6543.72
2024-02-01,2,RS,ITAU,25,42808.43
2024-02-01,2,RS,VOTORANTIM,148,787146.73
2024-02-01,2,SC,BRADESCO,9,89917.62
2024-02-01,2,SC,BTG PACTUAL,3,6092.98
2024-02-01,2,SC,C6 BANK,6,23451.32
2024-02-01,2,SC,CAIXA ECONÔMICA FEDERAL,8,12321.37
2024-02-01,2,SC,ITAU,12,27492.4
2024-02-01,2,SC,VOTORANTIM,156,969156.36
2024-02-01,2,SE,BRADESCO,2,35844.33
2024-02-01,2,SE,BTG PACTUAL,1,5773.53
2024-02-01,2,SE,C6 BANK,1,314.56
2024-02-01,2,SE,CAIXA ECONÔMICA FEDERAL,2,1486.51
2024-02-01,2,SE,ITAU,2,909.05
2024-02-01,2,SE,VOTORANTIM,17,79781.36
2024-02-01,2,SP,BRADESCO,63,291815.5
2024-02-01,2,SP,BTG PACTUAL,51,162072.46
2024-02-01,2,SP,C6 BANK,51,463102.47
2024-02-01,2,SP,CAIXA ECONÔMICA FEDERAL,41,65227.05
2024-02-01,2,SP,ITAU,273,638456.17
2024-02-01,2,SP,SANTANDER,5,410.47
2024-02-01,2,SP,VOTORANTIM,955,4782849.01
2024-02-01,2,TO,BRADESCO,1,3133.46
2024-02-01,2,TO,C6 BANK,1,0.04
2024-02-01,2,TO,CAIXA ECONÔMICA FEDERAL,2,12549.82
2024-02-01,2,TO,ITAU,3,8127.58
2024-02-01,2,TO,VOTORANTIM,11,66482.49
2024-03-01,1,AC,BANCO SICOOB,2,1931.22
2024-03-01,1,AC,BB,83,88042.73
2024-03-01,1,AC,BMG,5,1635.43
2024-03-01,1,AC,BRADESCO,23,37492.86
2024-03-01,1,AC,BTG PACTUAL,223,369015.59
2024-03-01,1,AC,C6 BANK,6,3763.53
2024-03-01,1,AC,CAIXA ECONÔMICA FEDERAL,433,487946.84
2024-03-01,1,AC,INTER,49,71077.82
2024-03-01,1,AC,ITAU,28,38213.07
2024-03-01,1,AC,NUBANK,354,405316.73
2024-03-01,1,AC,SANTANDER,25,35472.06
2024-03-01,1,AC,SICOOB CREDISUL,1,2437.05
2024-03-01,1,AL,BANRISUL,1,3747.92
2024-03-01,1,AL,BB,188,217595.34
2024-03-01,1,AL,BMG,8,10144.5
2024-03-01,1,AL,BRADESCO,91,90411.91
2024-03-01,1,AL,BTG PACTUAL,797,970465.59
2024-03-01,1,AL,C6 BANK,23,21529.12
2024-03-01,1,AL,CAIXA ECONÔMICA FEDERAL,1321,1388209.9
2024-03-01,1,AL,INTER,281,309120.22
2024-03-01,1,AL,ITAU,130,159250.35
2024-03-01,1,AL,NUBANK,950,883799.21
2024-03-01,1,AL,SANTANDER,44,55576.59
2024-03-01,1,AL,VOTORANTIM,1,307.63
2024-03-01,1,AM,BANCO SICOOB,1,2757.14
2024-03-01,1,AM,BB,209,284131.39
2024-03-01,1,AM,BMG,22,23719.99
2024-03-01,1,AM,BRADESCO,473,640063.56
2024-03-01,1,AM,BTG PACTUAL,1596,2381751.34
2024-03-01,1,AM,C6 BANK,53,60614.41
2024-03-01,1,AM,CAIXA ECONÔMICA FEDERAL,2249,2739196.93
2024-03-01,1,AM,CCLA DO CENTRO SUL RONDONIENSE,2,1810.41
2024-03-01,1,AM,COOP CENTRO NORTE BRASILEIRO,1,558.95
2024-03-01,1,AM,INTER,603,754589.66
2024-03-01,1,AM,ITAU,422,520489.4
2024-03-01,1,AM,NUBANK,2421,2878376.1
2024-03-01,1,AM,SANTANDER,114,156709.22
2024-03-01,1,AM,VOTORANTIM,5,8009.74
2024-03-01,1,AP,BB,80,80723.88
2024-03-01,1,AP,BMG,3,2981.12
2024-03-01,1,AP,BRADESCO,26,33820.86
2024-03-01,1,AP,BTG PACTUAL,175,258188.36
2024-03-01,1,AP,C6 BANK,9,10890.21
2024-03-01,1,AP,CAIXA ECONÔMICA FEDERAL,196,222354.63
2024-03-01,1,AP,INTER,72,77274.13
2024-03-01,1,AP,ITAU,42,60249.02
2024-03-01,1,AP,NUBANK,226,206705.78
2024-03-01,1,AP,SANTANDER,21,17828.8
2024-03-01,1,BA,BANCO SICOOB,9,17457.2
2024-03-01,1,BA,BANRISUL,3,5343.91
2024-03-01,1,BA,BB,672,786134.18
2024-03-01,1,BA,BMG,44,53309.34
2024-03-01,1,BA,BRADESCO,652,668184.96
2024-03-01,1,BA,BTG PACTUAL,3054,4025083.57
2024-03-01,1,BA,C6 BANK,102,105795.6
2024-03-01,1,BA,CAIXA ECONÔMICA FEDERAL,4754,5172853.96
2024-03-01,1,BA,CC SICOOB CREDICONQUISTA,2,3220.29
2024-03-01,1,BA,CC SICOOB NORTE SUL,1,201.99
2024-03-01,1,BA,INTER,951,1003297.81
2024-03-01,1,BA,ITAU,671,745409.94
2024-03-01,1,BA,NUBANK,3795,3865530.24
2024-03-01,1,BA,SANTANDER,248,271951.73
2024-03-01,1,BA,SOC CC SICOOB COOPERE,3,4173.9
2024-03-01,1,BA,VOTORANTIM,11,24821.98
2024-03-01,1,CE,BANCO SICOOB,1,526.78
2024-03-01,1,CE,BANRISUL,1,382.88
2024-03-01,1,CE,BB,585,656044.85
2024-03-01,1,CE,BMG,24,27477.48
2024-03-01,1,CE,BRADESCO,457,480067.49
2024-03-01,1,CE,BTG PACTUAL,2702,3391524.74
2024-03-01,1,CE,C6 BANK,67,89207.84
2024-03-01,1,CE,CAIXA ECONÔMICA FEDERAL,3765,3901339.85
2024-03-01,1,CE,INTER,963,971070.17
2024-03-01,1,CE,ITAU,407,415509.58
2024-03-01,1,CE,NUBANK,3339,3195538.69
2024-03-01,1,CE,SANTANDER,205,199000.21
2024-03-01,1,CE,VOTORANTIM,6,3470.76
2024-03-01,1,DF,BANCO SICOOB,8,10590.61
2024-03-01,1,DF,BANRISUL,1,385.08
2024-03-01,1,DF,BB,268,318229.47
2024-03-01,1,DF,BMG,14,19600.05
2024-03-01,1,DF,BRADESCO,101,109725.33
2024-03-01,1,DF,BTG PACTUAL,1115,1578994.52
2024-03-01,1,DF,C6 BANK,39,49082.09
2024-03-01,1,DF,CAIXA ECONÔMICA FEDERAL,1434,1751947.74
2024-03-01,1,DF,INTER,390,512437.64
2024-03-01,1,DF,ITAU,257,302703.85
2024-03-01,1,DF,NUBANK,1410,1584172.49
2024-03-01,1,DF,SANTANDER,113,151123.15
2024-03-01,1,DF,VOTORANTIM,4,11411.35
2024-03-01,1,ES,BANCO SICOOB,22,34496.93
2024-03-01,1,ES,BANRISUL,1,2437.28
2024-03-01,1,ES,BB,149,186017.22
2024-03-01,1,ES,BMG,11,14520.33
2024-03-01,1,ES,BRADESCO,106,132459.73
2024-03-01,1,ES,BTG PACTUAL,931,1388634.02
2024-03-01,1,ES,C6 BANK,21,27831.63
2024-03-01,1,ES,CAIXA ECONÔMICA FEDERAL,1388,1665495.02
2024-03-01,1,ES,INTER,280,351716.54
2024-03-01,1,ES,ITAU,204,258824.51
2024-03-01,1,ES,NUBANK,1009,1168602.52
2024-03-01,1,ES,SANTANDER,56,73455.74
2024-03-01,1,ES,VOTORANTIM,5,8891.72
2024-03-01,1,GO,BANCO SICOOB,6,4810.73
2024-03-01,1,GO,BB,292,367784.89
2024-03-01,1,GO,BMG,24,34736.35
2024-03-01,1,GO,BRADESCO,237,285804.48
2024-03-01,1,GO,BTG PACTUAL,1698,2358545.81
2024-03-01,1,GO,C6 BANK,68,87613.75
2024-03-01,1,GO,CAIXA ECONÔMICA FEDERAL,2117,2300795.36
2024-03-01,1,GO,CCLA SICOOB CREDIJUSTRA,1,4821.31
2024-03-01,1,GO,COOP CENTRO NORTE BRASILEIRO,1,948.21
2024-03-01,1,GO,INTER,548,682357.91
2024-03-01,1,GO,ITAU,522,672067.3
2024-03-01,1,GO,NUBANK,2004,2085619.85
2024-03-01,1,GO,SANTANDER,110,145483.31
2024-03-01,1,GO,VOTORANTIM,10,14515.7
2024-03-01,1,MA,BANCO SICOOB,4,3546.0
2024-03-01,1,MA,BB,515,559223.73
2024-03-01,1,MA,BMG,10,11792.33
2024-03-01,1,MA,BRADESCO,258,253593.23
2024-03-01,1,MA,BTG PACTUAL,995,1305405.86
2024-03-01,1,MA,C6 BANK,28,22922.54
2024-03-01,1,MA,CAIXA ECONÔMICA FEDERAL,1460,1514683.2
2024-03-01,1,MA,INTER,367,365785.42
2024-03-01,1,MA,ITAU,185,191259.04
2024-03-01,1,MA,NUBANK,1627,1531432.15
2024-03-01,1,MA,SANTANDER,83,95834.3
2024-03-01,1,MA,VOTORANTIM,5,9339.91
2024-03-01,1,MG,BANCO SICOOB,61,104337.4
2024-03-01,1,MG,BANRISUL,3,2689.06
2024-03-01,1,MG,BB,850,1102702.98
2024-03-01,1,MG,BMG,90,114499.09
2024-03-01,1,MG,BRADESCO,698,839242.84
2024-03-01,1,MG,BTG PACTUAL,4606,6700162.49
2024-03-01,1,MG,C6 BANK,129,163530.4
2024-03-01,1,MG,CAIXA ECONÔMICA FEDERAL,8578,10515837.67
2024-03-01,1,MG,CC CREDIESMERALDAS LTDA.,1,2839.71
2024-03-01,1,MG,CCLA REG. CTR. E OESTE MINEIRO,1,285.55
2024-03-01,1,MG,INTER,2278,2639246.42
2024-03-01,1,MG,ITAU,1471,1763013.28
2024-03-01,1,MG,NUBANK,5769,6809457.92
2024-03-01,1,MG,SANTANDER,335,445464.14
2024-03-01,1,MG,VOTORANTIM,14,28607.62
2024-03-01,1,MS,BANCO SICOOB,4,4954.89
2024-03-01,1,MS,BANRISUL,1,202.16
2024-03-01,1,MS,BB,238,296930.7
2024-03-01,1,MS,BMG,18,19632.15
2024-03-01,1,MS,BRADESCO,233,280729.53
2024-03-01,1,MS,BTG PACTUAL,935,1304031.41
2024-03-01,1,MS,C6 BANK,29,38959.21
2024-03-01,1,MS,CAIXA ECONÔMICA FEDERAL,1777,2172476.36
2024-03-01,1,MS,INTER,206,275500.51
2024-03-01,1,MS,ITAU,152,188996.65
2024-03-01,1,MS,NUBANK,1249,1427777.44
2024-03-01,1,MS,SANTANDER,84,95451.85
2024-03-01,1,MS,VOTORANTIM,4,4343.77
2024-03-01,1,MT,BANCO SICOOB,17,28758.25
2024-03-01,1,MT,BB,274,429311.23
2024-03-01,1,MT,BMG,15,27866.05
2024-03-01,1,MT,BRADESCO,161,247640.07
2024-03-01,1,MT,BTG PACTUAL,1007,1652957.16
2024-03-01,1,MT,C6 BANK,44,68400.4
2024-03-01,1,MT,CAIXA ECONÔMICA FEDERAL,1212,1816835.21
2024-03-01,1,MT,CCLA DO CENTRO SUL RONDONIENSE,2,3654.98
2024-03-01,1,MT,CCLA NORTE DE MATO GROSSO - SICOOB NORTE MT,1,561.85
2024-03-01,1,MT,INTER,229,303425.81
2024-03-01,1,MT,ITAU,137,180833.5
2024-03-01,1,MT,NUBANK,1213,1568931.2
2024-03-01,1,MT,SANTANDER,67,93153.05
2024-03-01,1,MT,SICOOB CREDISUL,2,4471.46
2024-03-01,1,MT,VOTORANTIM,13,22751.94
2024-03-01,1,PA,BANCO SICOOB,2,3318.91
2024-03-01,1,PA,BB,456,486724.25
2024-03-01,1,PA,BCO DO EST. DO PA S.A.,4,12603.55
2024-03-01,1,PA,BMG,13,14336.98
2024-03-01,1,PA,BRADESCO,337,352726.14
2024-03-01,1,PA,BTG PACTUAL,1750,2104211.91
2024-03-01,1,PA,C6 BANK,60,69002.96
2024-03-01,1,PA,CAIXA ECONÔMICA FEDERAL,1989,1870526.22
2024-03-01,1,PA,INTER,710,706204.79
2024-03-01,1,PA,ITAU,390,426567.64
2024-03-01,1,PA,NUBANK,2671,2395022.51
2024-03-01,1,PA,SANTANDER,124,143904.38
2024-03-01,1,PA,VOTORANTIM,8,11449.48
2024-03-01,1,PB,BANCO SICOOB,1,1210.45
2024-03-01,1,PB,BB,268,318586.65
2024-03-01,1,PB,BMG,15,19797.62
2024-03-01,1,PB,BRADESCO,236,239640.55
2024-03-01,1,PB,BTG PACTUAL,1086,1467242.67
2024-03-01,1,PB,C6 BANK,30,36487.61
2024-03-01,1,PB,CAIXA ECONÔMICA FEDERAL,1796,1927649.03
2024-03-01,1,PB,INTER,293,315074.74
2024-03-01,1,PB,ITAU,188,188544.59
2024-03-01,1,PB,NUBANK,1343,1368236.92
2024-03-01,1,PB,SANTANDER,76,93285.61
2024-03-01,1,PB,VOTORANTIM,3,6466.75
2024-03-01,1,PE,BANCO SICOOB,3,1778.57
2024-03-01,1,PE,BB,419,465566.2
2024-03-01,1,PE,BMG,32,39228.74
2024-03-01,1,PE,BRADESCO,381,425268.49
2024-03-01,1,PE,BTG PACTUAL,2112,2554299.64
2024-03-01,1,PE,C6 BANK,50,69104.06
2024-03-01,1,PE,CAIXA ECONÔMICA FEDERAL,3513,3701618.88
2024-03-01,1,PE,CC SICOOB COOPEMAR,1,1437.37
2024-03-01,1,PE,INTER,711,743333.48
2024-03-01,1,PE,ITAU,473,548948.74
2024-03-01,1,PE,NUBANK,2695,2722122.47
2024-03-01,1,PE,SANTANDER,192,211440.59
2024-03-01,1,PE,VOTORANTIM,8,13635.83
2024-03-01,1,PI,BANCO SICOOB,1,326.07
2024-03-01,1,PI,BANRISUL,1,200.14
2024-03-01,1,PI,BB,315,378756.76
2024-03-01,1,PI,BMG,11,10725.26
2024-03-01,1,PI,BRADESCO,104,126804.26
2024-03-01,1,PI,BTG PACTUAL,809,1064919.32
2024-03-01,1,PI,C6 BANK,12,10457.68
2024-03-01,1,PI,CAIXA ECONÔMICA FEDERAL,1405,1608750.73
2024-03-01,1,PI,INTER,222,264118.29
2024-03-01,1,PI,ITAU,104,107609.92
2024-03-01,1,PI,NUBANK,1040,1102327.02
2024-03-01,1,PI,SANTANDER,47,53526.64
2024-03-01,1,PI,VOTORANTIM,3,1125.4
2024-03-01,1,PR,BANCO SICOOB,13,18400.47
2024-03-01,1,PR,BANRISUL,2,3267.14
2024-03-01,1,PR,BB,462,612336.79
2024-03-01,1,PR,BMG,25,38417.05
2024-03-01,1,PR,BRADESCO,385,471207.45
2024-03-01,1,PR,BTG PACTUAL,2870,4284379.85
2024-03-01,1,PR,C6 BANK,105,135475.84
2024-03-01,1,PR,CAIXA ECONÔMICA FEDERAL,3801,4371971.4
2024-03-01,1,PR,CC SICOOB VALE SUL,3,7200.28
2024-03-01,1,PR,CCLA SICOOB ARENITO PARANÁ / SÃO PAULO,1,301.23
2024-03-01,1,PR,INTER,595,721240.06
2024-03-01,1,PR,ITAU,861,1048055.85
2024-03-01,1,PR,NUBANK,3344,3909675.9
2024-03-01,1,PR,SANTANDER,219,259760.74
2024-03-01,1,PR,VOTORANTIM,11,13241.7
2024-03-01,1,RJ,BANCO SICOOB,11,9155.31
2024-03-01,1,RJ,BANRISUL,2,3618.37
2024-03-01,1,RJ,BB,606,656839.17
2024-03-01,1,RJ,BMG,71,74528.71
2024-03-01,1,RJ,BRADESCO,1169,1182501.58
2024-03-01,1,RJ,BTG PACTUAL,5406,6725841.23
2024-03-01,1,RJ,C6 BANK,246,242052.4
2024-03-01,1,RJ,CAIXA ECONÔMICA FEDERAL,8044,8469522.52
2024-03-01,1,RJ,INTER,1673,1813141.86
2024-03-01,1,RJ,ITAU,2703,2822999.3
2024-03-01,1,RJ,NUBANK,7862,7496198.24
2024-03-01,1,RJ,SANTANDER,741,800604.03
2024-03-01,1,RJ,VOTORANTIM,15,10852.98
2024-03-01,1,RN,BANCO SICOOB,2,5389.66
2024-03-01,1,RN,BB,310,342895.57
2024-03-01,1,RN,BMG,32,67640.31
2024-03-01,1,RN,BRADESCO,88,106203.34
2024-03-01,1,RN,BTG PACTUAL,991,1330373.24
2024-03-01,1,RN,C6 BANK,28,26404.62
2024-03-01,1,RN,CAIXA ECONÔMICA FEDERAL,1315,1409659.93
2024-03-01,1,RN,INTER,303,354784.18
2024-03-01,1,RN,ITAU,130,162032.87
2024-03-01,1,RN,NUBANK,1217,1194626.77
2024-03-01,1,RN,SANTANDER,63,82853.94
2024-03-01,1,RN,VOTORANTIM,2,976.98
2024-03-01,1,RO,BANCO SICOOB,2,3683.08
2024-03-01,1,RO,BB,213,325927.84
2024-03-01,1,RO,BMG,7,13098.08
2024-03-01,1,RO,BRADESCO,77,103731.57
2024-03-01,1,RO,BTG PACTUAL,551,843543.36
2024-03-01,1,RO,C.C. DO CENTRO DO ESTADO DE RONDÔNIA,3,1967.69
2024-03-01,1,RO,C6 BANK,19,28706.73
2024-03-01,1,RO,CAIXA ECONÔMICA FEDERAL,994,1272160.56
2024-03-01,1,RO,CC INV DE RONDÔNIA - SICOOB CREDJURD,2,6067.45
2024-03-01,1,RO,CCLA DO CENTRO SUL RONDONIENSE,16,29165.37
2024-03-01,1,RO,INTER,204,224541.98
2024-03-01,1,RO,ITAU,85,126814.65
2024-03-01,1,RO,NUBANK,904,1139392.11
2024-03-01,1,RO,SANTANDER,45,67523.15
2024-03-01,1,RO,SICOOB AMAZÔNIA,3,7322.73
2024-03-01,1,RO,SICOOB CREDISUL,3,3871.39
2024-03-01,1,RO,VOTORANTIM,4,6886.69
2024-03-01,1,RR,BB,84,106109.02
2024-03-01,1,RR,BRADESCO,20,23341.42
2024-03-01,1,RR,BTG PACTUAL,170,249659.56
2024-03-01,1,RR,C6 BANK,7,4052.76
2024-03-01,1,RR,CAIXA ECONÔMICA FEDERAL,226,252310.92
2024-03-01,1,RR,INTER,64,81215.23
2024-03-01,1,RR,ITAU,55,65788.35
2024-03-01,1,RR,NUBANK,248,289210.45
2024-03-01,1,RR,SANTANDER,17,20776.86
2024-03-01,1,RR,VOTORANTIM,1,1544.0
2024-03-01,1,RS,BANCO SICOOB,2,2409.54
2024-03-01,1,RS,BANRISUL,142,159793.06
2024-03-01,1,RS,BB,440,520057.55
2024-03-01,1,RS,BMG,29,36683.15
2024-03-01,1,RS,BRADESCO,357,400513.49
2024-03-01,1,RS,BTG PACTUAL,2649,3580050.17
2024-03-01,1,RS,C6 BANK,87,118501.53
2024-03-01,1,RS,CAIXA ECONÔMICA FEDERAL,4851,5504836.3
2024-03-01,1,RS,CC SICOOB VALE SUL,1,588.62
2024-03-01,1,RS,CCLAA ITAIPU SICOOB CREDITAIPU,1,774.77
2024-03-01,1,RS,INTER,702,846774.91
2024-03-01,1,RS,ITAU,556,625792.43
2024-03-01,1,RS,NUBANK,3328,3658407.56
2024-03-01,1,RS,SANTANDER,222,254398.59
2024-03-01,1,RS,VOTORANTIM,10,9953.32
2024-03-01,1,SC,BANCO SICOOB,16,21611.66
2024-03-01,1,SC,BANRISUL,4,5882.55
2024-03-01,1,SC,BB,289,386512.81
2024-03-01,1,SC,BMG,18,27406.51
2024-03-01,1,SC,BRADESCO,257,318822.99
2024-03-01,1,SC,BTG PACTUAL,1901,2991941.34
2024-03-01,1,SC,C6 BANK,91,115915.77
2024-03-01,1,SC,CAIXA ECONÔMICA FEDERAL,2213,2904606.15
2024-03-01,1,SC,CC LITORÂNEA,1,1161.92
2024-03-01,1,SC,CCLA DO VALE,1,376.88
2024-03-01,1,SC,CCLA MAXI ALFA,10,17006.69
2024-03-01,1,SC,CCLAA ITAIPU SICOOB CREDITAIPU,1,147.99
2024-03-01,1,SC,INTER,389,530177.74
2024-03-01,1,SC,ITAU,319,414276.51
2024-03-01,1,SC,NUBANK,2069,2696952.44
2024-03-01,1,SC,SANTANDER,99,122865.51
2024-03-01,1,SC,SICOOB VALE DOS PINHAIS,1,2220.17
2024-03-01,1,SC,VOTORANTIM,5,8947.33
2024-03-01,1,SE,BB,113,123301.16
2024-03-01,1,SE,BMG,6,14096.45
2024-03-01,1,SE,BRADESCO,53,50200.26
2024-03-01,1,SE,BTG PACTUAL,564,704739.98
2024-03-01,1,SE,C6 BANK,15,18702.43
2024-03-01,1,SE,CAIXA ECONÔMICA FEDERAL,910,1027181.33
2024-03-01,1,SE,INTER,185,191200.18
2024-03-01,1,SE,ITAU,62,73889.33
2024-03-01,1,SE,NUBANK,686,638999.92
2024-03-01,1,SE,SANTANDER,21,16650.53
2024-03-01,1,SE,VOTORANTIM,2,5169.01
2024-03-01,1,SP,BANCO SICOOB,19,25141.5
2024-03-01,1,SP,BANRISUL,9,14333.27
2024-03-01,1,SP,BB,2106,2465902.73
2024-03-01,1,SP,BMG,166,240386.47
2024-03-01,1,SP,BRADESCO,3121,3411256.1
2024-03-01,1,SP,C6 BANK,615,737884.6
2024-03-01,1,SP,CC CREDINACIONAL LTDA - SICOOB CREDINACIONAL,1,2971.8
2024-03-01,1,SP,CCLA MAXI ALFA,1,413.34
2024-03-01,1,SP,INTER,3837,4379806.46
2024-03-01,1,SP,ITAU,5939,6688405.11
2024-03-01,1,SP,SANTANDER,1642,1897615.84
2024-03-01,1,SP,VOTORANTIM,44,50782.99
2024-03-01,1,TO,BANCO SICOOB,1,1731.36
2024-03-01,1,TO,BB,100,96025.08
2024-03-01,1,TO,BMG,6,13681.31
2024-03-01,1,TO,BRADESCO,40,49233.74
2024-03-01,1,TO,BTG PACTUAL,204,254792.38
2024-03-01,1,TO,C6 BANK,6,6120.96
2024-03-01,1,TO,CAIXA ECONÔMICA FEDERAL,324,379725.11
2024-03-01,1,TO,INTER,76,74403.89
2024-03-01,1,TO,ITAU,36,46982.2
2024-03-01,1,TO,NUBANK,356,356445.65
2024-03-01,1,TO,SANTANDER,22,16970.33
2024-03-01,2,AC,VOTORANTIM,5,7577.83
2024-03-01,2,AL,BTG PACTUAL,4,20311.14
2024-03-01,2,AL,C6 BANK,2,425.61
2024-03-01,2,AL,VOTORANTIM,21,138686.89
2024-03-01,2,AM,BRADESCO,9,96215.94
2024-03-01,2,AM,BTG PACTUAL,6,17449.0
2024-03-01,2,AM,C6 BANK,6,1359.54
2024-03-01,2,AM,VOTORANTIM,22,167093.47
2024-03-01,2,AP,VOTORANTIM,7,22751.78
2024-03-01,2,BA,BRADESCO,8,41083.24
2024-03-01,2,BA,BTG PACTUAL,11,35186.92
2024-03-01,2,BA,C6 BANK,14,3041.0
2024-03-01,2,BA,CAIXA ECONÔMICA FEDERAL,1,108.29
2024-03-01,2,BA,VOTORANTIM,62,309318.82
2024-03-01,2,CE,BB,1,205.85
2024-03-01,2,CE,BRADESCO,11,84928.37
2024-03-01,2,CE,BTG PACTUAL,8,20470.44
2024-03-01,2,CE,C6 BANK,9,1920.58
2024-03-01,2,CE,CAIXA ECONÔMICA FEDERAL,1,89.94
2024-03-01,2,CE,VOTORANTIM,62,256954.48
2024-03-01,2,DF,BRADESCO,5,22925.75
2024-03-01,2,DF,BTG PACTUAL,4,9577.94
2024-03-01,2,DF,C6 BANK,5,1355.92
2024-03-01,2,DF,ITAU,1,8.55
2024-03-01,2,DF,VOTORANTIM,33,148871.61
2024-03-01,2,ES,BRADESCO,2,7183.61
2024-03-01,2,ES,BTG PACTUAL,3,11254.2
2024-03-01,2,ES,C6 BANK,2,404.46
2024-03-01,2,ES,VOTORANTIM,30,142184.26
2024-03-01,2,GO,BRADESCO,7,46936.17
2024-03-01,2,GO,BTG PACTUAL,4,7372.26
2024-03-01,2,GO,C6 BANK,5,2094.88
2024-03-01,2,GO,CAIXA ECONÔMICA FEDERAL,1,67.29
2024-03-01,2,GO,VOTORANTIM,70,407328.31
2024-03-01,2,MA,BRADESCO,4,14027.5
2024-03-01,2,MA,C6 BANK,2,592.24
2024-03-01,2,MA,VOTORANTIM,33,125983.44
2024-03-01,2,MG,BRADESCO,22,135242.51
2024-03-01,2,MG,BTG PACTUAL,14,48635.47
2024-03-01,2,MG,C6 BANK,14,3168.69
2024-03-01,2,MG,CAIXA ECONÔMICA FEDERAL,1,3.28
2024-03-01,2,MG,SANTANDER,1,118.93
2024-03-01,2,MG,VOTORANTIM,208,845746.82
2024-03-01,2,MS,BRADESCO,6,13905.88
2024-03-01,2,MS,BTG PACTUAL,1,9746.24
2024-03-01,2,MS,C6 BANK,4,887.86
2024-03-01,2,MS,CAIXA ECONÔMICA FEDERAL,1,102.84
2024-03-01,2,MS,VOTORANTIM,40,136113.43
2024-03-01,2,MT,BRADESCO,3,26697.77
2024-03-01,2,MT,BTG PACTUAL,3,26056.6
2024-03-01,2,MT,C6 BANK,2,428.27
2024-03-01,2,MT,VOTORANTIM,50,301311.85
2024-03-01,2,PA,BRADESCO,3,40294.81
2024-03-01,2,PA,BTG PACTUAL,4,11918.12
2024-03-01,2,PA,C6 BANK,3,659.69
2024-03-01,2,PA,VOTORANTIM,40,325527.03
2024-03-01,2,PB,BRADESCO,19,230680.59
2024-03-01,2,PB,BTG PACTUAL,8,11648.78
2024-03-01,2,PB,C6 BANK,1,201.48
2024-03-01,2,PB,VOTORANTIM,31,93675.33
2024-03-01,2,PE,BRADESCO,22,198451.81
2024-03-01,2,PE,BTG PACTUAL,10,21161.66
2024-03-01,2,PE,C6 BANK,3,716.44
2024-03-01,2,PE,VOTORANTIM,43,127836.45
2024-03-01,2,PI,BTG PACTUAL,3,9509.78
2024-03-01,2,PI,C6 BANK,2,510.64
2024-03-01,2,PI,VOTORANTIM,21,93744.39
2024-03-01,2,PR,BRADESCO,20,249746.27
2024-03-01,2,PR,BTG PACTUAL,9,36197.03
2024-03-01,2,PR,C6 BANK,12,2755.8
2024-03-01,2,PR,ITAU,1,3675.33
2024-03-01,2,PR,VOTORANTIM,174,745857.78
2024-03-01,2,RJ,BRADESCO,72,934599.94
2024-03-01,2,RJ,BTG PACTUAL,21,85349.94
2024-03-01,2,RJ,C6 BANK,15,3519.5
2024-03-01,2,RJ,ITAU,2,342.42
2024-03-01,2,RJ,VOTORANTIM,188,956719.86
2024-03-01,2,RN,BRADESCO,2,9093.44
2024-03-01,2,RN,BTG PACTUAL,1,1320.31
2024-03-01,2,RN,C6 BANK,6,1214.12
2024-03-01,2,RN,VOTORANTIM,33,212973.53
2024-03-01,2,RO,BRADESCO,2,6928.71
2024-03-01,2,RO,BTG PACTUAL,1,825.53
2024-03-01,2,RO,C6 BANK,1,251.79
2024-03-01,2,RO,VOTORANTIM,15,52454.08
2024-03-01,2,RR,BRADESCO,5,124665.98
2024-03-01,2,RR,BTG PACTUAL,1,2189.83
2024-03-01,2,RR,VOTORANTIM,4,19153.68
2024-03-01,2,RS,BB,1,200.05
2024-03-01,2,RS,BRADESCO,25,222661.3
2024-03-01,2,RS,BTG PACTUAL,13,26800.76
2024-03-01,2,RS,C6 BANK,11,2659.04
2024-03-01,2,RS,CAIXA ECONÔMICA FEDERAL,1,82.76
2024-03-01,2,RS,SANTANDER,1,121.28
2024-03-01,2,RS,VOTORANTIM,127,510060.96
2024-03-01,2,SC,BRADESCO,15,153346.25
2024-03-01,2,SC,BTG PACTUAL,5,9648.28
2024-03-01,2,SC,C6 BANK,2,529.51
2024-03-01,2,SC,VOTORANTIM,117,691931.59
2024-03-01,2,SE,BTG PACTUAL,3,3721.09
2024-03-01,2,SE,C6 BANK,2,419.59
2024-03-01,2,SE,VOTORANTIM,12,25544.44
2024-03-01,2,SP,BRADESCO,131,1194144.62
2024-03-01,2,SP,BTG PACTUAL,60,151630.97
2024-03-01,2,SP,C6 BANK,52,16294.94
2024-03-01,2,SP,CAIXA ECONÔMICA FEDERAL,1,4724.82
2024-03-01,2,SP,ITAU,7,11841.56
2024-03-01,2,SP,SANTANDER,4,584.78
2024-03-01,2,SP,VOTORANTIM,793,3400926.37
2024-03-01,2,TO,BRADESCO,1,3710.26
2024-03-01,2,TO,VOTORANTIM,8,42582.01
2024-04-01,1,AC,BB,130,174060.94
2024-04-01,1,AC,BMG,1,900.68
2024-04-01,1,AC,BRADESCO,24,47063.76
2024-04-01,1,AC,BTG PACTUAL,223,312227.48
2024-04-01,1,AC,C6 BANK,7,10063.21
2024-04-01,1,AC,CAIXA ECONÔMICA FEDERAL,192,225998.04
2024-04-01,1,AC,INTER,49,50695.05
2024-04-01,1,AC,ITAU,29,39510.06
2024-04-01,1,AC,NUBANK,396,406631.41
2024-04-01,1,AC,SANTANDER,36,21677.91
2024-04-01,1,AL,BANCO SICOOB,1,167.11
2024-04-01,1,AL,BB,207,244054.9
2024-04-01,1,AL,BMG,2,5470.62
2024-04-01,1,AL,BRADESCO,94,84210.35
2024-04-01,1,AL,BTG PACTUAL,688,793758.6
2024-04-01,1,AL,C6 BANK,7,11754.83
2024-04-01,1,AL,CAIXA ECONÔMICA FEDERAL,591,564934.95
2024-04-01,1,AL,INTER,182,171567.29
2024-04-01,1,AL,ITAU,110,118551.79
2024-04-01,1,AL,NUBANK,827,709671.29
2024-04-01,1,AL,SANTANDER,117,31373.04
2024-04-01,1,AL,VOTORANTIM,3,1479.15
2024-04-01,1,AM,BANRISUL,1,2683.01
2024-04-01,1,AM,BB,210,243799.57
2024-04-01,1,AM,BMG,9,21947.87
2024-04-01,1,AM,BRADESCO,484,650407.51
2024-04-01,1,AM,BTG PACTUAL,1378,1912017.84
2024-04-01,1,AM,C6 BANK,16,14986.96
2024-04-01,1,AM,CAIXA ECONÔMICA FEDERAL,1086,1298721.57
2024-04-01,1,AM,INTER,472,536962.97
2024-04-01,1,AM,ITAU,357,457586.66
2024-04-01,1,AM,NUBANK,2133,2377686.38
2024-04-01,1,AM,SANTANDER,305,109362.43
2024-04-01,1,AM,SICOOB AMAZÔNIA,1,2343.96
2024-04-01,1,AM,SICOOB CREDISUL,1,308.69
2024-04-01,1,AM,VOTORANTIM,1,1657.38
2024-04-01,1,AP,BB,106,107422.13
2024-04-01,1,AP,BCO DO EST. DO PA S.A.,1,3833.16
2024-04-01,1,AP,BRADESCO,20,14405.89
2024-04-01,1,AP,BTG PACTUAL,174,228630.49
2024-04-01,1,AP,C6 BANK,4,7024.63
2024-04-01,1,AP,CAIXA ECONÔMICA FEDERAL,102,92207.62
2024-04-01,1,AP,INTER,67,76237.13
2024-04-01,1,AP,ITAU,37,40162.21
2024-04-01,1,AP,NUBANK,245,189412.27
2024-04-01,1,AP,SANTANDER,34,16121.12
2024-04-01,1,BA,BANCO SICOOB,4,3742.1
2024-04-01,1,BA,BB,917,1037055.03
2024-04-01,1,BA,BMG,6,7591.02
2024-04-01,1,BA,BRADESCO,673,702102.05
2024-04-01,1,BA,BTG PACTUAL,2786,3439176.74
2024-04-01,1,BA,C6 BANK,57,56545.44
2024-04-01,1,BA,CAIXA ECONÔMICA FEDERAL,2187,2216207.44
2024-04-01,1,BA,INTER,804,797258.95
2024-04-01,1,BA,ITAU,581,694800.89
2024-04-01,1,BA,NUBANK,3603,3486897.32
2024-04-01,1,BA,SANTANDER,580,166671.43
2024-04-01,1,BA,SOC CC SICOOB COOPERE,3,10391.08
2024-04-01,1,BA,VOTORANTIM,6,9161.33
2024-04-01,1,CE,BANCO SICOOB,1,2039.64
2024-04-01,1,CE,BANRISUL,2,3542.51
2024-04-01,1,CE,BB,697,768131.45
2024-04-01,1,CE,BMG,7,5455.06
2024-04-01,1,CE,BRADESCO,504,539224.75
2024-04-01,1,CE,BTG PACTUAL,2400,2958498.02
2024-04-01,1,CE,C6 BANK,39,36936.5
2024-04-01,1,CE,CAIXA ECONÔMICA FEDERAL,1579,1530799.95
2024-04-01,1,CE,INTER,755,742154.15
2024-04-01,1,CE,ITAU,383,423153.47
2024-04-01,1,CE,NUBANK,3181,2934200.49
2024-04-01,1,CE,SANTANDER,559,148818.22
2024-04-01,1,CE,VOTORANTIM,7,11748.19
2024-04-01,1,DF,BANCO SICOOB,1,1066.85
2024-04-01,1,DF,BANRISUL,1,3690.33
2024-04-01,1,DF,BB,327,435430.84
2024-04-01,1,DF,BMG,6,5382.31
2024-04-01,1,DF,BRADESCO,115,141186.97
2024-04-01,1,DF,BTG PACTUAL,1003,1437476.97
2024-04-01,1,DF,C6 BANK,32,36579.39
2024-04-01,1,DF,CAIXA ECONÔMICA FEDERAL,582,633233.03
2024-04-01,1,DF,INTER,311,357523.46
2024-04-01,1,DF,ITAU,202,220535.38
2024-04-01,1,DF,NUBANK,1199,1221414.58
2024-04-01,1,DF,SANTANDER,225,75735.9
2024-04-01,1,DF,VOTORANTIM,2,2807.01
2024-04-01,1,ES,BANCO SICOOB,9,15627.85
2024-04-01,1,ES,BB,163,204751.39
2024-04-01,1,ES,BMG,1,1723.33
2024-04-01,1,ES,BRADESCO,82,99177.48
2024-04-01,1,ES,BTG PACTUAL,828,1173510.57
2024-04-01,1,ES,C6 BANK,13,11483.54
2024-04-01,1,ES,CAIXA ECONÔMICA FEDERAL,554,667957.48
2024-04-01,1,ES,INTER,220,244072.6
2024-04-01,1,ES,ITAU,157,208018.82
2024-04-01,1,ES,NUBANK,893,934155.69
2024-04-01,1,ES,SANTANDER,216,52256.22
2024-04-01,1,GO,BANCO SICOOB,2,4440.91
2024-04-01,1,GO,BB,343,452748.27
2024-04-01,1,GO,BMG,8,16752.39
2024-04-01,1,GO,BRADESCO,233,240810.16
2024-04-01,1,GO,BTG PACTUAL,1493,2056768.82
2024-04-01,1,GO,C6 BANK,30,39846.62
2024-04-01,1,GO,CAIXA ECONÔMICA FEDERAL,925,935276.37
2024-04-01,1,GO,COOP CENTRO NORTE BRASILEIRO,1,106.22
2024-04-01,1,GO,INTER,439,460822.69
2024-04-01,1,GO,ITAU,381,456274.27
2024-04-01,1,GO,NUBANK,1758,1714822.69
2024-04-01,1,GO,SANTANDER,275,95492.8
2024-04-01,1,GO,VOTORANTIM,5,4919.18
2024-04-01,1,MA,BANCO SICOOB,1,211.84
2024-04-01,1,MA,BANRISUL,1,317.63
2024-04-01,1,MA,BB,571,595727.22
2024-04-01,1,MA,BMG,4,2176.34
2024-04-01,1,MA,BRADESCO,232,234805.42
2024-04-01,1,MA,BTG PACTUAL,920,1086323.61
2024-04-01,1,MA,C6 BANK,17,28841.69
2024-04-01,1,MA,CAIXA ECONÔMICA FEDERAL,679,584349.32
2024-04-01,1,MA,INTER,304,268519.67
2024-04-01,1,MA,ITAU,149,163411.11
2024-04-01,1,MA,NUBANK,1420,1257815.39
2024-04-01,1,MA,SANTANDER,177,56332.56
2024-04-01,1,MA,VOTORANTIM,2,966.71
2024-04-01,1,MG,BANCO SICOOB,35,46821.46
2024-04-01,1,MG,BANRISUL,7,11006.79
2024-04-01,1,MG,BB,999,1348497.7
2024-04-01,1,MG,BMG,20,27010.95
2024-04-01,1,MG,BRADESCO,746,930088.27
2024-04-01,1,MG,BTG PACTUAL,4278,6097368.56
2024-04-01,1,MG,C6 BANK,80,82741.76
2024-04-01,1,MG,CAIXA ECONÔMICA FEDERAL,3867,4667070.88
2024-04-01,1,MG,CC CREDINACIONAL LTDA - SICOOB CREDINACIONAL,1,558.21
2024-04-01,1,MG,CCLA REG. CTR. E OESTE MINEIRO,1,3329.07
2024-04-01,1,MG,CCLA UNIÃO CENTRO OESTE MINAS,1,2895.21
2024-04-01,1,MG,INTER,1873,1930529.82
2024-04-01,1,MG,ITAU,1220,1522649.08
2024-04-01,1,MG,NUBANK,5310,6013081.19
2024-04-01,1,MG,SANTANDER,871,318130.31
2024-04-01,1,MG,VOTORANTIM,7,15567.41
2024-04-01,1,MS,BANRISUL,1,865.05
2024-04-01,1,MS,BB,282,349743.81
2024-04-01,1,MS,BMG,1,3753.75
2024-04-01,1,MS,BRADESCO,209,265259.59
2024-04-01,1,MS,BTG PACTUAL,820,1121108.5
2024-04-01,1,MS,C6 BANK,26,23105.02
2024-04-01,1,MS,CAIXA ECONÔMICA FEDERAL,703,792770.36
2024-04-01,1,MS,INTER,223,236353.36
2024-04-01,1,MS,ITAU,126,163315.96
2024-04-01,1,MS,NUBANK,1188,1309208.53
2024-04-01,1,MS,SANTANDER,192,79319.02
2024-04-01,1,MS,VOTORANTIM,1,471.73
2024-04-01,1,MT,BANCO SICOOB,4,3712.75
2024-04-01,1,MT,BB,294,416818.5
2024-04-01,1,MT,BMG,6,2596.5
2024-04-01,1,MT,BRADESCO,168,241586.86
2024-04-01,1,MT,BTG PACTUAL,876,1466262.47
2024-04-01,1,MT,C6 BANK,22,36613.5
2024-04-01,1,MT,CAIXA ECONÔMICA FEDERAL,522,712042.87
2024-04-01,1,MT,CCLA DO CENTRO SUL RONDONIENSE,1,4998.71
2024-04-01,1,MT,CCLA NORTE DE MATO GROSSO - SICOOB NORTE MT,1,557.99
2024-04-01,1,MT,INTER,184,251330.08
2024-04-01,1,MT,ITAU,102,144875.39
2024-04-01,1,MT,NUBANK,1098,1430946.46
2024-04-01,1,MT,SANTANDER,155,82187.89
2024-04-01,1,MT,VOTORANTIM,3,2492.43
2024-04-01,1,PA,BANCO SICOOB,1,1137.37
2024-04-01,1,PA,BB,483,537176.69
2024-04-01,1,PA,BCO DO EST. DO PA S.A.,5,9460.19
2024-04-01,1,PA,BMG,5,9013.39
2024-04-01,1,PA,BRADESCO,341,357049.39
2024-04-01,1,PA,BTG PACTUAL,1576,1791833.41
2024-04-01,1,PA,C6 BANK,37,30402.19
2024-04-01,1,PA,CAIXA ECONÔMICA FEDERAL,1033,857296.6
2024-04-01,1,PA,CCLA SICOOB CREDIJUSTRA,1,449.29
2024-04-01,1,PA,INTER,579,533230.75
2024-04-01,1,PA,ITAU,351,390386.62
2024-04-01,1,PA,NUBANK,2289,2026965.37
2024-04-01,1,PA,SANTANDER,291,85184.57
2024-04-01,1,PA,VOTORANTIM,4,4121.21
2024-04-01,1,PB,BB,272,297555.05
2024-04-01,1,PB,BMG,5,7480.87
2024-04-01,1,PB,BRADESCO,210,226382.05
2024-04-01,1,PB,BTG PACTUAL,998,1188415.55
2024-04-01,1,PB,C6 BANK,14,20417.69
2024-04-01,1,PB,CAIXA ECONÔMICA FEDERAL,673,647893.1
2024-04-01,1,PB,CC INV DE RONDÔNIA - SICOOB CREDJURD,1,2130.1
2024-04-01,1,PB,INTER,274,283653.78
2024-04-01,1,PB,ITAU,149,159256.59
2024-04-01,1,PB,NUBANK,1137,1087352.01
2024-04-01,1,PB,SANTANDER,134,41060.71
2024-04-01,1,PB,VOTORANTIM,2,2273.54
2024-04-01,1,PE,BANCO SICOOB,5,3933.09
2024-04-01,1,PE,BANRISUL,1,789.2
2024-04-01,1,PE,BB,486,522637.91
2024-04-01,1,PE,BMG,8,8306.25
2024-04-01,1,PE,BRADESCO,406,418716.8
2024-04-01,1,PE,BTG PACTUAL,1984,2375090.78
2024-04-01,1,PE,C6 BANK,34,30348.66
2024-04-01,1,PE,CAIXA ECONÔMICA FEDERAL,1581,1562317.67
2024-04-01,1,PE,CC SICOOB COOPEMAR,1,600.27
2024-04-01,1,PE,INTER,581,580419.46
2024-04-01,1,PE,ITAU,477,519558.39
2024-04-01,1,PE,NUBANK,2611,2342340.76
2024-04-01,1,PE,SANTANDER,475,168055.56
2024-04-01,1,PE,VOTORANTIM,9,9166.34
2024-04-01,1,PI,BB,312,355530.45
2024-04-01,1,PI,BMG,7,3371.01
2024-04-01,1,PI,BRADESCO,76,90353.33
2024-04-01,1,PI,BTG PACTUAL,629,847278.5
2024-04-01,1,PI,C6 BANK,8,12549.56
2024-04-01,1,PI,CAIXA ECONÔMICA FEDERAL,491,473480.19
2024-04-01,1,PI,INTER,193,198641.39
2024-04-01,1,PI,ITAU,77,79591.49
2024-04-01,1,PI,NUBANK,928,917528.21
2024-04-01,1,PI,SANTANDER,90,22088.67
2024-04-01,1,PI,VOTORANTIM,4,5336.02
2024-04-01,1,PR,BANCO SICOOB,6,9385.14
2024-04-01,1,PR,BB,497,687105.63
2024-04-01,1,PR,BMG,7,6128.66
2024-04-01,1,PR,BRADESCO,420,487374.98
2024-04-01,1,PR,BTG PACTUAL,2643,3699724.23
2024-04-01,1,PR,C6 BANK,69,75051.97
2024-04-01,1,PR,CAIXA ECONÔMICA FEDERAL,1843,2068424.89
2024-04-01,1,PR,CC SICOOB VALE SUL,3,6344.72
2024-04-01,1,PR,INTER,550,647030.32
2024-04-01,1,PR,ITAU,750,909619.91
2024-04-01,1,PR,NUBANK,3231,3673237.44
2024-04-01,1,PR,SANTANDER,389,158360.0
2024-04-01,1,PR,VOTORANTIM,11,22931.09
2024-04-01,1,RJ,BANCO SICOOB,6,5868.56
2024-04-01,1,RJ,BANRISUL,3,1778.91
2024-04-01,1,RJ,BB,825,909278.44
2024-04-01,1,RJ,BMG,16,16585.99
2024-04-01,1,RJ,BRADESCO,1078,1068399.18
2024-04-01,1,RJ,BTG PACTUAL,4956,6002467.26
2024-04-01,1,RJ,C6 BANK,146,158039.73
2024-04-01,1,RJ,CAIXA ECONÔMICA FEDERAL,4052,3921170.36
2024-04-01,1,RJ,INTER,1387,1316786.16
2024-04-01,1,RJ,ITAU,2309,2417753.44
2024-04-01,1,RJ,NUBANK,7184,6657231.97
2024-04-01,1,RJ,SANTANDER,1717,504841.51
2024-04-01,1,RJ,VOTORANTIM,12,24255.0
2024-04-01,1,RN,BANRISUL,1,246.35
2024-04-01,1,RN,BB,297,303893.55
2024-04-01,1,RN,BMG,3,4176.34
2024-04-01,1,RN,BRADESCO,109,104869.83
2024-04-01,1,RN,BTG PACTUAL,800,1016358.47
2024-04-01,1,RN,C6 BANK,20,29605.99
2024-04-01,1,RN,CAIXA ECONÔMICA FEDERAL,543,558082.49
2024-04-01,1,RN,INTER,228,238149.0
2024-04-01,1,RN,ITAU,108,120067.05
2024-04-01,1,RN,NUBANK,1058,997432.1
2024-04-01,1,RN,SANTANDER,143,43928.57
2024-04-01,1,RN,VOTORANTIM,3,2011.28
2024-04-01,1,RO,BANCO SICOOB,5,8455.2
2024-04-01,1,RO,BB,152,210853.89
2024-04-01,1,RO,BMG,3,882.47
2024-04-01,1,RO,BRADESCO,94,118167.76
2024-04-01,1,RO,BTG PACTUAL,531,816584.43
2024-04-01,1,RO,C.C. DO CENTRO DO ESTADO DE RONDÔNIA,4,2158.52
2024-04-01,1,RO,C6 BANK,8,10258.89
2024-04-01,1,RO,CAIXA ECONÔMICA FEDERAL,450,537264.81
2024-04-01,1,RO,CCLA DO CENTRO SUL RONDONIENSE,5,5858.76
2024-04-01,1,RO,INTER,150,194027.47
2024-04-01,1,RO,ITAU,64,77454.96
2024-04-01,1,RO,NUBANK,814,954678.13
2024-04-01,1,RO,SANTANDER,102,44931.81
2024-04-01,1,RO,SICOOB AMAZÔNIA,2,5632.86
2024-04-01,1,RO,SICOOB CREDISUL,1,525.08
2024-04-01,1,RO,VOTORANTIM,3,4339.18
2024-04-01,1,RR,BB,63,76583.22
2024-04-01,1,RR,BRADESCO,24,33187.02
2024-04-01,1,RR,BTG PACTUAL,121,144337.76
2024-04-01,1,RR,C6 BANK,4,12340.46
2024-04-01,1,RR,CAIXA ECONÔMICA FEDERAL,118,127074.34
2024-04-01,1,RR,INTER,43,43219.19
2024-04-01,1,RR,ITAU,43,46128.07
2024-04-01,1,RR,NUBANK,243,245649.85
2024-04-01,1,RR,SANTANDER,30,9544.38
2024-04-01,1,RR,VOTORANTIM,1,2987.86
2024-04-01,1,RS,BANCO SICOOB,5,7296.69
2024-04-01,1,RS,BANRISUL,112,137881.17
2024-04-01,1,RS,BB,469,580716.79
2024-04-01,1,RS,BMG,4,4705.76
2024-04-01,1,RS,BRADESCO,320,339432.44
2024-04-01,1,RS,BTG PACTUAL,2393,3249966.83
2024-04-01,1,RS,C6 BANK,42,51960.71
2024-04-01,1,RS,CAIXA ECONÔMICA FEDERAL,2386,2496395.76
2024-04-01,1,RS,INTER,530,570613.28
2024-04-01,1,RS,ITAU,470,541844.29
2024-04-01,1,RS,NUBANK,3143,3293854.64
2024-04-01,1,RS,SANTANDER,510,169249.05
2024-04-01,1,RS,VOTORANTIM,8,8583.51
2024-04-01,1,SC,BANCO SICOOB,8,12996.68
2024-04-01,1,SC,BANRISUL,5,5234.34
2024-04-01,1,SC,BB,361,467391.73
2024-04-01,1,SC,BMG,5,7911.82
2024-04-01,1,SC,BRADESCO,279,351826.54
2024-04-01,1,SC,BRB,1,982.64
2024-04-01,1,SC,BTG PACTUAL,1741,2742204.11
2024-04-01,1,SC,C6 BANK,34,43879.08
2024-04-01,1,SC,CAIXA ECONÔMICA FEDERAL,1043,1327303.04
2024-04-01,1,SC,CC LITORÂNEA,2,5258.12
2024-04-01,1,SC,CCLA MAXI ALFA,9,8025.59
2024-04-01,1,SC,CCLAA ITAIPU SICOOB CREDITAIPU,1,1097.4
2024-04-01,1,SC,COOP NOVOS CAMPOS,1,4083.4
2024-04-01,1,SC,INTER,361,452175.26
2024-04-01,1,SC,ITAU,298,390881.62
2024-04-01,1,SC,NUBANK,1949,2465734.07
2024-04-01,1,SC,SANTANDER,234,101969.2
2024-04-01,1,SC,VOTORANTIM,6,10245.64
2024-04-01,1,SE,BANRISUL,1,582.11
2024-04-01,1,SE,BB,115,117781.48
2024-04-01,1,SE,BMG,2,504.73
2024-04-01,1,SE,BRADESCO,49,51076.83
2024-04-01,1,SE,BTG PACTUAL,521,638723.89
2024-04-01,1,SE,C6 BANK,8,11186.29
2024-04-01,1,SE,CAIXA ECONÔMICA FEDERAL,312,301425.61
2024-04-01,1,SE,INTER,155,166931.31
2024-04-01,1,SE,ITAU,47,59759.26
2024-04-01,1,SE,NUBANK,624,605183.28
2024-04-01,1,SE,SANTANDER,72,19476.75
2024-04-01,1,SP,BANCO SICOOB,7,7213.39
2024-04-01,1,SP,BANRISUL,3,1848.67
2024-04-01,1,SP,BB,2302,2699165.24
2024-04-01,1,SP,BMG,44,55514.13
2024-04-01,1,SP,BRADESCO,3147,3378024.42
2024-04-01,1,SP,C6 BANK,361,436481.68
2024-04-01,1,SP,CAIXA ECONÔMICA FEDERAL,7894,8366121.51
2024-04-01,1,SP,INTER,3005,3163494.11
2024-04-01,1,SP,ITAU,4716,5250506.8
2024-04-01,1,SP,SANTANDER,3854,1243527.36
2024-04-01,1,SP,VOTORANTIM,42,49909.72
2024-04-01,1,TO,BB,101,122569.35
2024-04-01,1,TO,BRADESCO,43,43194.49
2024-04-01,1,TO,BTG PACTUAL,168,243446.51
2024-04-01,1,TO,C6 BANK,4,3606.18
2024-04-01,1,TO,CAIXA ECONÔMICA FEDERAL,124,115896.82
2024-04-01,1,TO,INTER,71,79141.61
2024-04-01,1,TO,ITAU,31,36931.38
2024-04-01,1,TO,NUBANK,326,332104.61
2024-04-01,1,TO,SANTANDER,32,9002.5
2024-04-01,1,TO,VOTORANTIM,1,1038.85
2024-04-01,2,AC,BRADESCO,1,277.82
2024-04-01,2,AL,BRADESCO,4,55559.43
2024-04-01,2,AL,C6 BANK,1,210.8
2024-04-01,2,AM,BRADESCO,8,35247.01
2024-04-01,2,AP,C6 BANK,1,208.14
2024-04-01,2,BA,BRADESCO,24,159346.16
2024-04-01,2,BA,C6 BANK,1,162.18
2024-04-01,2,CE,BRADESCO,14,151640.78
2024-04-01,2,CE,C6 BANK,1,201.7
2024-04-01,2,DF,BRADESCO,7,54398.42
2024-04-01,2,ES,BB,1,3911.77
2024-04-01,2,ES,BRADESCO,9,146360.34
2024-04-01,2,GO,BRADESCO,14,318304.8
2024-04-01,2,GO,CAIXA ECONÔMICA FEDERAL,1,138.05
2024-04-01,2,MA,BRADESCO,4,42438.67
2024-04-01,2,MA,C6 BANK,2,415.55
2024-04-01,2,MG,BB,1,346.88
2024-04-01,2,MG,BRADESCO,38,502666.84
2024-04-01,2,MG,C6 BANK,2,418.1
2024-04-01,2,MG,CAIXA ECONÔMICA FEDERAL,1,834.23
2024-04-01,2,MS,BRADESCO,7,41558.38
2024-04-01,2,MT,BRADESCO,6,88817.12
2024-04-01,2,MT,C6 BANK,1,170.77
2024-04-01,2,PA,BRADESCO,7,91565.68
2024-04-01,2,PB,BRADESCO,8,50569.26
2024-04-01,2,PE,BB,1,267.95
2024-04-01,2,PE,BRADESCO,10,32775.51
2024-04-01,2,PE,C6 BANK,1,209.79
2024-04-01,2,PI,BRADESCO,3,29440.95
2024-04-01,2,PR,BRADESCO,29,215827.38
2024-04-01,2,PR,C6 BANK,4,855.5
2024-04-01,2,RJ,BRADESCO,40,570482.43
2024-04-01,2,RJ,C6 BANK,4,749.2
2024-04-01,2,RJ,ITAU,1,97.52
2024-04-01,2,RJ,SANTANDER,1,83.57
2024-04-01,2,RN,BRADESCO,5,48300.19
2024-04-01,2,RR,BRADESCO,3,16322.5
2024-04-01,2,RS,BRADESCO,26,624255.98
2024-04-01,2,SC,BRADESCO,20,344239.33
2024-04-01,2,SC,C6 BANK,2,407.28
2024-04-01,2,SE,BRADESCO,1,34744.4
2024-04-01,2,SE,ITAU,1,429.1
2024-04-01,2,SP,BB,2,194.2
2024-04-01,2,SP,BRADESCO,231,3143696.44
2024-04-01,2,SP,C6 BANK,10,5036.86
2024-04-01,2,SP,ITAU,1,6575.65
2024-04-01,2,SP,SANTANDER,5,204.82
2024-04-01,2,TO,BRADESCO,3,13735.29
2024-05-01,1,AC,BB,75,95815.29
2024-05-01,1,AC,BRADESCO,15,17034.31
2024-05-01,1,AC,BTG PACTUAL,133,215576.57
2024-05-01,1,AC,C6 BANK,2,4346.06
2024-05-01,1,AC,CAIXA ECONÔMICA FEDERAL,144,159658.32
2024-05-01,1,AC,INTER,28,27947.36
2024-05-01,1,AC,ITAU,23,29279.03
2024-05-01,1,AC,NUBANK,212,225938.47
2024-05-01,1,AC,SANTANDER,19,20018.83
2024-05-01,1,AC,SICOOB CREDISUL,2,2174.14
2024-05-01,1,AC,VOTORANTIM,2,2512.66
2024-05-01,1,AL,BANCO SICOOB,1,1279.78
2024-05-01,1,AL,BANRISUL,1,1603.19
2024-05-01,1,AL,BB,150,162346.94
2024-05-01,1,AL,BRADESCO,52,48114.79
2024-05-01,1,AL,BTG PACTUAL,405,473774.17
2024-05-01,1,AL,C6 BANK,2,1241.38
2024-05-01,1,AL,CAIXA ECONÔMICA FEDERAL,349,323248.2
2024-05-01,1,AL,INTER,117,107848.2
2024-05-01,1,AL,ITAU,63,57163.04
2024-05-01,1,AL,NUBANK,521,489359.02
2024-05-01,1,AL,SANTANDER,67,59982.33
2024-05-01,1,AM,BANRISUL,4,5954.55
2024-05-01,1,AM,BB,145,211458.89
2024-05-01,1,AM,BCO DO EST. DO PA S.A.,1,1989.34
2024-05-01,1,AM,BMG,6,8305.89
2024-05-01,1,AM,BRADESCO,317,398474.13
2024-05-01,1,AM,BTG PACTUAL,875,1297812.09
2024-05-01,1,AM,C6 BANK,5,6240.56
2024-05-01,1,AM,CAIXA ECONÔMICA FEDERAL,754,927749.3
2024-05-01,1,AM,INTER,287,331297.5
2024-05-01,1,AM,ITAU,248,298718.2
2024-05-01,1,AM,NUBANK,1357,1589881.01
2024-05-01,1,AM,SANTANDER,166,154756.67
2024-05-01,1,AM,SICOOB AMAZÔNIA,1,242.28
2024-05-01,1,AM,VOTORANTIM,4,2456.65
2024-05-01,1,AP,BB,65,65929.04
2024-05-01,1,AP,BMG,1,1331.89
2024-05-01,1,AP,BRADESCO,19,19504.39
2024-05-01,1,AP,BTG PACTUAL,122,131432.79
2024-05-01,1,AP,C6 BANK,2,1318.82
2024-05-01,1,AP,CAIXA ECONÔMICA FEDERAL,76,81502.47
2024-05-01,1,AP,INTER,38,38223.6
2024-05-01,1,AP,ITAU,17,31971.05
2024-05-01,1,AP,NUBANK,147,129244.13
2024-05-01,1,AP,SANTANDER,30,29673.39
2024-05-01,1,BA,BANCO SICOOB,1,207.65
2024-05-01,1,BA,BANRISUL,1,467.09
2024-05-01,1,BA,BB,478,604922.05
2024-05-01,1,BA,BMG,8,6637.33
2024-05-01,1,BA,BRADESCO,385,396272.78
2024-05-01,1,BA,BTG PACTUAL,1743,2293232.61
2024-05-01,1,BA,C6 BANK,10,11330.53
2024-05-01,1,BA,CAIXA ECONÔMICA FEDERAL,1345,1379645.99
2024-05-01,1,BA,CC SICOOB CRED EXECUTIVO,1,842.88
2024-05-01,1,BA,CC SICOOB NORTE SUL,2,1842.44
2024-05-01,1,BA,INTER,465,479366.55
2024-05-01,1,BA,ITAU,360,429056.37
2024-05-01,1,BA,NUBANK,2162,2234989.3
2024-05-01,1,BA,SANTANDER,289,238776.8
2024-05-01,1,BA,VOTORANTIM,9,10500.57
2024-05-01,1,CE,BANCO SICOOB,1,319.75
2024-05-01,1,CE,BANRISUL,2,4126.55
2024-05-01,1,CE,BB,395,475297.63
2024-05-01,1,CE,BMG,4,2880.75
2024-05-01,1,CE,BRADESCO,270,289412.75
2024-05-01,1,CE,BTG PACTUAL,1464,1884732.21
2024-05-01,1,CE,C6 BANK,11,14741.66
2024-05-01,1,CE,CAIXA ECONÔMICA FEDERAL,926,912672.86
2024-05-01,1,CE,INTER,443,428827.47
2024-05-01,1,CE,ITAU,234,267029.66
2024-05-01,1,CE,NUBANK,1832,1791173.1
2024-05-01,1,CE,SANTANDER,267,196672.62
2024-05-01,1,CE,VOTORANTIM,4,3850.52
2024-05-01,1,DF,BANCO SICOOB,5,4191.93
2024-05-01,1,DF,BANRISUL,2,6944.74
2024-05-01,1,DF,BB,208,252936.16
2024-05-01,1,DF,BMG,4,8240.98
2024-05-01,1,DF,BRADESCO,60,60716.26
2024-05-01,1,DF,BTG PACTUAL,684,1027960.69
2024-05-01,1,DF,C6 BANK,10,9394.64
2024-05-01,1,DF,CAIXA ECONÔMICA FEDERAL,342,386911.23
2024-05-01,1,DF,INTER,187,223135.17
2024-05-01,1,DF,ITAU,156,198864.49
2024-05-01,1,DF,NUBANK,762,834890.57
2024-05-01,1,DF,SANTANDER,151,143479.05
2024-05-01,1,DF,VOTORANTIM,3,2101.08
2024-05-01,1,ES,BANCO SICOOB,10,9826.74
2024-05-01,1,ES,BANRISUL,1,1469.12
2024-05-01,1,ES,BB,86,116473.39
2024-05-01,1,ES,BMG,4,7216.62
2024-05-01,1,ES,BRADESCO,58,59810.01
2024-05-01,1,ES,BTG PACTUAL,517,761599.81
2024-05-01,1,ES,C6 BANK,4,5082.75
2024-05-01,1,ES,CAIXA ECONÔMICA FEDERAL,355,405048.9
2024-05-01,1,ES,INTER,133,167993.66
2024-05-01,1,ES,ITAU,107,129938.91
2024-05-01,1,ES,NUBANK,599,675144.39
2024-05-01,1,ES,SANTANDER,90,64756.67
2024-05-01,1,ES,SOC CC SICOOB COOPERE,1,4676.2
2024-05-01,1,GO,BANCO SICOOB,5,4165.5
2024-05-01,1,GO,BB,199,243037.48
2024-05-01,1,GO,BMG,6,8329.88
2024-05-01,1,GO,BRADESCO,126,155215.35
2024-05-01,1,GO,BTG PACTUAL,885,1242384.68
2024-05-01,1,GO,C6 BANK,13,11775.02
2024-05-01,1,GO,CAIXA ECONÔMICA FEDERAL,531,506091.86
2024-05-01,1,GO,COOP CENTRO NORTE BRASILEIRO,1,767.48
2024-05-01,1,GO,INTER,280,318740.48
2024-05-01,1,GO,ITAU,257,305273.37
2024-05-01,1,GO,NUBANK,1021,1037525.91
2024-05-01,1,GO,SANTANDER,161,152238.12
2024-05-01,1,GO,VOTORANTIM,6,5154.13
2024-05-01,1,MA,BANCO SICOOB,1,2412.81
2024-05-01,1,MA,BB,372,385360.72
2024-05-01,1,MA,BMG,2,980.25
2024-05-01,1,MA,BRADESCO,171,177814.22
2024-05-01,1,MA,BTG PACTUAL,554,705617.34
2024-05-01,1,MA,C6 BANK,3,665.51
2024-05-01,1,MA,CAIXA ECONÔMICA FEDERAL,459,452425.99
2024-05-01,1,MA,INTER,199,198380.19
2024-05-01,1,MA,ITAU,102,87238.65
2024-05-01,1,MA,NUBANK,940,850710.0
2024-05-01,1,MA,SANTANDER,79,49734.04
2024-05-01,1,MA,VOTORANTIM,2,3040.59
2024-05-01,1,MG,BANCO SICOOB,25,35810.65
2024-05-01,1,MG,BANRISUL,1,932.32
2024-05-01,1,MG,BB,634,818828.34
2024-05-01,1,MG,BMG,13,19613.79
2024-05-01,1,MG,BRADESCO,436,488270.59
2024-05-01,1,MG,BTG PACTUAL,2722,3896292.19
2024-05-01,1,MG,C6 BANK,27,29608.35
2024-05-01,1,MG,CAIXA ECONÔMICA FEDERAL,2567,2986248.04
2024-05-01,1,MG,INTER,1159,1256759.72
2024-05-01,1,MG,ITAU,856,1027339.91
2024-05-01,1,MG,NUBANK,3437,3958960.53
2024-05-01,1,MG,SANTANDER,501,492021.32
2024-05-01,1,MG,VOTORANTIM,10,10416.11
2024-05-01,1,MS,BB,150,178383.69
2024-05-01,1,MS,BMG,1,607.64
2024-05-01,1,MS,BRADESCO,152,161311.16
2024-05-01,1,MS,BTG PACTUAL,504,804868.74
2024-05-01,1,MS,C6 BANK,2,856.76
2024-05-01,1,MS,CAIXA ECONÔMICA FEDERAL,466,469897.51
2024-05-01,1,MS,INTER,124,121796.84
2024-05-01,1,MS,ITAU,80,93895.05
2024-05-01,1,MS,NUBANK,724,774036.19
2024-05-01,1,MS,SANTANDER,115,101730.11
2024-05-01,1,MS,VOTORANTIM,4,2982.42
2024-05-01,1,MT,BANCO SICOOB,4,11532.03
2024-05-01,1,MT,BB,179,247246.78
2024-05-01,1,MT,BMG,1,2808.22
2024-05-01,1,MT,BRADESCO,82,99172.74
2024-05-01,1,MT,BTG PACTUAL,471,751357.6
2024-05-01,1,MT,C6 BANK,8,11447.35
2024-05-01,1,MT,CAIXA ECONÔMICA FEDERAL,301,452973.92
2024-05-01,1,MT,CCLA DO CENTRO SUL RONDONIENSE,1,2505.5
2024-05-01,1,MT,INTER,125,178046.0
2024-05-01,1,MT,ITAU,81,111836.16
2024-05-01,1,MT,NUBANK,647,894754.71
2024-05-01,1,MT,SANTANDER,105,108465.88
2024-05-01,1,MT,VOTORANTIM,3,6680.97
2024-05-01,1,PA,BANCO SICOOB,1,557.3
2024-05-01,1,PA,BANRISUL,1,4996.12
2024-05-01,1,PA,BB,311,334864.41
2024-05-01,1,PA,BCO DO EST. DO PA S.A.,13,36347.57
2024-05-01,1,PA,BMG,5,5604.43
2024-05-01,1,PA,BRADESCO,217,202020.64
2024-05-01,1,PA,BTG PACTUAL,926,1138811.69
2024-05-01,1,PA,C6 BANK,8,6778.93
2024-05-01,1,PA,CAIXA ECONÔMICA FEDERAL,655,612919.82
2024-05-01,1,PA,INTER,343,323164.84
2024-05-01,1,PA,ITAU,220,226879.79
2024-05-01,1,PA,NUBANK,1446,1222402.15
2024-05-01,1,PA,SANTANDER,169,128623.84
2024-05-01,1,PA,VOTORANTIM,3,6027.6
2024-05-01,1,PB,BANCO SICOOB,1,995.46
2024-05-01,1,PB,BANRISUL,2,1389.3
2024-05-01,1,PB,BB,205,246933.41
2024-05-01,1,PB,BMG,2,3913.44
2024-05-01,1,PB,BRADESCO,113,110788.66
2024-05-01,1,PB,BTG PACTUAL,640,853612.54
2024-05-01,1,PB,C6 BANK,6,17710.8
2024-05-01,1,PB,CAIXA ECONÔMICA FEDERAL,436,414761.3
2024-05-01,1,PB,INTER,144,149680.5
2024-05-01,1,PB,ITAU,105,108300.95
2024-05-01,1,PB,NUBANK,720,723924.4
2024-05-01,1,PB,SANTANDER,105,77995.74
2024-05-01,1,PB,VOTORANTIM,3,7012.37
2024-05-01,1,PE,BB,317,379530.44
2024-05-01,1,PE,BMG,10,14446.17
2024-05-01,1,PE,BRADESCO,265,287237.51
2024-05-01,1,PE,BTG PACTUAL,1293,1623273.3
2024-05-01,1,PE,C6 BANK,10,9530.54
2024-05-01,1,PE,CAIXA ECONÔMICA FEDERAL,1098,1087556.75
2024-05-01,1,PE,INTER,352,357710.98
2024-05-01,1,PE,ITAU,318,314420.23
2024-05-01,1,PE,NUBANK,1694,1599865.78
2024-05-01,1,PE,SANTANDER,258,195767.99
2024-05-01,1,PE,VOTORANTIM,8,12415.81
2024-05-01,1,PI,BANRISUL,1,698.02
2024-05-01,1,PI,BB,171,211275.64
2024-05-01,1,PI,BMG,2,773.0
2024-05-01,1,PI,BRADESCO,53,55619.42
2024-05-01,1,PI,BTG PACTUAL,362,542573.41
2024-05-01,1,PI,C6 BANK,4,2990.87
2024-05-01,1,PI,CAIXA ECONÔMICA FEDERAL,274,280783.8
2024-05-01,1,PI,INTER,95,87232.98
2024-05-01,1,PI,ITAU,47,42221.39
2024-05-01,1,PI,NUBANK,560,583449.1
2024-05-01,1,PI,SANTANDER,60,56841.59
2024-05-01,1,PI,VOTORANTIM,4,4072.53
2024-05-01,1,PR,BANCO SICOOB,7,13600.13
2024-05-01,1,PR,BANRISUL,3,3048.36
2024-05-01,1,PR,BB,300,374038.4
2024-05-01,1,PR,BMG,9,8549.47
2024-05-01,1,PR,BRADESCO,315,384560.6
2024-05-01,1,PR,BTG PACTUAL,1613,2401213.72
2024-05-01,1,PR,C6 BANK,19,21775.63
2024-05-01,1,PR,CAIXA ECONÔMICA FEDERAL,1116,1229962.44
2024-05-01,1,PR,CC SICOOB VALE SUL,2,586.74
2024-05-01,1,PR,CCLA MAXI ALFA,1,4568.36
2024-05-01,1,PR,INTER,290,336201.68
2024-05-01,1,PR,ITAU,516,660186.15
2024-05-01,1,PR,NUBANK,1969,2281521.25
2024-05-01,1,PR,SANTANDER,255,221669.99
2024-05-01,1,PR,VOTORANTIM,9,13848.73
2024-05-01,1,RJ,BANCO SICOOB,5,8566.69
2024-05-01,1,RJ,BANRISUL,2,2566.6
2024-05-01,1,RJ,BB,507,553585.73
2024-05-01,1,RJ,BMG,13,11514.09
2024-05-01,1,RJ,BRADESCO,824,860687.61
2024-05-01,1,RJ,BTG PACTUAL,3066,3811116.92
2024-05-01,1,RJ,C6 BANK,43,52858.34
2024-05-01,1,RJ,CAIXA ECONÔMICA FEDERAL,2563,2524531.04
2024-05-01,1,RJ,INTER,876,831525.35
2024-05-01,1,RJ,ITAU,1625,1742406.77
2024-05-01,1,RJ,NUBANK,4604,4340354.81
2024-05-01,1,RJ,SANTANDER,975,686029.12
2024-05-01,1,RJ,VOTORANTIM,8,10714.4
2024-05-01,1,RN,BANCO SICOOB,1,223.79
2024-05-01,1,RN,BB,206,252402.0
2024-05-01,1,RN,BMG,4,12883.18
2024-05-01,1,RN,BRADESCO,66,74845.08
2024-05-01,1,RN,BTG PACTUAL,541,735197.9
2024-05-01,1,RN,C6 BANK,3,4483.52
2024-05-01,1,RN,CAIXA ECONÔMICA FEDERAL,352,364485.02
2024-05-01,1,RN,INTER,108,128637.92
2024-05-01,1,RN,ITAU,86,83537.46
2024-05-01,1,RN,NUBANK,655,660690.51
2024-05-01,1,RN,SANTANDER,73,52071.56
2024-05-01,1,RN,VOTORANTIM,2,927.85
2024-05-01,1,RO,BANCO SICOOB,5,10811.24
2024-05-01,1,RO,BB,123,178039.99
2024-05-01,1,RO,BMG,3,8847.01
2024-05-01,1,RO,BRADESCO,69,94613.02
2024-05-01,1,RO,BTG PACTUAL,258,369148.92
2024-05-01,1,RO,C6 BANK,2,2847.59
2024-05-01,1,RO,CAIXA ECONÔMICA FEDERAL,246,313615.14
2024-05-01,1,RO,CC INV DE RONDÔNIA - SICOOB CREDJURD,2,2897.9
2024-05-01,1,RO,CC INVESTIMENTO SICOOB CENTRO,6,5570.19
2024-05-01,1,RO,CCLA DO CENTRO SUL RONDONIENSE,2,1505.85
2024-05-01,1,RO,INTER,82,100776.8
2024-05-01,1,RO,ITAU,40,62957.9
2024-05-01,1,RO,NUBANK,459,532203.28
2024-05-01,1,RO,SANTANDER,51,35070.83
2024-05-01,1,RO,SICOOB AMAZÔNIA,2,3062.01
2024-05-01,1,RO,SICOOB CREDISUL,3,4837.04
2024-05-01,1,RO,VOTORANTIM,1,4590.83
2024-05-01,1,RR,BB,51,60658.09
2024-05-01,1,RR,BRADESCO,10,6301.59
2024-05-01,1,RR,BTG PACTUAL,93,145015.27
2024-05-01,1,RR,C6 BANK,1,2347.12
2024-05-01,1,RR,CAIXA ECONÔMICA FEDERAL,70,82934.54
2024-05-01,1,RR,INTER,34,37944.91
2024-05-01,1,RR,ITAU,23,22987.81
2024-05-01,1,RR,NUBANK,169,176375.59
2024-05-01,1,RR,SANTANDER,20,17820.59
2024-05-01,1,RS,BANCO SICOOB,2,3246.24
2024-05-01,1,RS,BANRISUL,85,101688.5
2024-05-01,1,RS,BB,256,314650.65
2024-05-01,1,RS,BMG,1,308.33
2024-05-01,1,RS,BRADESCO,198,187531.98
2024-05-01,1,RS,BTG PACTUAL,1358,1884677.53
2024-05-01,1,RS,C6 BANK,15,17820.49
2024-05-01,1,RS,CAIXA ECONÔMICA FEDERAL,1493,1648866.6
2024-05-01,1,RS,INTER,278,316070.12
2024-05-01,1,RS,ITAU,284,287658.9
2024-05-01,1,RS,NUBANK,1738,1804105.36
2024-05-01,1,RS,SANTANDER,289,255921.15
2024-05-01,1,RS,VOTORANTIM,3,6959.51
2024-05-01,1,SC,BANCO SICOOB,7,7690.33
2024-05-01,1,SC,BANRISUL,1,538.59
2024-05-01,1,SC,BB,214,282227.16
2024-05-01,1,SC,BMG,3,956.34
2024-05-01,1,SC,BRADESCO,149,240652.68
2024-05-01,1,SC,BTG PACTUAL,975,1566193.97
2024-05-01,1,SC,C6 BANK,15,14458.13
2024-05-01,1,SC,CAIXA ECONÔMICA FEDERAL,683,864048.53
2024-05-01,1,SC,CCLA MAXI ALFA,4,11085.43
2024-05-01,1,SC,CCLA SICOOB VALCREDI SUL,1,403.58
2024-05-01,1,SC,INTER,206,271635.17
2024-05-01,1,SC,ITAU,185,261561.31
2024-05-01,1,SC,NUBANK,1119,1482732.74
2024-05-01,1,SC,SANTANDER,151,144129.82
2024-05-01,1,SC,VOTORANTIM,4,6761.78
2024-05-01,1,SE,BB,96,108420.49
2024-05-01,1,SE,BRADESCO,32,30117.17
2024-05-01,1,SE,BTG PACTUAL,353,455789.18
2024-05-01,1,SE,C6 BANK,4,3806.19
2024-05-01,1,SE,CAIXA ECONÔMICA FEDERAL,210,175567.0
2024-05-01,1,SE,INTER,65,57471.76
2024-05-01,1,SE,ITAU,38,42006.77
2024-05-01,1,SE,NUBANK,422,455064.94
2024-05-01,1,SE,SANTANDER,29,21776.8
2024-05-01,1,SP,BANCO SICOOB,12,15011.6
2024-05-01,1,SP,BANRISUL,2,1394.37
2024-05-01,1,SP,BB,1396,1685339.91
2024-05-01,1,SP,BMG,36,43894.47
2024-05-01,1,SP,BRADESCO,1982,2188969.29
2024-05-01,1,SP,BTG PACTUAL,8294,11337667.86
2024-05-01,1,SP,C6 BANK,103,133861.12
2024-05-01,1,SP,CAIXA ECONÔMICA FEDERAL,4870,5104404.81
2024-05-01,1,SP,CECM EMP USAGRO,1,782.17
2024-05-01,1,SP,INTER,1720,1814639.29
2024-05-01,1,SP,ITAU,3165,3549303.96
2024-05-01,1,SP,SANTANDER,2072,1590543.87
2024-05-01,1,SP,VOTORANTIM,43,50352.27
2024-05-01,1,TO,BANCO SICOOB,2,4499.53
2024-05-01,1,TO,BB,56,63829.55
2024-05-01,1,TO,BMG,1,1998.56
2024-05-01,1,TO,BRADESCO,16,19368.76
2024-05-01,1,TO,BTG PACTUAL,127,169400.43
2024-05-01,1,TO,CAIXA ECONÔMICA FEDERAL,83,78854.14
2024-05-01,1,TO,INTER,32,26758.36
2024-05-01,1,TO,ITAU,18,12026.14
2024-05-01,1,TO,NUBANK,169,161580.21
2024-05-01,1,TO,SANTANDER,20,12484.17
2024-05-01,2,AL,BRADESCO,1,400.74
2024-05-01,2,AL,VOTORANTIM,1,9166.67
2024-05-01,2,AM,BRADESCO,4,35369.51
2024-05-01,2,AM,VOTORANTIM,1,549.36
2024-05-01,2,BA,BRADESCO,5,33698.14
2024-05-01,2,BA,C6 BANK,1,209.06
2024-05-01,2,BA,VOTORANTIM,1,2265.13
2024-05-01,2,CE,BRADESCO,7,13141.09
2024-05-01,2,CE,VOTORANTIM,3,13896.11
2024-05-01,2,DF,BRADESCO,5,61336.37
2024-05-01,2,DF,VOTORANTIM,1,3091.13
2024-05-01,2,ES,BRADESCO,3,17930.96
2024-05-01,2,ES,VOTORANTIM,1,1551.19
2024-05-01,2,GO,BRADESCO,3,8877.49
2024-05-01,2,GO,C6 BANK,1,133.12
2024-05-01,2,GO,VOTORANTIM,7,33110.44
2024-05-01,2,MA,BRADESCO,4,80879.94
2024-05-01,2,MA,VOTORANTIM,2,7061.57
2024-05-01,2,MG,BRADESCO,17,114269.7
2024-05-01,2,MG,ITAU,1,14275.95
2024-05-01,2,MG,SANTANDER,2,125.28
2024-05-01,2,MG,VOTORANTIM,12,47305.2
2024-05-01,2,MS,BRADESCO,1,1.85
2024-05-01,2,MS,VOTORANTIM,1,4501.4
2024-05-01,2,MT,BRADESCO,4,21568.19
2024-05-01,2,MT,VOTORANTIM,3,1840.98
2024-05-01,2,PA,BRADESCO,20,162821.04
2024-05-01,2,PB,BRADESCO,4,68331.7
2024-05-01,2,PB,VOTORANTIM,2,10010.77
2024-05-01,2,PE,BRADESCO,16,215584.05
2024-05-01,2,PE,C6 BANK,1,199.65
2024-05-01,2,PI,BRADESCO,2,17797.63
2024-05-01,2,PI,C6 BANK,1,208.86
2024-05-01,2,PI,VOTORANTIM,1,2378.26
2024-05-01,2,PR,BRADESCO,32,417772.19
2024-05-01,2,PR,VOTORANTIM,11,56576.64
2024-05-01,2,RJ,BRADESCO,55,1121633.58
2024-05-01,2,RJ,C6 BANK,7,2333.56
2024-05-01,2,RJ,ITAU,2,123.1
2024-05-01,2,RJ,SANTANDER,1,13.27
2024-05-01,2,RJ,VOTORANTIM,2,4841.31
2024-05-01,2,RN,VOTORANTIM,2,13250.88
2024-05-01,2,RO,BRADESCO,4,31470.81
2024-05-01,2,RR,BRADESCO,1,1599.13
2024-05-01,2,RR,VOTORANTIM,1,13688.32
2024-05-01,2,RS,BRADESCO,10,95990.26
2024-05-01,2,RS,VOTORANTIM,11,23981.92
2024-05-01,2,SC,BRADESCO,7,71061.87
2024-05-01,2,SC,VOTORANTIM,7,15723.41
2024-05-01,2,SP,BRADESCO,110,1418789.86
2024-05-01,2,SP,C6 BANK,5,794.28
2024-05-01,2,SP,ITAU,3,274.4
2024-05-01,2,SP,SANTANDER,7,230.34
2024-05-01,2,SP,VOTORANTIM,30,112773.53
2024-05-01,2,TO,BRADESCO,1,3886.14
2024-05-01,2,TO,VOTORANTIM,1,2200.46
2024-05-01,3,AC,BRADESCO,5,889867.65
2024-05-01,3,AL,BB,5,104388.64
2024-05-01,3,AL,BRADESCO,26,1715339.98
2024-05-01,3,AM,BB,2,133399.37
2024-05-01,3,AM,BRADESCO,35,2651041.16
2024-05-01,3,AP,BB,2,836740.47
2024-05-01,3,AP,BRADESCO,4,253163.71
2024-05-01,3,BA,BB,24,1144077.29
2024-05-01,3,BA,BRADESCO,97,6756029.09
2024-05-01,3,CE,BB,22,1097018.94
2024-05-01,3,CE,BRADESCO,35,1993328.05
2024-05-01,3,DF,BB,13,1390444.74
2024-05-01,3,DF,BRADESCO,8,255017.46
2024-05-01,3,ES,BB,2,14188.01
2024-05-01,3,ES,BRADESCO,15,1170259.52
2024-05-01,3,GO,BB,20,1228326.07
2024-05-01,3,GO,BRADESCO,39,4283249.28
2024-05-01,3,MA,BB,16,1247180.3
2024-05-01,3,MA,BRADESCO,36,2596672.9
2024-05-01,3,MG,BB,33,2974623.98
2024-05-01,3,MG,BRADESCO,106,6481845.0
2024-05-01,3,MS,BB,9,482325.86
2024-05-01,3,MS,BRADESCO,31,1591419.55
2024-05-01,3,MT,BB,7,675806.26
2024-05-01,3,MT,BRADESCO,23,1055728.19
2024-05-01,3,PA,BB,13,1580347.86
2024-05-01,3,PA,BRADESCO,44,3981665.67
2024-05-01,3,PB,BB,7,291524.65
2024-05-01,3,PB,BRADESCO,22,875865.6
2024-05-01,3,PE,BB,13,675515.89
2024-05-01,3,PE,BRADESCO,38,2044808.04
2024-05-01,3,PI,BB,12,316561.57
2024-05-01,3,PI,BRADESCO,15,695608.55
2024-05-01,3,PR,BB,29,3406121.7
2024-05-01,3,PR,BRADESCO,111,9799377.26
2024-05-01,3,RJ,BB,8,301681.88
2024-05-01,3,RJ,BRADESCO,124,13053165.39
2024-05-01,3,RN,BB,13,733911.4
2024-05-01,3,RN,BRADESCO,12,1730044.69
2024-05-01,3,RO,BB,5,89434.41
2024-05-01,3,RO,BRADESCO,3,100192.88
2024-05-01,3,RR,BB,3,56975.53
2024-05-01,3,RR,BRADESCO,2,144223.15
2024-05-01,3,RS,BB,20,774719.04
2024-05-01,3,RS,BRADESCO,66,4000032.69
2024-05-01,3,SC,BB,13,779031.03
2024-05-01,3,SC,BRADESCO,56,5475881.77
2024-05-01,3,SE,BB,2,18235.0
2024-05-01,3,SE,BRADESCO,4,60477.94
2024-05-01,3,SP,BB,73,3112433.83
2024-05-01,3,SP,BRADESCO,568,45150202.7
2024-05-01,3,TO,BB,6,126683.05
2024-05-01,3,TO,BRADESCO,16,910559.24
2024-06-01,1,AC,NUBANK,6,986.57
2024-06-01,1,AC,SANTANDER,4,367.09
2024-06-01,1,AL,BB,1,201.0
2024-06-01,1,AL,BRADESCO,3,1694.98
2024-06-01,1,AL,BTG PACTUAL,8,1478.68
2024-06-01,1,AL,C6 BANK,1,200.94
2024-06-01,1,AL,CAIXA ECONÔMICA FEDERAL,2,404.22
2024-06-01,1,AL,INTER,7,3849.86
2024-06-01,1,AL,ITAU,2,208.66
2024-06-01,1,AL,NUBANK,16,2654.13
2024-06-01,1,AL,SANTANDER,9,523.41
2024-06-01,1,AM,BB,1,201.67
2024-06-01,1,AM,BRADESCO,42,61672.15
2024-06-01,1,AM,BTG PACTUAL,13,2428.61
2024-06-01,1,AM,CAIXA ECONÔMICA FEDERAL,2,402.48
2024-06-01,1,AM,INTER,21,11710.43
2024-06-01,1,AM,ITAU,3,485.87
2024-06-01,1,AM,NUBANK,22,3275.23
2024-06-01,1,AM,SANTANDER,56,5395.3
2024-06-01,1,AP,BTG PACTUAL,1,201.52
2024-06-01,1,AP,INTER,2,1917.96
2024-06-01,1,AP,NUBANK,9,1326.87
2024-06-01,1,AP,SANTANDER,6,244.44
2024-06-01,1,BA,BB,6,1038.65
2024-06-01,1,BA,BRADESCO,23,18242.2
2024-06-01,1,BA,BTG PACTUAL,27,4189.47
2024-06-01,1,BA,C6 BANK,1,117.19
2024-06-01,1,BA,CAIXA ECONÔMICA FEDERAL,9,1817.68
2024-06-01,1,BA,INTER,30,20932.99
2024-06-01,1,BA,ITAU,3,434.63
2024-06-01,1,BA,NUBANK,71,10847.84
2024-06-01,1,BA,SANTANDER,96,8182.2
2024-06-01,1,CE,BB,3,267.9
2024-06-01,1,CE,BMG,1,200.59
2024-06-01,1,CE,BRADESCO,3,1892.92
2024-06-01,1,CE,BTG PACTUAL,21,3326.83
2024-06-01,1,CE,C6 BANK,1,201.96
2024-06-01,1,CE,CAIXA ECONÔMICA FEDERAL,4,704.01
2024-06-01,1,CE,INTER,31,19304.05
2024-06-01,1,CE,ITAU,5,844.58
2024-06-01,1,CE,NUBANK,48,6224.41
2024-06-01,1,CE,SANTANDER,86,6129.17
2024-06-01,1,DF,BB,1,201.9
2024-06-01,1,DF,BRADESCO,7,7258.74
2024-06-01,1,DF,BTG PACTUAL,11,1922.84
2024-06-01,1,DF,INTER,5,6535.39
2024-06-01,1,DF,ITAU,3,509.25
2024-06-01,1,DF,NUBANK,18,2270.07
2024-06-01,1,DF,SANTANDER,30,2822.68
2024-06-01,1,ES,BRADESCO,9,6317.45
2024-06-01,1,ES,BTG PACTUAL,6,947.21
2024-06-01,1,ES,INTER,6,5656.06
2024-06-01,1,ES,ITAU,1,50.58
2024-06-01,1,ES,NUBANK,18,2564.84
2024-06-01,1,ES,SANTANDER,28,2395.29
2024-06-01,1,GO,BB,4,765.69
2024-06-01,1,GO,BRADESCO,14,15562.64
2024-06-01,1,GO,BTG PACTUAL,8,1320.11
2024-06-01,1,GO,CAIXA ECONÔMICA FEDERAL,2,401.24
2024-06-01,1,GO,INTER,14,14333.57
2024-06-01,1,GO,ITAU,3,400.79
2024-06-01,1,GO,NUBANK,26,3791.92
2024-06-01,1,GO,SANTANDER,58,4982.26
2024-06-01,1,MA,BB,4,712.29
2024-06-01,1,MA,BRADESCO,11,2480.14
2024-06-01,1,MA,BTG PACTUAL,4,711.03
2024-06-01,1,MA,CAIXA ECONÔMICA FEDERAL,3,488.54
2024-06-01,1,MA,INTER,7,7635.31
2024-06-01,1,MA,ITAU,1,202.02
2024-06-01,1,MA,NUBANK,28,3945.59
2024-06-01,1,MA,SANTANDER,38,3198.41
2024-06-01,1,MG,BB,1,201.81
2024-06-01,1,MG,BMG,1,202.87
2024-06-01,1,MG,BRADESCO,25,21722.21
2024-06-01,1,MG,BTG PACTUAL,34,5544.41
2024-06-01,1,MG,C6 BANK,1,203.86
2024-06-01,1,MG,CAIXA ECONÔMICA FEDERAL,16,3079.99
2024-06-01,1,MG,INTER,67,50017.18
2024-06-01,1,MG,ITAU,12,2021.31
2024-06-01,1,MG,NUBANK,83,11910.18
2024-06-01,1,MG,SANTANDER,170,15936.06
2024-06-01,1,MG,VOTORANTIM,1,203.84
2024-06-01,1,MS,BB,3,459.94
2024-06-01,1,MS,BRADESCO,29,23639.81
2024-06-01,1,MS,BTG PACTUAL,6,725.7
2024-06-01,1,MS,CAIXA ECONÔMICA FEDERAL,3,603.87
2024-06-01,1,MS,INTER,5,4288.85
2024-06-01,1,MS,NUBANK,20,2560.91
2024-06-01,1,MS,SANTANDER,29,2137.24
2024-06-01,1,MT,BRADESCO,14,22701.19
2024-06-01,1,MT,BTG PACTUAL,7,970.32
2024-06-01,1,MT,CAIXA ECONÔMICA FEDERAL,1,200.33
2024-06-01,1,MT,INTER,7,8883.76
2024-06-01,1,MT,ITAU,1,107.5
2024-06-01,1,MT,NUBANK,13,1634.37
2024-06-01,1,MT,SANTANDER,27,1795.82
2024-06-01,1,PA,BB,4,532.61
2024-06-01,1,PA,BMG,2,403.17
2024-06-01,1,PA,BRADESCO,14,6967.01
2024-06-01,1,PA,BTG PACTUAL,9,1405.36
2024-06-01,1,PA,CAIXA ECONÔMICA FEDERAL,5,1005.87
2024-06-01,1,PA,INTER,26,15447.56
2024-06-01,1,PA,ITAU,4,669.55
2024-06-01,1,PA,NUBANK,51,7398.06
2024-06-01,1,PA,SANTANDER,47,4028.92
2024-06-01,1,PB,BB,1,202.66
2024-06-01,1,PB,BMG,1,200.25
2024-06-01,1,PB,BRADESCO,3,5650.3
2024-06-01,1,PB,BTG PACTUAL,12,2130.56
2024-06-01,1,PB,CAIXA ECONÔMICA FEDERAL,5,940.55
2024-06-01,1,PB,INTER,2,794.5
2024-06-01,1,PB,ITAU,2,350.26
2024-06-01,1,PB,NUBANK,23,2956.3
2024-06-01,1,PB,SANTANDER,30,3111.02
2024-06-01,1,PE,BB,5,904.37
2024-06-01,1,PE,BMG,1,201.91
2024-06-01,1,PE,BRADESCO,21,14857.16
2024-06-01,1,PE,BTG PACTUAL,18,3044.46
2024-06-01,1,PE,CAIXA ECONÔMICA FEDERAL,5,992.07
2024-06-01,1,PE,INTER,15,10344.42
2024-06-01,1,PE,ITAU,8,1508.62
2024-06-01,1,PE,NUBANK,57,8469.83
2024-06-01,1,PE,SANTANDER,78,6470.8
2024-06-01,1,PI,BB,4,721.45
2024-06-01,1,PI,BRADESCO,1,32.76
2024-06-01,1,PI,BTG PACTUAL,3,370.5
2024-06-01,1,PI,CAIXA ECONÔMICA FEDERAL,2,405.83
2024-06-01,1,PI,INTER,11,5519.72
2024-06-01,1,PI,ITAU,2,347.18
2024-06-01,1,PI,NUBANK,19,2866.57
2024-06-01,1,PI,SANTANDER,22,1678.21
2024-06-01,1,PR,BB,2,349.71
2024-06-01,1,PR,BRADESCO,20,17766.19
2024-06-01,1,PR,BTG PACTUAL,22,3296.3
2024-06-01,1,PR,C6 BANK,1,114.33
2024-06-01,1,PR,CAIXA ECONÔMICA FEDERAL,9,1737.92
2024-06-01,1,PR,INTER,11,4325.78
2024-06-01,1,PR,ITAU,10,1293.85
2024-06-01,1,PR,NUBANK,49,6589.14
2024-06-01,1,PR,SANTANDER,77,6503.96
2024-06-01,1,RJ,BB,3,542.79
2024-06-01,1,RJ,BMG,3,605.37
2024-06-01,1,RJ,BRADESCO,54,32139.4
2024-06-01,1,RJ,BTG PACTUAL,57,9396.73
2024-06-01,1,RJ,C6 BANK,1,199.72
2024-06-01,1,RJ,CAIXA ECONÔMICA FEDERAL,21,3789.8
2024-06-01,1,RJ,INTER,59,50435.52
2024-06-01,1,RJ,ITAU,39,6288.06
2024-06-01,1,RJ,NUBANK,133,18012.31
2024-06-01,1,RJ,SANTANDER,317,23754.08
2024-06-01,1,RN,BB,1,202.55
2024-06-01,1,RN,BRADESCO,3,1172.21
2024-06-01,1,RN,BTG PACTUAL,8,1286.52
2024-06-01,1,RN,CAIXA ECONÔMICA FEDERAL,1,203.82
2024-06-01,1,RN,INTER,9,5807.36
2024-06-01,1,RN,ITAU,1,201.71
2024-06-01,1,RN,NUBANK,31,4733.7
2024-06-01,1,RN,SANTANDER,19,1569.07
2024-06-01,1,RO,BRADESCO,11,12152.42
2024-06-01,1,RO,BTG PACTUAL,4,705.81
2024-06-01,1,RO,CAIXA ECONÔMICA FEDERAL,1,200.53
2024-06-01,1,RO,INTER,2,2798.52
2024-06-01,1,RO,ITAU,1,110.37
2024-06-01,1,RO,NUBANK,13,1660.95
2024-06-01,1,RO,SANTANDER,22,1817.65
2024-06-01,1,RR,BTG PACTUAL,2,310.07
2024-06-01,1,RR,INTER,1,821.33
2024-06-01,1,RR,NUBANK,3,412.56
2024-06-01,1,RR,SANTANDER,6,538.42
2024-06-01,1,RS,BANCO SICOOB,1,2.31
2024-06-01,1,RS,BANRISUL,1,192.21
2024-06-01,1,RS,BB,1,201.11
2024-06-01,1,RS,BRADESCO,3,1517.21
2024-06-01,1,RS,BTG PACTUAL,16,2347.61
2024-06-01,1,RS,C6 BANK,2,358.12
2024-06-01,1,RS,CAIXA ECONÔMICA FEDERAL,4,726.21
2024-06-01,1,RS,INTER,19,15576.8
2024-06-01,1,RS,ITAU,8,880.56
2024-06-01,1,RS,NUBANK,66,9563.76
2024-06-01,1,RS,SANTANDER,90,7697.89
2024-06-01,1,SC,BANRISUL,1,203.97
2024-06-01,1,SC,BB,1,104.52
2024-06-01,1,SC,BMG,2,350.27
2024-06-01,1,SC,BRADESCO,6,2385.57
2024-06-01,1,SC,BTG PACTUAL,16,2445.04
2024-06-01,1,SC,C6 BANK,1,200.05
2024-06-01,1,SC,CAIXA ECONÔMICA FEDERAL,1,200.22
2024-06-01,1,SC,INTER,12,11105.49
2024-06-01,1,SC,ITAU,4,605.05
2024-06-01,1,SC,NUBANK,21,2892.92
2024-06-01,1,SC,SANTANDER,47,4488.93
2024-06-01,1,SE,BTG PACTUAL,7,1173.7
2024-06-01,1,SE,CAIXA ECONÔMICA FEDERAL,1,203.05
2024-06-01,1,SE,INTER,1,93.49
2024-06-01,1,SE,ITAU,1,202.97
2024-06-01,1,SE,NUBANK,13,2060.04
2024-06-01,1,SE,SANTANDER,10,1183.21
2024-06-01,1,SP,BB,12,1999.38
2024-06-01,1,SP,BMG,2,402.85
2024-06-01,1,SP,BRADESCO,177,155595.29
2024-06-01,1,SP,BTG PACTUAL,105,17132.47
2024-06-01,1,SP,C6 BANK,6,1092.57
2024-06-01,1,SP,CAIXA ECONÔMICA FEDERAL,27,4884.07
2024-06-01,1,SP,INTER,111,72049.24
2024-06-01,1,SP,ITAU,66,8988.17
2024-06-01,1,SP,NUBANK,237,32458.36
2024-06-01,1,SP,SANTANDER,722,63915.56
2024-06-01,1,SP,VOTORANTIM,1,200.64
2024-06-01,1,TO,BMG,1,54.31
2024-06-01,1,TO,BRADESCO,3,308.44
2024-06-01,1,TO,BTG PACTUAL,1,57.73
2024-06-01,1,TO,INTER,2,3788.16
2024-06-01,1,TO,NUBANK,6,889.17
2024-06-01,1,TO,SANTANDER,5,393.76
2024-06-01,2,AC,BRADESCO,1,1834.32
2024-06-01,2,AL,BRADESCO,3,33892.35
2024-06-01,2,AL,VOTORANTIM,3,11451.36
2024-06-01,2,AM,BRADESCO,19,184812.61
2024-06-01,2,AM,SANTANDER,1,36.51
2024-06-01,2,AM,VOTORANTIM,2,13494.19
2024-06-01,2,AP,BB,1,197.88
2024-06-01,2,AP,BRADESCO,1,390.18
2024-06-01,2,BA,BRADESCO,24,224073.09
2024-06-01,2,BA,SANTANDER,2,60.8
2024-06-01,2,BA,VOTORANTIM,3,5488.32
2024-06-01,2,CE,BRADESCO,7,223325.96
2024-06-01,2,CE,VOTORANTIM,4,7468.06
2024-06-01,2,DF,BRADESCO,9,218930.66
2024-06-01,2,ES,BRADESCO,9,51572.99
2024-06-01,2,ES,VOTORANTIM,1,8159.28
2024-06-01,2,GO,BB,2,5044.7
2024-06-01,2,GO,BRADESCO,17,174931.7
2024-06-01,2,GO,SANTANDER,3,83.83
2024-06-01,2,GO,VOTORANTIM,2,5136.27
2024-06-01,2,MA,BRADESCO,5,5998.17
2024-06-01,2,MA,VOTORANTIM,1,665.26
2024-06-01,2,MG,BB,1,4973.43
2024-06-01,2,MG,BRADESCO,23,122396.67
2024-06-01,2,MG,CAIXA ECONÔMICA FEDERAL,1,161.72
2024-06-01,2,MG,VOTORANTIM,16,54638.58
2024-06-01,2,MS,BRADESCO,17,365725.08
2024-06-01,2,MS,VOTORANTIM,1,2336.69
2024-06-01,2,MT,BRADESCO,8,42957.19
2024-06-01,2,MT,VOTORANTIM,1,593.57
2024-06-01,2,PA,BRADESCO,11,75329.38
2024-06-01,2,PA,VOTORANTIM,1,3662.94
2024-06-01,2,PB,BRADESCO,3,21534.65
2024-06-01,2,PB,CAIXA ECONÔMICA FEDERAL,1,72.83
2024-06-01,2,PB,VOTORANTIM,1,323.93
2024-06-01,2,PE,BRADESCO,18,194026.92
2024-06-01,2,PE,VOTORANTIM,2,5431.41
2024-06-01,2,PI,BRADESCO,3,9015.19
2024-06-01,2,PI,VOTORANTIM,2,7135.62
2024-06-01,2,PR,BRADESCO,29,371024.14
2024-06-01,2,PR,C6 BANK,1,135.12
2024-06-01,2,PR,VOTORANTIM,6,18863.64
2024-06-01,2,RJ,BB,1,806.94
2024-06-01,2,RJ,BRADESCO,46,467316.89
2024-06-01,2,RJ,C6 BANK,4,621.12
2024-06-01,2,RJ,ITAU,1,108.1
2024-06-01,2,RJ,SANTANDER,5,281.86
2024-06-01,2,RJ,VOTORANTIM,3,7141.6
2024-06-01,2,RN,BRADESCO,1,599.22
2024-06-01,2,RN,C6 BANK,1,200.17
2024-06-01,2,RN,VOTORANTIM,2,7925.07
2024-06-01,2,RO,BRADESCO,1,22518.8
2024-06-01,2,RO,C6 BANK,1,203.92
2024-06-01,2,RO,VOTORANTIM,1,2554.74
2024-06-01,2,RR,BB,1,2282.88
2024-06-01,2,RS,BB,2,729.47
2024-06-01,2,RS,BRADESCO,8,27735.61
2024-06-01,2,RS,VOTORANTIM,5,15238.11
2024-06-01,2,SC,BRADESCO,11,117099.53
2024-06-01,2,SC,VOTORANTIM,9,54562.8
2024-06-01,2,SE,BRADESCO,3,18222.21
2024-06-01,2,SP,BB,2,4385.17
2024-06-01,2,SP,BRADESCO,112,1070314.8
2024-06-01,2,SP,C6 BANK,5,8416.76
2024-06-01,2,SP,CAIXA ECONÔMICA FEDERAL,1,132.67
2024-06-01,2,SP,ITAU,2,227.88
2024-06-01,2,SP,SANTANDER,4,343.25
2024-06-01,2,SP,VOTORANTIM,37,96800.82
2024-06-01,2,TO,VOTORANTIM,1,2304.56
2024-06-01,3,AC,BB,9,501016.6
2024-06-01,3,AC,BRADESCO,2,263887.17
2024-06-01,3,AC,ITAU,3,37424.43
2024-06-01,3,AC,SANTANDER,44,738781.49
2024-06-01,3,AL,BB,16,1160097.9
2024-06-01,3,AL,BRADESCO,15,1280540.03
2024-06-01,3,AL,ITAU,50,643124.49
2024-06-01,3,AL,SANTANDER,64,687115.12
2024-06-01,3,AM,BB,17,1304759.73
2024-06-01,3,AM,BRADESCO,49,4694352.08
2024-06-01,3,AM,ITAU,100,1187559.07
2024-06-01,3,AM,SANTANDER,97,1824478.12
2024-06-01,3,AP,BB,3,65684.55
2024-06-01,3,AP,BRADESCO,5,516186.93
2024-06-01,3,AP,ITAU,12,263221.18
2024-06-01,3,AP,SANTANDER,32,456200.47
2024-06-01,3,BA,BB,62,4050866.75
2024-06-01,3,BA,BRADESCO,122,7623200.61
2024-06-01,3,BA,ITAU,232,1944693.37
2024-06-01,3,BA,SANTANDER,446,4866279.84
2024-06-01,3,CE,BB,48,2045370.65
2024-06-01,3,CE,BRADESCO,58,3999319.78
2024-06-01,3,CE,ITAU,136,1262124.56
2024-06-01,3,CE,SANTANDER,162,3047131.45
2024-06-01,3,DF,BB,19,1991221.86
2024-06-01,3,DF,BRADESCO,27,2686578.78
2024-06-01,3,DF,ITAU,115,1336927.89
2024-06-01,3,DF,SANTANDER,154,2293738.32
2024-06-01,3,ES,BB,15,559770.3
2024-06-01,3,ES,BRADESCO,34,2808921.67
2024-06-01,3,ES,ITAU,52,527168.17
2024-06-01,3,ES,SANTANDER,90,902929.04
2024-06-01,3,GO,BB,40,3035146.47
2024-06-01,3,GO,BRADESCO,85,7196195.18
2024-06-01,3,GO,ITAU,340,3272898.18
2024-06-01,3,GO,SANTANDER,234,3246769.69
2024-06-01,3,MA,BB,58,5428911.4
2024-06-01,3,MA,BRADESCO,50,3983178.08
2024-06-01,3,MA,ITAU,54,648889.37
2024-06-01,3,MA,SANTANDER,99,1886936.45
2024-06-01,3,MG,BB,97,10189923.02
2024-06-01,3,MG,BRADESCO,159,12343957.36
2024-06-01,3,MG,ITAU,456,5748072.3
2024-06-01,3,MG,SANTANDER,694,10512952.16
2024-06-01,3,MS,BB,33,2586071.53
2024-06-01,3,MS,BRADESCO,36,2331824.88
2024-06-01,3,MS,ITAU,58,1671345.06
2024-06-01,3,MS,SANTANDER,121,2114125.96
2024-06-01,3,MT,BB,47,2940689.18
2024-06-01,3,MT,BRADESCO,41,4075946.01
2024-06-01,3,MT,ITAU,81,1258938.0
2024-06-01,3,MT,SANTANDER,136,1997110.99
2024-06-01,3,PA,BB,54,4871100.98
2024-06-01,3,PA,BRADESCO,59,4392010.5
2024-06-01,3,PA,ITAU,123,1205779.52
2024-06-01,3,PA,SANTANDER,136,4089984.19
2024-06-01,3,PB,BB,20,1094920.73
2024-06-01,3,PB,BRADESCO,27,1129653.7
2024-06-01,3,PB,ITAU,24,204185.17
2024-06-01,3,PB,SANTANDER,75,1518344.67
2024-06-01,3,PE,BB,27,3604687.51
2024-06-01,3,PE,BRADESCO,68,4892441.15
2024-06-01,3,PE,ITAU,178,1958785.69
2024-06-01,3,PE,SANTANDER,326,4764202.26
2024-06-01,3,PI,BB,22,1417681.21
2024-06-01,3,PI,BRADESCO,20,1667054.73
2024-06-01,3,PI,ITAU,38,451392.52
2024-06-01,3,PI,SANTANDER,64,618840.21
2024-06-01,3,PR,BB,61,6168510.27
2024-06-01,3,PR,BRADESCO,156,12149633.81
2024-06-01,3,PR,ITAU,468,5497689.17
2024-06-01,3,PR,SANTANDER,592,12744517.98
2024-06-01,3,RJ,BB,53,4182139.19
2024-06-01,3,RJ,BRADESCO,179,15229345.18
2024-06-01,3,RJ,ITAU,904,9131655.31
2024-06-01,3,RJ,SANTANDER,870,12269204.3
2024-06-01,3,RN,BB,40,2106660.78
2024-06-01,3,RN,BRADESCO,13,1739140.47
2024-06-01,3,RN,ITAU,62,699395.48
2024-06-01,3,RN,SANTANDER,51,788787.67
2024-06-01,3,RO,BB,10,625492.55
2024-06-01,3,RO,BRADESCO,18,618687.08
2024-06-01,3,RO,ITAU,31,595963.95
2024-06-01,3,RO,SANTANDER,28,376120.92
2024-06-01,3,RR,BB,5,1069028.97
2024-06-01,3,RR,BRADESCO,3,512856.18
2024-06-01,3,RR,ITAU,23,110614.23
2024-06-01,3,RR,SANTANDER,12,169250.92
2024-06-01,3,RS,BB,34,1343123.09
2024-06-01,3,RS,BRADESCO,137,15872204.64
2024-06-01,3,RS,ITAU,92,772935.76
2024-06-01,3,RS,SANTANDER,376,7931102.23
2024-06-01,3,SC,BB,53,2725062.65
2024-06-01,3,SC,BRADESCO,79,9820514.25
2024-06-01,3,SC,ITAU,130,2139400.0
2024-06-01,3,SC,SANTANDER,250,4303953.69
2024-06-01,3,SE,BB,20,1170573.96
2024-06-01,3,SE,BRADESCO,9,203755.41
2024-06-01,3,SE,ITAU,11,178295.31
2024-06-01,3,SE,SANTANDER,37,310153.95
2024-06-01,3,SP,BB,217,18084695.46
2024-06-01,3,SP,BRADESCO,836,69710909.0
2024-06-01,3,SP,ITAU,2494,35426831.51
2024-06-01,3,SP,SANTANDER,3177,47606904.71
2024-06-01,3,TO,BB,19,1065926.19
2024-06-01,3,TO,BRADESCO,23,3933454.72
2024-06-01,3,TO,ITAU,26,360340.44
2024-06-01,3,TO,SANTANDER,31,416832.83
2024-07-01,1,AC,BB,1,203.42
2024-07-01,1,AC,BRB,4,2345.99
2024-07-01,1,AC,BTG PACTUAL,2,264.86
2024-07-01,1,AC,NUBANK,8,1037.15
2024-07-01,1,AC,SANTANDER,7,585.41
2024-07-01,1,AL,BB,2,319.34
2024-07-01,1,AL,BRADESCO,5,2567.47
2024-07-01,1,AL,BRB,17,26648.49
2024-07-01,1,AL,BTG PACTUAL,4,660.98
2024-07-01,1,AL,CAIXA ECONÔMICA FEDERAL,2,359.61
2024-07-01,1,AL,INTER,1,91.86
2024-07-01,1,AL,ITAU,1,59.62
2024-07-01,1,AL,NUBANK,8,649.69
2024-07-01,1,AL,SANTANDER,16,819.59
2024-07-01,1,AM,BB,2,403.59
2024-07-01,1,AM,BRADESCO,22,18544.12
2024-07-01,1,AM,BRB,25,28335.28
2024-07-01,1,AM,BTG PACTUAL,17,2484.25
2024-07-01,1,AM,CAIXA ECONÔMICA FEDERAL,3,598.35
2024-07-01,1,AM,INTER,2,356.05
2024-07-01,1,AM,ITAU,13,737.24
2024-07-01,1,AM,NUBANK,44,4397.23
2024-07-01,1,AM,SANTANDER,32,3471.63
2024-07-01,1,AP,BRADESCO,7,3216.97
2024-07-01,1,AP,BRB,4,6410.75
2024-07-01,1,AP,BTG PACTUAL,2,285.19
2024-07-01,1,AP,INTER,1,200.8
2024-07-01,1,AP,ITAU,1,201.54
2024-07-01,1,AP,NUBANK,6,768.0
2024-07-01,1,AP,SANTANDER,4,359.73
2024-07-01,1,BA,BB,6,658.78
2024-07-01,1,BA,BMG,1,203.2
2024-07-01,1,BA,BRADESCO,25,22693.55
2024-07-01,1,BA,BRB,72,93220.01
2024-07-01,1,BA,BTG PACTUAL,30,4417.38
2024-07-01,1,BA,CAIXA ECONÔMICA FEDERAL,6,968.55
2024-07-01,1,BA,INTER,3,451.67
2024-07-01,1,BA,ITAU,17,1002.28
2024-07-01,1,BA,NUBANK,73,7728.93
2024-07-01,1,BA,SANTANDER,91,6607.76
2024-07-01,1,CE,BB,5,948.15
2024-07-01,1,CE,BRADESCO,8,3980.78
2024-07-01,1,CE,BRB,32,37425.91
2024-07-01,1,CE,BTG PACTUAL,16,2327.61
2024-07-01,1,CE,CAIXA ECONÔMICA FEDERAL,8,1367.91
2024-07-01,1,CE,INTER,3,458.93
2024-07-01,1,CE,ITAU,5,288.8
2024-07-01,1,CE,NUBANK,57,6464.25
2024-07-01,1,CE,SANTANDER,73,4936.92
2024-07-01,1,DF,BB,4,717.12
2024-07-01,1,DF,BRADESCO,9,6871.5
2024-07-01,1,DF,BRB,568,739170.46
2024-07-01,1,DF,BTG PACTUAL,10,1669.83
2024-07-01,1,DF,INTER,1,157.14
2024-07-01,1,DF,ITAU,10,554.45
2024-07-01,1,DF,NUBANK,22,1755.2
2024-07-01,1,DF,SANTANDER,26,2822.2
2024-07-01,1,ES,BRADESCO,13,15211.72
2024-07-01,1,ES,BRB,12,22936.92
2024-07-01,1,ES,BTG PACTUAL,10,1470.72
2024-07-01,1,ES,CAIXA ECONÔMICA FEDERAL,5,917.32
2024-07-01,1,ES,INTER,2,293.64
2024-07-01,1,ES,ITAU,5,398.34
2024-07-01,1,ES,NUBANK,7,828.61
2024-07-01,1,ES,SANTANDER,14,1943.89
2024-07-01,1,GO,BANCO SICOOB,1,333.37
2024-07-01,1,GO,BB,1,417.93
2024-07-01,1,GO,BMG,2,376.52
2024-07-01,1,GO,BRADESCO,9,4306.2
2024-07-01,1,GO,BRB,146,223230.78
2024-07-01,1,GO,BTG PACTUAL,6,975.08
2024-07-01,1,GO,CAIXA ECONÔMICA FEDERAL,1,200.49
2024-07-01,1,GO,INTER,5,779.3
2024-07-01,1,GO,ITAU,8,957.89
2024-07-01,1,GO,NUBANK,32,4192.76
2024-07-01,1,GO,SANTANDER,48,4523.88
2024-07-01,1,MA,BB,7,1084.91
2024-07-01,1,MA,BRADESCO,10,8067.1
2024-07-01,1,MA,BRB,17,17765.4
2024-07-01,1,MA,BTG PACTUAL,9,1207.44
2024-07-01,1,MA,CAIXA ECONÔMICA FEDERAL,3,602.68
2024-07-01,1,MA,INTER,3,328.06
2024-07-01,1,MA,ITAU,7,614.08
2024-07-01,1,MA,NUBANK,24,2578.7
2024-07-01,1,MA,SANTANDER,25,2112.27
2024-07-01,1,MG,BANCO SICOOB,6,1575.54
2024-07-01,1,MG,BB,3,405.17
2024-07-01,1,MG,BMG,1,202.83
2024-07-01,1,MG,BRADESCO,21,19779.05
2024-07-01,1,MG,BRB,63,79388.76
2024-07-01,1,MG,BTG PACTUAL,23,3088.54
2024-07-01,1,MG,C6 BANK,1,60.68
2024-07-01,1,MG,CAIXA ECONÔMICA FEDERAL,10,1951.91
2024-07-01,1,MG,INTER,14,1928.5
2024-07-01,1,MG,ITAU,30,2524.64
2024-07-01,1,MG,NUBANK,83,8920.99
2024-07-01,1,MG,SANTANDER,128,11298.88
2024-07-01,1,MS,BB,1,116.03
2024-07-01,1,MS,BRADESCO,2,1306.22
2024-07-01,1,MS,BRB,6,11841.41
2024-07-01,1,MS,BTG PACTUAL,13,1765.52
2024-07-01,1,MS,CAIXA ECONÔMICA FEDERAL,1,202.39
2024-07-01,1,MS,INTER,1,160.94
2024-07-01,1,MS,ITAU,4,515.64
2024-07-01,1,MS,NUBANK,27,2785.26
2024-07-01,1,MS,SANTANDER,20,796.46
2024-07-01,1,MS,VOTORANTIM,1,201.8
2024-07-01,1,MT,BB,1,18.75
2024-07-01,1,MT,BRADESCO,11,17204.25
2024-07-01,1,MT,BRB,25,33001.86
2024-07-01,1,MT,BTG PACTUAL,4,576.83
2024-07-01,1,MT,CAIXA ECONÔMICA FEDERAL,2,402.01
2024-07-01,1,MT,INTER,1,206.68
2024-07-01,1,MT,ITAU,3,327.05
2024-07-01,1,MT,NUBANK,14,988.05
2024-07-01,1,MT,SANTANDER,27,2940.32
2024-07-01,1,MT,SICOOB CREDISUL,1,262.89
2024-07-01,1,PA,BB,5,802.85
2024-07-01,1,PA,BRADESCO,7,1891.07
2024-07-01,1,PA,BRB,16,26741.57
2024-07-01,1,PA,BTG PACTUAL,29,4273.43
2024-07-01,1,PA,CAIXA ECONÔMICA FEDERAL,2,400.7
2024-07-01,1,PA,INTER,4,663.9
2024-07-01,1,PA,ITAU,9,1099.52
2024-07-01,1,PA,NUBANK,36,3308.08
2024-07-01,1,PA,SANTANDER,33,3058.56
2024-07-01,1,PB,BRADESCO,1,92.52
2024-07-01,1,PB,BRB,87,98055.86
2024-07-01,1,PB,BTG PACTUAL,8,1365.06
2024-07-01,1,PB,CAIXA ECONÔMICA FEDERAL,4,800.45
2024-07-01,1,PB,ITAU,1,98.53
2024-07-01,1,PB,NUBANK,23,2532.57
2024-07-01,1,PB,SANTANDER,21,1397.62
2024-07-01,1,PE,BB,4,809.12
2024-07-01,1,PE,BRADESCO,22,16590.03
2024-07-01,1,PE,BRB,24,25520.03
2024-07-01,1,PE,BTG PACTUAL,11,1929.8
2024-07-01,1,PE,C6 BANK,1,157.09
2024-07-01,1,PE,CAIXA ECONÔMICA FEDERAL,8,1563.6
2024-07-01,1,PE,INTER,10,1413.48
2024-07-01,1,PE,ITAU,17,2268.69
2024-07-01,1,PE,NUBANK,47,5642.73
2024-07-01,1,PE,SANTANDER,49,4042.09
2024-07-01,1,PI,BANCO SICOOB,1,669.62
2024-07-01,1,PI,BB,2,255.71
2024-07-01,1,PI,BRADESCO,5,6430.01
2024-07-01,1,PI,BRB,19,37663.74
2024-07-01,1,PI,BTG PACTUAL,6,681.06
2024-07-01,1,PI,CAIXA ECONÔMICA FEDERAL,1,200.94
2024-07-01,1,PI,INTER,3,602.33
2024-07-01,1,PI,ITAU,2,107.11
2024-07-01,1,PI,NUBANK,24,2765.11
2024-07-01,1,PI,SANTANDER,20,1555.56
2024-07-01,1,PR,BRADESCO,12,7297.04
2024-07-01,1,PR,BRB,21,29417.85
2024-07-01,1,PR,BTG PACTUAL,30,4437.36
2024-07-01,1,PR,C6 BANK,1,167.04
2024-07-01,1,PR,CAIXA ECONÔMICA FEDERAL,12,2154.98
2024-07-01,1,PR,INTER,3,369.44
2024-07-01,1,PR,ITAU,27,2343.67
2024-07-01,1,PR,NUBANK,37,3532.24
2024-07-01,1,PR,SANTANDER,65,6491.85
2024-07-01,1,RJ,BB,3,459.87
2024-07-01,1,RJ,BMG,3,607.19
2024-07-01,1,RJ,BRADESCO,125,93302.74
2024-07-01,1,RJ,BRB,193,203504.45
2024-07-01,1,RJ,BTG PACTUAL,40,6026.72
2024-07-01,1,RJ,C6 BANK,1,204.45
2024-07-01,1,RJ,CAIXA ECONÔMICA FEDERAL,12,2020.76
2024-07-01,1,RJ,INTER,18,2687.84
2024-07-01,1,RJ,ITAU,42,3529.55
2024-07-01,1,RJ,NUBANK,116,12579.66
2024-07-01,1,RJ,SANTANDER,257,19222.61
2024-07-01,1,RN,BB,1,201.85
2024-07-01,1,RN,BRADESCO,1,202.56
2024-07-01,1,RN,BRB,19,20083.96
2024-07-01,1,RN,BTG PACTUAL,9,1311.65
2024-07-01,1,RN,CAIXA ECONÔMICA FEDERAL,1,201.41
2024-07-01,1,RN,INTER,1,127.14
2024-07-01,1,RN,ITAU,2,323.19
2024-07-01,1,RN,NUBANK,18,2057.86
2024-07-01,1,RN,SANTANDER,19,1310.86
2024-07-01,1,RO,BRADESCO,3,3156.53
2024-07-01,1,RO,BRB,5,10956.48
2024-07-01,1,RO,BTG PACTUAL,3,495.45
2024-07-01,1,RO,C6 BANK,1,201.44
2024-07-01,1,RO,CAIXA ECONÔMICA FEDERAL,1,200.89
2024-07-01,1,RO,CCLA DO CENTRO SUL RONDONIENSE,1,43.56
2024-07-01,1,RO,ITAU,2,271.66
2024-07-01,1,RO,NUBANK,6,807.46
2024-07-01,1,RO,SANTANDER,14,1495.99
2024-07-01,1,RR,BTG PACTUAL,1,149.54
2024-07-01,1,RR,INTER,2,397.54
2024-07-01,1,RR,ITAU,2,236.53
2024-07-01,1,RR,NUBANK,2,309.6
2024-07-01,1,RR,SANTANDER,3,340.89
2024-07-01,1,RS,BB,3,608.25
2024-07-01,1,RS,BMG,1,200.45
2024-07-01,1,RS,BRADESCO,4,7515.22
2024-07-01,1,RS,BRB,19,32275.49
2024-07-01,1,RS,BTG PACTUAL,31,4467.33
2024-07-01,1,RS,C6 BANK,2,315.69
2024-07-01,1,RS,CAIXA ECONÔMICA FEDERAL,4,783.99
2024-07-01,1,RS,INTER,5,659.34
2024-07-01,1,RS,ITAU,11,924.6
2024-07-01,1,RS,NUBANK,45,4856.45
2024-07-01,1,RS,SANTANDER,83,5401.72
2024-07-01,1,SC,BB,2,174.22
2024-07-01,1,SC,BRADESCO,3,3566.32
2024-07-01,1,SC,BRB,11,11330.45
2024-07-01,1,SC,BTG PACTUAL,11,1750.85
2024-07-01,1,SC,CAIXA ECONÔMICA FEDERAL,2,402.33
2024-07-01,1,SC,INTER,4,465.62
2024-07-01,1,SC,ITAU,8,571.24
2024-07-01,1,SC,NUBANK,20,2263.95
2024-07-01,1,SC,SANTANDER,42,3216.01
2024-07-01,1,SE,BRB,7,4719.17
2024-07-01,1,SE,BTG PACTUAL,7,917.89
2024-07-01,1,SE,C6 BANK,1,182.55
2024-07-01,1,SE,CAIXA ECONÔMICA FEDERAL,1,201.02
2024-07-01,1,SE,INTER,3,412.93
2024-07-01,1,SE,ITAU,2,2.0
2024-07-01,1,SE,NUBANK,12,1192.5
2024-07-01,1,SE,SANTANDER,9,647.08
2024-07-01,1,SP,BANCO SICOOB,1,466.54
2024-07-01,1,SP,BB,15,1903.96
2024-07-01,1,SP,BMG,5,911.13
2024-07-01,1,SP,BRADESCO,114,84048.99
2024-07-01,1,SP,BRB,132,177300.16
2024-07-01,1,SP,BTG PACTUAL,128,18403.94
2024-07-01,1,SP,C6 BANK,5,806.91
2024-07-01,1,SP,CAIXA ECONÔMICA FEDERAL,16,3148.5
2024-07-01,1,SP,INTER,24,3249.86
2024-07-01,1,SP,ITAU,108,7749.6
2024-07-01,1,SP,NUBANK,240,25923.89
2024-07-01,1,SP,SANTANDER,525,43935.65
2024-07-01,1,TO,BB,4,855.2
2024-07-01,1,TO,BRB,6,6178.95
2024-07-01,1,TO,BTG PACTUAL,2,161.94
2024-07-01,1,TO,INTER,1,201.69
2024-07-01,1,TO,ITAU,1,203.92
2024-07-01,1,TO,NUBANK,4,299.74
2024-07-01,1,TO,SANTANDER,6,306.41
2024-07-01,2,AC,BB,12,252424.87
2024-07-01,2,AL,BB,31,274279.58
2024-07-01,2,AM,BB,35,477238.35
2024-07-01,2,AM,BRADESCO,15,104089.43
2024-07-01,2,AM,VOTORANTIM,1,2283.22
2024-07-01,2,AP,BB,17,332914.2
2024-07-01,2,BA,BB,124,1378206.05
2024-07-01,2,BA,BRADESCO,9,42509.07
2024-07-01,2,BA,C6 BANK,1,142.72
2024-07-01,2,BA,SANTANDER,1,0.05
2024-07-01,2,BA,VOTORANTIM,2,2609.19
2024-07-01,2,CE,BB,118,1217363.57
2024-07-01,2,CE,BRADESCO,5,32082.0
2024-07-01,2,CE,C6 BANK,1,210.43
2024-07-01,2,CE,VOTORANTIM,2,4138.98
2024-07-01,2,DF,BB,33,455060.18
2024-07-01,2,DF,BRADESCO,5,81461.01
2024-07-01,2,ES,BB,20,257732.45
2024-07-01,2,ES,BRADESCO,9,79458.91
2024-07-01,2,ES,SANTANDER,1,160.99
2024-07-01,2,ES,VOTORANTIM,1,1144.87
2024-07-01,2,GO,BB,92,919721.81
2024-07-01,2,GO,BRADESCO,8,337896.27
2024-07-01,2,GO,VOTORANTIM,2,8499.8
2024-07-01,2,MA,BB,83,1316328.74
2024-07-01,2,MA,BRADESCO,5,44521.35
2024-07-01,2,MA,VOTORANTIM,5,20508.26
2024-07-01,2,MG,BB,142,2329335.67
2024-07-01,2,MG,BRADESCO,18,102165.64
2024-07-01,2,MG,CAIXA ECONÔMICA FEDERAL,1,202.09
2024-07-01,2,MG,VOTORANTIM,12,43370.77
2024-07-01,2,MS,BB,66,1091466.4
2024-07-01,2,MS,BRADESCO,3,12688.75
2024-07-01,2,MS,VOTORANTIM,3,4135.67
2024-07-01,2,MT,BB,53,586243.48
2024-07-01,2,MT,BRADESCO,4,55542.41
2024-07-01,2,MT,VOTORANTIM,3,6354.95
2024-07-01,2,PA,BB,80,1065413.3
2024-07-01,2,PA,BRADESCO,2,62406.18
2024-07-01,2,PA,VOTORANTIM,3,15309.54
2024-07-01,2,PB,BB,59,671795.16
2024-07-01,2,PB,BRADESCO,1,10617.66
2024-07-01,2,PE,BB,54,934063.15
2024-07-01,2,PE,BRADESCO,11,53602.32
2024-07-01,2,PE,VOTORANTIM,2,7628.63
2024-07-01,2,PI,BB,63,727271.53
2024-07-01,2,PI,BRADESCO,4,27469.41
2024-07-01,2,PR,BB,56,645222.52
2024-07-01,2,PR,BRADESCO,14,100379.15
2024-07-01,2,PR,VOTORANTIM,10,43261.62
2024-07-01,2,RJ,BB,75,1191161.51
2024-07-01,2,RJ,BRADESCO,52,635257.6
2024-07-01,2,RJ,SANTANDER,4,280.76
2024-07-01,2,RJ,VOTORANTIM,11,27787.76
2024-07-01,2,RN,BB,73,814011.49
2024-07-01,2,RN,VOTORANTIM,1,1182.71
2024-07-01,2,RO,BB,16,225739.36
2024-07-01,2,RO,BRADESCO,3,14739.48
2024-07-01,2,RO,VOTORANTIM,2,9514.0
2024-07-01,2,RR,BB,12,232943.2
2024-07-01,2,RS,BB,70,863875.74
2024-07-01,2,RS,BRADESCO,7,87160.32
2024-07-01,2,RS,ITAU,3,79.62
2024-07-01,2,RS,SANTANDER,2,127.23
2024-07-01,2,RS,VOTORANTIM,12,27809.04
2024-07-01,2,SC,BB,68,1064717.69
2024-07-01,2,SC,BRADESCO,8,113269.13
2024-07-01,2,SC,C6 BANK,2,318.64
2024-07-01,2,SC,VOTORANTIM,8,13543.41
2024-07-01,2,SE,BB,15,310797.39
2024-07-01,2,SE,BRADESCO,2,58218.28
2024-07-01,2,SE,VOTORANTIM,1,1945.93
2024-07-01,2,SP,BB,284,4753947.58
2024-07-01,2,SP,BRADESCO,78,570071.23
2024-07-01,2,SP,BTG PACTUAL,1,2289.44
2024-07-01,2,SP,C6 BANK,3,499.27
2024-07-01,2,SP,ITAU,2,5125.03
2024-07-01,2,SP,SANTANDER,2,54.89
2024-07-01,2,SP,VOTORANTIM,44,144900.36
2024-07-01,2,TO,BB,25,395000.96
2024-07-01,2,TO,BRADESCO,1,2081.94
2024-07-01,2,TO,VOTORANTIM,1,2587.9
2024-07-01,3,AC,BB,9,683297.25
2024-07-01,3,AC,ITAU,2,3994.69
2024-07-01,3,AC,SANTANDER,12,84780.74
2024-07-01,3,AL,BB,7,219816.66
2024-07-01,3,AL,ITAU,18,132330.84
2024-07-01,3,AL,SANTANDER,42,304262.03
2024-07-01,3,AM,BB,9,766018.26
2024-07-01,3,AM,ITAU,46,668610.85
2024-07-01,3,AM,SANTANDER,49,692906.39
2024-07-01,3,AP,BB,3,111126.0
2024-07-01,3,AP,ITAU,3,17915.87
2024-07-01,3,AP,SANTANDER,30,269922.12
2024-07-01,3,BA,BB,27,1387379.2
2024-07-01,3,BA,ITAU,173,2287843.77
2024-07-01,3,BA,SANTANDER,326,3355156.65
2024-07-01,3,CE,BB,26,1403395.38
2024-07-01,3,CE,BCO DO NORDESTE DO BRASIL S.A.,1,24297.94
2024-07-01,3,CE,BRADESCO,1,2211.16
2024-07-01,3,CE,ITAU,60,821304.63
2024-07-01,3,CE,SANTANDER,115,1333718.77
2024-07-01,3,DF,BB,10,236302.19
2024-07-01,3,DF,ITAU,80,1104174.44
2024-07-01,3,DF,SANTANDER,99,1789310.49
2024-07-01,3,ES,BB,3,57517.86
2024-07-01,3,ES,ITAU,40,506363.59
2024-07-01,3,ES,SANTANDER,54,354892.93
2024-07-01,3,GO,BB,16,2228820.39
2024-07-01,3,GO,ITAU,89,731274.19
2024-07-01,3,GO,SANTANDER,142,1799018.75
2024-07-01,3,MA,BB,27,1123063.89
2024-07-01,3,MA,ITAU,22,220466.83
2024-07-01,3,MA,SANTANDER,64,1050772.18
2024-07-01,3,MG,BB,34,2922353.63
2024-07-01,3,MG,BRADESCO,1,3706.59
2024-07-01,3,MG,ITAU,181,1909536.85
2024-07-01,3,MG,SANTANDER,382,4273259.43
2024-07-01,3,MS,BB,18,696485.14
2024-07-01,3,MS,ITAU,26,361689.49
2024-07-01,3,MS,SANTANDER,59,756639.64
2024-07-01,3,MT,BB,16,835014.93
2024-07-01,3,MT,ITAU,55,446074.57
2024-07-01,3,MT,SANTANDER,91,1297247.11
2024-07-01,3,PA,BB,21,1198140.57
2024-07-01,3,PA,ITAU,42,434891.4
2024-07-01,3,PA,SANTANDER,65,531719.48
2024-07-01,3,PB,BB,14,865044.34
2024-07-01,3,PB,BRADESCO,1,1572.79
2024-07-01,3,PB,ITAU,24,177605.0
2024-07-01,3,PB,SANTANDER,47,341317.97
2024-07-01,3,PE,BB,19,1885012.3
2024-07-01,3,PE,ITAU,71,580873.16
2024-07-01,3,PE,SANTANDER,226,3544819.5
2024-07-01,3,PI,BB,13,672636.69
2024-07-01,3,PI,BRADESCO,1,6833.58
2024-07-01,3,PI,ITAU,11,245042.02
2024-07-01,3,PI,SANTANDER,33,819239.52
2024-07-01,3,PR,BB,28,911706.93
2024-07-01,3,PR,ITAU,242,2741773.36
2024-07-01,3,PR,SANTANDER,292,4546785.86
2024-07-01,3,RJ,BB,15,1955166.12
2024-07-01,3,RJ,BRADESCO,1,3353.44
2024-07-01,3,RJ,ITAU,358,4436029.52
2024-07-01,3,RJ,SANTANDER,550,7276251.04
2024-07-01,3,RN,BB,10,356877.04
2024-07-01,3,RN,ITAU,18,138851.8
2024-07-01,3,RN,SANTANDER,52,722709.16
2024-07-01,3,RO,BB,3,228573.46
2024-07-01,3,RO,ITAU,8,134279.73
2024-07-01,3,RO,SANTANDER,21,288025.51
2024-07-01,3,RR,BB,3,68424.01
2024-07-01,3,RR,ITAU,6,25634.93
2024-07-01,3,RR,SANTANDER,7,46887.7
2024-07-01,3,RS,BB,13,1343388.49
2024-07-01,3,RS,BRADESCO,1,25759.98
2024-07-01,3,RS,ITAU,107,1313265.74
2024-07-01,3,RS,SANTANDER,283,4682753.87
2024-07-01,3,SC,BB,24,1438905.0
2024-07-01,3,SC,ITAU,65,800588.94
2024-07-01,3,SC,SANTANDER,157,2545105.19
2024-07-01,3,SE,BB,4,18996.48
2024-07-01,3,SE,ITAU,1,5359.23
2024-07-01,3,SE,SANTANDER,23,324850.53
2024-07-01,3,SP,BB,75,3302938.9
2024-07-01,3,SP,BRADESCO,6,358914.42
2024-07-01,3,SP,ITAU,1110,14316544.14
2024-07-01,3,SP,SANTANDER,2003,27675416.23
2024-07-01,3,TO,BB,4,122801.82
2024-07-01,3,TO,ITAU,18,139317.87
2024-07-01,3,TO,SANTANDER,20,187326.19
2024-08-01,1,AC,BB,2,349.62
2024-08-01,1,AC,BRADESCO,1,0.27
2024-08-01,1,AC,BTG PACTUAL,1,189.52
2024-08-01,1,AC,NUBANK,2,245.05
2024-08-01,1,AC,SANTANDER,3,4889.49
2024-08-01,1,AL,BMG,1,200.96
2024-08-01,1,AL,BRADESCO,5,1735.91
2024-08-01,1,AL,BTG PACTUAL,6,946.12
2024-08-01,1,AL,ITAU,4,191.87
2024-08-01,1,AL,NUBANK,14,1646.19
2024-08-01,1,AL,SANTANDER,18,21307.84
2024-08-01,1,AM,BRADESCO,33,27158.38
2024-08-01,1,AM,BTG PACTUAL,6,894.93
2024-08-01,1,AM,CAIXA ECONÔMICA FEDERAL,1,200.06
2024-08-01,1,AM,INTER,2,400.92
2024-08-01,1,AM,ITAU,17,2459.37
2024-08-01,1,AM,NUBANK,38,3629.49
2024-08-01,1,AM,SANTANDER,51,59154.58
2024-08-01,1,AP,BTG PACTUAL,4,618.97
2024-08-01,1,AP,INTER,1,68.94
2024-08-01,1,AP,ITAU,1,148.54
2024-08-01,1,AP,NUBANK,5,498.69
2024-08-01,1,AP,SANTANDER,7,7092.88
2024-08-01,1,BA,BB,6,941.31
2024-08-01,1,BA,BRADESCO,4,3347.74
2024-08-01,1,BA,BTG PACTUAL,18,2482.69
2024-08-01,1,BA,CAIXA ECONÔMICA FEDERAL,3,550.44
2024-08-01,1,BA,CC SICOOB COOPEMAR,1,52.18
2024-08-01,1,BA,INTER,8,1297.44
2024-08-01,1,BA,ITAU,41,3390.6
2024-08-01,1,BA,NUBANK,66,6480.47
2024-08-01,1,BA,SANTANDER,106,110926.5
2024-08-01,1,BA,SOC CC SICOOB COOPERE,1,160.28
2024-08-01,1,CE,BANCO SICOOB,1,213.6
2024-08-01,1,CE,BB,3,603.47
2024-08-01,1,CE,BRADESCO,6,1451.47
2024-08-01,1,CE,BTG PACTUAL,16,2386.98
2024-08-01,1,CE,CAIXA ECONÔMICA FEDERAL,1,53.79
2024-08-01,1,CE,INTER,7,1137.19
2024-08-01,1,CE,ITAU,16,1252.08
2024-08-01,1,CE,NUBANK,52,4889.82
2024-08-01,1,CE,SANTANDER,98,115651.95
2024-08-01,1,DF,BANCO SICOOB,2,229.51
2024-08-01,1,DF,BMG,1,200.31
2024-08-01,1,DF,BRADESCO,16,14151.44
2024-08-01,1,DF,BTG PACTUAL,7,1237.2
2024-08-01,1,DF,CAIXA ECONÔMICA FEDERAL,2,1188.52
2024-08-01,1,DF,INTER,2,211.98
2024-08-01,1,DF,ITAU,12,1025.39
2024-08-01,1,DF,NUBANK,31,3079.07
2024-08-01,1,DF,SANTANDER,35,35344.54
2024-08-01,1,ES,BTG PACTUAL,10,1563.5
2024-08-01,1,ES,ITAU,9,661.64
2024-08-01,1,ES,NUBANK,18,1079.39
2024-08-01,1,ES,SANTANDER,34,38581.22
2024-08-01,1,GO,BB,1,202.01
2024-08-01,1,GO,BRADESCO,18,20856.76
2024-08-01,1,GO,BTG PACTUAL,13,2157.84
2024-08-01,1,GO,C6 BANK,1,205.85
2024-08-01,1,GO,CAIXA ECONÔMICA FEDERAL,1,201.91
2024-08-01,1,GO,INTER,5,942.91
2024-08-01,1,GO,ITAU,28,2702.06
2024-08-01,1,GO,NUBANK,34,3098.94
2024-08-01,1,GO,SANTANDER,48,55706.01
2024-08-01,1,MA,BB,4,529.4
2024-08-01,1,MA,BRADESCO,4,3508.59
2024-08-01,1,MA,BTG PACTUAL,5,743.51
2024-08-01,1,MA,C6 BANK,1,132.92
2024-08-01,1,MA,ITAU,5,143.26
2024-08-01,1,MA,NUBANK,25,1733.57
2024-08-01,1,MA,SANTANDER,37,38013.22
2024-08-01,1,MG,BANCO SICOOB,1,25.11
2024-08-01,1,MG,BB,3,398.97
2024-08-01,1,MG,BMG,3,607.25
2024-08-01,1,MG,BRADESCO,42,28130.01
2024-08-01,1,MG,BTG PACTUAL,37,5421.8
2024-08-01,1,MG,C6 BANK,1,6.79
2024-08-01,1,MG,CAIXA ECONÔMICA FEDERAL,5,1328.85
2024-08-01,1,MG,CC UNIÃO DO CENTRO OESTE DE MINAS,1,2115.19
2024-08-01,1,MG,INTER,7,630.21
2024-08-01,1,MG,ITAU,62,10052.97
2024-08-01,1,MG,NUBANK,76,6297.87
2024-08-01,1,MG,SANTANDER,161,177076.19
2024-08-01,1,MS,BRADESCO,18,10084.17
2024-08-01,1,MS,BTG PACTUAL,5,667.03
2024-08-01,1,MS,CAIXA ECONÔMICA FEDERAL,2,402.72
2024-08-01,1,MS,ITAU,11,1079.27
2024-08-01,1,MS,NUBANK,22,1450.98
2024-08-01,1,MS,SANTANDER,36,35529.52
2024-08-01,1,MS,VOTORANTIM,1,203.74
2024-08-01,1,MT,BB,2,402.77
2024-08-01,1,MT,BRADESCO,1,614.72
2024-08-01,1,MT,BTG PACTUAL,6,891.64
2024-08-01,1,MT,INTER,1,130.38
2024-08-01,1,MT,ITAU,10,3917.13
2024-08-01,1,MT,NUBANK,19,1270.23
2024-08-01,1,MT,SANTANDER,20,20553.71
2024-08-01,1,PA,BMG,1,200.91
2024-08-01,1,PA,BRADESCO,6,1285.53
2024-08-01,1,PA,BTG PACTUAL,8,1033.58
2024-08-01,1,PA,INTER,6,708.16
2024-08-01,1,PA,ITAU,10,505.55
2024-08-01,1,PA,NUBANK,34,3342.89
2024-08-01,1,PA,SANTANDER,40,43621.81
2024-08-01,1,PB,BB,4,427.88
2024-08-01,1,PB,BMG,1,202.85
2024-08-01,1,PB,BRADESCO,10,3696.97
2024-08-01,1,PB,BTG PACTUAL,9,1246.54
2024-08-01,1,PB,CAIXA ECONÔMICA FEDERAL,1,68.95
2024-08-01,1,PB,INTER,2,278.06
2024-08-01,1,PB,ITAU,8,1530.81
2024-08-01,1,PB,NUBANK,23,2290.71
2024-08-01,1,PB,SANTANDER,19,20792.74
2024-08-01,1,PE,BB,5,833.65
2024-08-01,1,PE,BRADESCO,11,6748.76
2024-08-01,1,PE,BTG PACTUAL,16,2482.6
2024-08-01,1,PE,CAIXA ECONÔMICA FEDERAL,4,742.8
2024-08-01,1,PE,INTER,5,776.42
2024-08-01,1,PE,ITAU,27,6285.58
2024-08-01,1,PE,NUBANK,44,3983.52
2024-08-01,1,PE,SANTANDER,86,71020.84
2024-08-01,1,PI,BB,1,74.14
2024-08-01,1,PI,BRADESCO,2,2245.75
2024-08-01,1,PI,BTG PACTUAL,6,909.45
2024-08-01,1,PI,CAIXA ECONÔMICA FEDERAL,2,461.76
2024-08-01,1,PI,ITAU,1,161.54
2024-08-01,1,PI,NUBANK,16,1612.08
2024-08-01,1,PI,SANTANDER,13,16744.28
2024-08-01,1,PR,BANCO SICOOB,1,210.65
2024-08-01,1,PR,BB,2,402.71
2024-08-01,1,PR,BRADESCO,21,14318.09
2024-08-01,1,PR,BTG PACTUAL,22,2621.6
2024-08-01,1,PR,CAIXA ECONÔMICA FEDERAL,3,770.97
2024-08-01,1,PR,INTER,6,971.94
2024-08-01,1,PR,ITAU,39,4375.99
2024-08-01,1,PR,NUBANK,72,5561.23
2024-08-01,1,PR,SANTANDER,76,91569.59
2024-08-01,1,RJ,BB,4,650.63
2024-08-01,1,RJ,BMG,1,203.35
2024-08-01,1,RJ,BRADESCO,39,30110.9
2024-08-01,1,RJ,BTG PACTUAL,34,4163.36
2024-08-01,1,RJ,CAIXA ECONÔMICA FEDERAL,3,595.29
2024-08-01,1,RJ,INTER,6,806.25
2024-08-01,1,RJ,ITAU,141,17632.33
2024-08-01,1,RJ,NUBANK,125,10769.79
2024-08-01,1,RJ,SANTANDER,253,247164.75
2024-08-01,1,RN,BB,3,405.91
2024-08-01,1,RN,BRADESCO,5,5256.76
2024-08-01,1,RN,BTG PACTUAL,7,1185.85
2024-08-01,1,RN,INTER,4,752.54
2024-08-01,1,RN,ITAU,6,503.0
2024-08-01,1,RN,NUBANK,31,2560.53
2024-08-01,1,RN,SANTANDER,28,36813.08
2024-08-01,1,RO,BTG PACTUAL,2,384.1
2024-08-01,1,RO,CCLA DO CENTRO SUL RONDONIENSE,1,39.25
2024-08-01,1,RO,INTER,1,201.74
2024-08-01,1,RO,ITAU,5,3285.07
2024-08-01,1,RO,NUBANK,18,1540.01
2024-08-01,1,RO,SANTANDER,18,25839.93
2024-08-01,1,RR,BTG PACTUAL,1,177.96
2024-08-01,1,RR,ITAU,1,673.74
2024-08-01,1,RR,NUBANK,6,454.75
2024-08-01,1,RR,SANTANDER,4,5053.99
2024-08-01,1,RS,BANRISUL,2,155.51
2024-08-01,1,RS,BB,1,0.95
2024-08-01,1,RS,BRADESCO,2,251.91
2024-08-01,1,RS,BTG PACTUAL,20,2896.6
2024-08-01,1,RS,C6 BANK,1,173.65
2024-08-01,1,RS,CAIXA ECONÔMICA FEDERAL,3,503.24
2024-08-01,1,RS,INTER,1,50.52
2024-08-01,1,RS,ITAU,27,1735.08
2024-08-01,1,RS,NUBANK,54,3848.2
2024-08-01,1,RS,SANTANDER,82,77477.93
2024-08-01,1,SC,BB,3,579.43
2024-08-01,1,SC,BMG,1,201.9
2024-08-01,1,SC,BRADESCO,3,1388.76
2024-08-01,1,SC,BTG PACTUAL,14,2221.82
2024-08-01,1,SC,CAIXA ECONÔMICA FEDERAL,1,203.65
2024-08-01,1,SC,INTER,2,252.68
2024-08-01,1,SC,ITAU,15,1544.1
2024-08-01,1,SC,NUBANK,38,2781.93
2024-08-01,1,SC,SANTANDER,50,45849.01
2024-08-01,1,SE,BB,2,404.4
2024-08-01,1,SE,BMG,1,200.47
2024-08-01,1,SE,BRADESCO,3,2255.31
2024-08-01,1,SE,BTG PACTUAL,3,375.03
2024-08-01,1,SE,C6 BANK,1,111.77
2024-08-01,1,SE,INTER,2,317.83
2024-08-01,1,SE,ITAU,6,706.87
2024-08-01,1,SE,NUBANK,17,1302.46
2024-08-01,1,SE,SANTANDER,10,10773.32
2024-08-01,1,SE,VOTORANTIM,1,202.18
2024-08-01,1,SP,BB,7,1319.63
2024-08-01,1,SP,BMG,1,99.21
2024-08-01,1,SP,BRADESCO,109,68340.93
2024-08-01,1,SP,BTG PACTUAL,130,18452.76
2024-08-01,1,SP,C6 BANK,10,1873.22
2024-08-01,1,SP,CAIXA ECONÔMICA FEDERAL,8,1519.82
2024-08-01,1,SP,CC INV DE RONDÔNIA - SICOOB CREDJURD,2,248.58
2024-08-01,1,SP,INTER,23,2873.65
2024-08-01,1,SP,ITAU,288,34266.56
2024-08-01,1,SP,NUBANK,295,24691.19
2024-08-01,1,SP,SANTANDER,640,671259.7
2024-08-01,1,TO,BTG PACTUAL,2,315.52
2024-08-01,1,TO,NUBANK,7,730.89
2024-08-01,1,TO,SANTANDER,8,8234.53
2024-08-01,2,AC,BRADESCO,1,48.01
2024-08-01,2,AL,BRADESCO,18,120970.02
2024-08-01,2,AL,VOTORANTIM,2,10695.73
2024-08-01,2,AM,BRADESCO,42,612983.41
2024-08-01,2,AP,BRADESCO,2,34256.3
2024-08-01,2,BA,BRADESCO,105,727766.26
2024-08-01,2,BA,ITAU,1,170.01
2024-08-01,2,BA,VOTORANTIM,5,9067.0
2024-08-01,2,CE,BRADESCO,42,707652.24
2024-08-01,2,CE,VOTORANTIM,4,4696.93
2024-08-01,2,DF,BRADESCO,37,416874.42
2024-08-01,2,DF,SANTANDER,1,197.41
2024-08-01,2,DF,VOTORANTIM,2,5839.81
2024-08-01,2,ES,BRADESCO,24,76022.08
2024-08-01,2,ES,C6 BANK,1,207.86
2024-08-01,2,ES,VOTORANTIM,1,782.53
2024-08-01,2,GO,BB,1,1587.98
2024-08-01,2,GO,BRADESCO,75,836308.61
2024-08-01,2,GO,SANTANDER,1,102.75
2024-08-01,2,GO,VOTORANTIM,9,17156.77
2024-08-01,2,MA,BB,1,196.21
2024-08-01,2,MA,BCO DO NORDESTE DO BRASIL S.A.,1,5856.91
2024-08-01,2,MA,BRADESCO,30,391815.01
2024-08-01,2,MA,C6 BANK,1,151.44
2024-08-01,2,MA,SANTANDER,1,5636.68
2024-08-01,2,MG,BB,2,7996.21
2024-08-01,2,MG,BRADESCO,181,1197774.32
2024-08-01,2,MG,SANTANDER,1,42.6
2024-08-01,2,MG,VOTORANTIM,9,24066.74
2024-08-01,2,MS,BB,1,203.98
2024-08-01,2,MS,BRADESCO,60,619453.8
2024-08-01,2,MS,VOTORANTIM,4,20096.67
2024-08-01,2,MT,BB,1,7411.55
2024-08-01,2,MT,BRADESCO,36,449018.78
2024-08-01,2,PA,BRADESCO,36,1158697.88
2024-08-01,2,PA,SANTANDER,2,43.2
2024-08-01,2,PA,VOTORANTIM,2,10047.65
2024-08-01,2,PB,BB,1,201.12
2024-08-01,2,PB,BRADESCO,22,172954.48
2024-08-01,2,PB,VOTORANTIM,2,3507.7
2024-08-01,2,PE,BRADESCO,70,771503.5
2024-08-01,2,PE,VOTORANTIM,1,5819.33
2024-08-01,2,PI,BRADESCO,10,78822.82
2024-08-01,2,PI,C6 BANK,3,482.83
2024-08-01,2,PI,VOTORANTIM,2,2618.2
2024-08-01,2,PR,BRADESCO,99,963494.89
2024-08-01,2,PR,VOTORANTIM,14,28703.65
2024-08-01,2,RJ,BB,1,202.09
2024-08-01,2,RJ,BRADESCO,283,2495456.24
2024-08-01,2,RJ,BTG PACTUAL,1,1779.89
2024-08-01,2,RJ,C6 BANK,5,1259.26
2024-08-01,2,RJ,ITAU,1,173.34
2024-08-01,2,RJ,VOTORANTIM,9,37476.94
2024-08-01,2,RN,BRADESCO,16,218289.6
2024-08-01,2,RN,VOTORANTIM,2,6541.9
2024-08-01,2,RO,BRADESCO,7,99984.16
2024-08-01,2,RO,VOTORANTIM,1,654.6
2024-08-01,2,RR,BRADESCO,2,11241.13
2024-08-01,2,RR,VOTORANTIM,1,12498.04
2024-08-01,2,RS,BRADESCO,48,644186.48
2024-08-01,2,RS,C6 BANK,1,203.19
2024-08-01,2,RS,VOTORANTIM,6,33408.11
2024-08-01,2,SC,BRADESCO,72,954154.6
2024-08-01,2,SC,C6 BANK,2,2325.4
2024-08-01,2,SC,VOTORANTIM,7,17176.65
2024-08-01,2,SE,BRADESCO,9,86326.97
2024-08-01,2,SE,VOTORANTIM,1,3987.39
2024-08-01,2,SP,BB,1,4052.17
2024-08-01,2,SP,BRADESCO,874,5395475.18
2024-08-01,2,SP,C6 BANK,4,15138.11
2024-08-01,2,SP,ITAU,2,57.56
2024-08-01,2,SP,SANTANDER,12,312.68
2024-08-01,2,SP,VOTORANTIM,47,121720.38
2024-08-01,2,TO,BRADESCO,10,34614.9
2024-08-01,3,AC,BRADESCO,8,1147273.99
2024-08-01,3,AC,ITAU,3,22704.83
2024-08-01,3,AC,SANTANDER,6,152885.59
2024-08-01,3,AL,BB,3,62394.54
2024-08-01,3,AL,BRADESCO,67,4130273.87
2024-08-01,3,AL,ITAU,21,210832.78
2024-08-01,3,AL,SANTANDER,20,551836.89
2024-08-01,3,AM,BB,6,387853.45
2024-08-01,3,AM,BRADESCO,150,13275794.76
2024-08-01,3,AM,ITAU,35,744050.21
2024-08-01,3,AM,SANTANDER,32,349218.93
2024-08-01,3,AP,BB,6,521230.12
2024-08-01,3,AP,BRADESCO,18,1151292.45
2024-08-01,3,AP,ITAU,5,23001.14
2024-08-01,3,AP,SANTANDER,3,29456.55
2024-08-01,3,BA,BB,17,611776.09
2024-08-01,3,BA,BCO DO NORDESTE DO BRASIL S.A.,1,14548.45
2024-08-01,3,BA,BRADESCO,400,26986859.95
2024-08-01,3,BA,ITAU,91,873244.84
2024-08-01,3,BA,SANTANDER,207,2224269.86
2024-08-01,3,CE,BB,14,586997.63
2024-08-01,3,CE,BRADESCO,169,10284383.71
2024-08-01,3,CE,ITAU,83,1100900.53
2024-08-01,3,CE,SANTANDER,65,634558.6
2024-08-01,3,DF,BB,1,120541.41
2024-08-01,3,DF,BRADESCO,54,4835478.55
2024-08-01,3,DF,ITAU,48,377829.43
2024-08-01,3,DF,SANTANDER,61,1042636.24
2024-08-01,3,ES,BB,2,23100.15
2024-08-01,3,ES,BRADESCO,82,5436694.36
2024-08-01,3,ES,ITAU,41,426394.44
2024-08-01,3,ES,SANTANDER,48,456550.62
2024-08-01,3,GO,BB,5,356784.05
2024-08-01,3,GO,BRADESCO,197,14280610.03
2024-08-01,3,GO,ITAU,137,1339436.77
2024-08-01,3,GO,SANTANDER,107,1413989.37
2024-08-01,3,MA,BB,10,941411.52
2024-08-01,3,MA,BRADESCO,153,13290958.59
2024-08-01,3,MA,ITAU,28,266752.57
2024-08-01,3,MA,SANTANDER,45,506070.03
2024-08-01,3,MG,BB,18,1014695.12
2024-08-01,3,MG,BRADESCO,445,30606870.89
2024-08-01,3,MG,ITAU,226,2256495.9
2024-08-01,3,MG,SANTANDER,251,2450767.37
2024-08-01,3,MS,BB,2,12260.47
2024-08-01,3,MS,BRADESCO,138,9783910.06
2024-08-01,3,MS,ITAU,15,320734.27
2024-08-01,3,MS,SANTANDER,42,316411.3
2024-08-01,3,MT,BB,12,967665.52
2024-08-01,3,MT,BRADESCO,140,9625161.3
2024-08-01,3,MT,ITAU,17,78469.08
2024-08-01,3,MT,SANTANDER,50,820177.29
2024-08-01,3,PA,BB,8,1452357.76
2024-08-01,3,PA,BRADESCO,196,16331443.78
2024-08-01,3,PA,ITAU,22,199435.51
2024-08-01,3,PA,SANTANDER,55,475577.15
2024-08-01,3,PB,BB,1,37337.39
2024-08-01,3,PB,BRADESCO,72,3537226.41
2024-08-01,3,PB,ITAU,21,210305.91
2024-08-01,3,PB,SANTANDER,45,750632.46
2024-08-01,3,PE,BB,6,155000.25
2024-08-01,3,PE,BCO DO NORDESTE DO BRASIL S.A.,1,24115.14
2024-08-01,3,PE,BRADESCO,169,12097161.11
2024-08-01,3,PE,ITAU,94,1454697.7
2024-08-01,3,PE,SANTANDER,127,1251999.03
2024-08-01,3,PI,BB,9,478035.76
2024-08-01,3,PI,BRADESCO,65,5033709.2
2024-08-01,3,PI,ITAU,14,66911.91
2024-08-01,3,PI,SANTANDER,19,164514.07
2024-08-01,3,PR,BB,9,551958.47
2024-08-01,3,PR,BRADESCO,457,36312374.85
2024-08-01,3,PR,ITAU,225,2701138.17
2024-08-01,3,PR,SANTANDER,168,2081067.62
2024-08-01,3,RJ,BB,7,124413.61
2024-08-01,3,RJ,BRADESCO,555,47970874.81
2024-08-01,3,RJ,ITAU,338,3669846.84
2024-08-01,3,RJ,SANTANDER,346,4447395.12
2024-08-01,3,RN,BB,8,200962.18
2024-08-01,3,RN,BRADESCO,47,3590079.1
2024-08-01,3,RN,ITAU,14,57272.34
2024-08-01,3,RN,SANTANDER,53,820569.72
2024-08-01,3,RO,BRADESCO,32,2258964.35
2024-08-01,3,RO,ITAU,16,55084.3
2024-08-01,3,RO,SANTANDER,13,176100.33
2024-08-01,3,RR,BRADESCO,8,1092161.73
2024-08-01,3,RR,ITAU,11,76044.73
2024-08-01,3,RR,SANTANDER,6,22815.88
2024-08-01,3,RS,BB,6,544430.44
2024-08-01,3,RS,BRADESCO,618,42626397.74
2024-08-01,3,RS,ITAU,118,1296772.42
2024-08-01,3,RS,SANTANDER,208,3261300.59
2024-08-01,3,SC,BB,10,487951.16
2024-08-01,3,SC,BRADESCO,252,28023877.22
2024-08-01,3,SC,ITAU,71,853227.01
2024-08-01,3,SC,SANTANDER,91,859436.22
2024-08-01,3,SE,BB,1,29830.45
2024-08-01,3,SE,BRADESCO,25,536087.66
2024-08-01,3,SE,ITAU,6,196743.2
2024-08-01,3,SE,SANTANDER,21,197267.88
2024-08-01,3,SP,BB,27,946109.92
2024-08-01,3,SP,BRADESCO,2517,215271484.82
2024-08-01,3,SP,ITAU,1189,14904293.27
2024-08-01,3,SP,SANTANDER,1433,19517588.83
2024-08-01,3,TO,BB,1,73293.86
2024-08-01,3,TO,BRADESCO,70,5913235.01
2024-08-01,3,TO,ITAU,3,18329.96
2024-08-01,3,TO,SANTANDER,31,1538163.96
2024-09-01,1,AC,BTG PACTUAL,2,271.88
2024-09-01,1,AC,NUBANK,7,6670.31
2024-09-01,1,AC,SANTANDER,3,309.74
2024-09-01,1,AL,BB,1,31.27
2024-09-01,1,AL,BRADESCO,2,241.92
2024-09-01,1,AL,BTG PACTUAL,8,1212.71
2024-09-01,1,AL,ITAU,3,81.91
2024-09-01,1,AL,NUBANK,20,6022.14
2024-09-01,1,AL,SANTANDER,4,386.06
2024-09-01,1,AM,BRADESCO,28,25581.72
2024-09-01,1,AM,BTG PACTUAL,2,346.69
2024-09-01,1,AM,CAIXA ECONÔMICA FEDERAL,2,447.05
2024-09-01,1,AM,INTER,3,577.59
2024-09-01,1,AM,ITAU,15,1172.3
2024-09-01,1,AM,NUBANK,39,14901.49
2024-09-01,1,AM,SANTANDER,22,13806.96
2024-09-01,1,AP,BTG PACTUAL,1,156.21
2024-09-01,1,AP,C6 BANK,1,58.54
2024-09-01,1,AP,NUBANK,11,4773.6
2024-09-01,1,AP,SANTANDER,2,103.17
2024-09-01,1,BA,BB,2,267.05
2024-09-01,1,BA,BRADESCO,9,3496.71
2024-09-01,1,BA,BTG PACTUAL,23,3076.11
2024-09-01,1,BA,CAIXA ECONÔMICA FEDERAL,1,203.75
2024-09-01,1,BA,INTER,7,844.1
2024-09-01,1,BA,ITAU,21,1910.6
2024-09-01,1,BA,NUBANK,86,25277.26
2024-09-01,1,BA,SANTANDER,30,4843.09
2024-09-01,1,BA,VOTORANTIM,1,56.9
2024-09-01,1,CE,BB,3,254.21
2024-09-01,1,CE,BRADESCO,6,5800.84
2024-09-01,1,CE,BTG PACTUAL,10,1475.25
2024-09-01,1,CE,CAIXA ECONÔMICA FEDERAL,5,915.65
2024-09-01,1,CE,INTER,5,906.75
2024-09-01,1,CE,ITAU,9,874.67
2024-09-01,1,CE,NUBANK,53,32445.04
2024-09-01,1,CE,SANTANDER,24,3786.73
2024-09-01,1,DF,BMG,1,203.25
2024-09-01,1,DF,BRB,2,667.8
2024-09-01,1,DF,BTG PACTUAL,5,689.8
2024-09-01,1,DF,ITAU,7,308.41
2024-09-01,1,DF,NUBANK,30,5369.48
2024-09-01,1,DF,SANTANDER,21,6265.25
2024-09-01,1,ES,BRADESCO,4,4567.84
2024-09-01,1,ES,BTG PACTUAL,1,109.16
2024-09-01,1,ES,INTER,1,48.39
2024-09-01,1,ES,ITAU,12,1599.09
2024-09-01,1,ES,NUBANK,21,6107.57
2024-09-01,1,ES,SANTANDER,9,4174.91
2024-09-01,1,GO,BB,1,200.95
2024-09-01,1,GO,BRADESCO,9,8310.99
2024-09-01,1,GO,BRB,1,203.44
2024-09-01,1,GO,BTG PACTUAL,3,351.81
2024-09-01,1,GO,CAIXA ECONÔMICA FEDERAL,1,202.83
2024-09-01,1,GO,INTER,1,200.8
2024-09-01,1,GO,ITAU,8,687.91
2024-09-01,1,GO,NUBANK,38,10596.15
2024-09-01,1,GO,SANTANDER,16,9589.52
2024-09-01,1,MA,BMG,1,100.95
2024-09-01,1,MA,BTG PACTUAL,4,495.65
2024-09-01,1,MA,INTER,2,314.76
2024-09-01,1,MA,ITAU,2,234.17
2024-09-01,1,MA,NUBANK,26,10726.69
2024-09-01,1,MA,SANTANDER,11,1957.31
2024-09-01,1,MG,BANCO SICOOB,1,210.86
2024-09-01,1,MG,BB,4,354.51
2024-09-01,1,MG,BRADESCO,40,28121.06
2024-09-01,1,MG,BTG PACTUAL,19,2887.39
2024-09-01,1,MG,CAIXA ECONÔMICA FEDERAL,1,202.75
2024-09-01,1,MG,INTER,13,1734.72
2024-09-01,1,MG,ITAU,45,3006.12
2024-09-01,1,MG,NUBANK,140,70260.46
2024-09-01,1,MG,SANTANDER,62,22069.52
2024-09-01,1,MS,BRADESCO,7,7567.11
2024-09-01,1,MS,BTG PACTUAL,5,738.18
2024-09-01,1,MS,C6 BANK,1,8.57
2024-09-01,1,MS,INTER,2,366.86
2024-09-01,1,MS,ITAU,6,520.81
2024-09-01,1,MS,NUBANK,32,16542.25
2024-09-01,1,MS,SANTANDER,16,20454.96
2024-09-01,1,MT,BMG,1,179.16
2024-09-01,1,MT,BRADESCO,3,1764.94
2024-09-01,1,MT,BRB,1,204.94
2024-09-01,1,MT,BTG PACTUAL,6,849.48
2024-09-01,1,MT,CAIXA ECONÔMICA FEDERAL,2,403.17
2024-09-01,1,MT,INTER,1,109.97
2024-09-01,1,MT,ITAU,2,666.84
2024-09-01,1,MT,NUBANK,38,19015.47
2024-09-01,1,MT,SANTANDER,8,861.8
2024-09-01,1,PA,BB,3,305.31
2024-09-01,1,PA,BRADESCO,7,3004.06
2024-09-01,1,PA,BRB,1,201.92
2024-09-01,1,PA,BTG PACTUAL,7,768.28
2024-09-01,1,PA,CAIXA ECONÔMICA FEDERAL,3,573.22
2024-09-01,1,PA,INTER,2,406.06
2024-09-01,1,PA,ITAU,3,59.73
2024-09-01,1,PA,NUBANK,49,11860.21
2024-09-01,1,PA,SANTANDER,24,8182.55
2024-09-01,1,PB,BMG,1,202.39
2024-09-01,1,PB,BRADESCO,3,975.22
2024-09-01,1,PB,BRB,3,470.98
2024-09-01,1,PB,BTG PACTUAL,3,450.3
2024-09-01,1,PB,CAIXA ECONÔMICA FEDERAL,1,102.5
2024-09-01,1,PB,INTER,3,283.37
2024-09-01,1,PB,ITAU,4,599.64
2024-09-01,1,PB,NUBANK,31,9441.73
2024-09-01,1,PB,SANTANDER,4,877.57
2024-09-01,1,PE,BB,1,201.9
2024-09-01,1,PE,BMG,2,401.45
2024-09-01,1,PE,BRADESCO,7,700.16
2024-09-01,1,PE,BTG PACTUAL,8,1052.59
2024-09-01,1,PE,C6 BANK,1,110.66
2024-09-01,1,PE,CAIXA ECONÔMICA FEDERAL,6,1475.95
2024-09-01,1,PE,INTER,3,553.77
2024-09-01,1,PE,ITAU,14,2414.29
2024-09-01,1,PE,NUBANK,65,18979.01
2024-09-01,1,PE,SANTANDER,28,16194.51
2024-09-01,1,PI,BRADESCO,2,52.28
2024-09-01,1,PI,BTG PACTUAL,5,455.0
2024-09-01,1,PI,CAIXA ECONÔMICA FEDERAL,2,373.33
2024-09-01,1,PI,ITAU,2,65.28
2024-09-01,1,PI,NUBANK,20,5725.36
2024-09-01,1,PI,SANTANDER,2,1677.55
2024-09-01,1,PR,BB,1,90.32
2024-09-01,1,PR,BMG,1,200.81
2024-09-01,1,PR,BRADESCO,8,1903.01
2024-09-01,1,PR,BRB,1,206.98
2024-09-01,1,PR,BTG PACTUAL,17,2154.16
2024-09-01,1,PR,C6 BANK,2,379.54
2024-09-01,1,PR,CAIXA ECONÔMICA FEDERAL,1,201.48
2024-09-01,1,PR,INTER,2,328.3
2024-09-01,1,PR,ITAU,12,982.75
2024-09-01,1,PR,NUBANK,68,20445.44
2024-09-01,1,PR,SANTANDER,48,14453.07
2024-09-01,1,RJ,BB,2,185.58
2024-09-01,1,RJ,BRADESCO,86,62327.31
2024-09-01,1,RJ,BTG PACTUAL,17,2759.42
2024-09-01,1,RJ,C6 BANK,1,117.7
2024-09-01,1,RJ,CAIXA ECONÔMICA FEDERAL,6,1259.75
2024-09-01,1,RJ,INTER,12,1389.74
2024-09-01,1,RJ,ITAU,57,3953.43
2024-09-01,1,RJ,NUBANK,156,68919.47
2024-09-01,1,RJ,SANTANDER,112,37466.51
2024-09-01,1,RN,BANCO SICOOB,1,201.0
2024-09-01,1,RN,BRADESCO,11,5991.85
2024-09-01,1,RN,BTG PACTUAL,5,731.0
2024-09-01,1,RN,INTER,1,172.52
2024-09-01,1,RN,ITAU,1,145.66
2024-09-01,1,RN,NUBANK,29,9044.82
2024-09-01,1,RN,SANTANDER,9,2050.02
2024-09-01,1,RO,BB,1,66.95
2024-09-01,1,RO,BTG PACTUAL,6,811.55
2024-09-01,1,RO,INTER,1,56.14
2024-09-01,1,RO,ITAU,2,127.78
2024-09-01,1,RO,NUBANK,23,12313.06
2024-09-01,1,RO,SANTANDER,5,1868.91
2024-09-01,1,RR,NUBANK,6,3585.24
2024-09-01,1,RR,SANTANDER,3,72.98
2024-09-01,1,RS,BRADESCO,6,460.23
2024-09-01,1,RS,BTG PACTUAL,9,1255.64
2024-09-01,1,RS,C6 BANK,3,720.7
2024-09-01,1,RS,CAIXA ECONÔMICA FEDERAL,4,682.81
2024-09-01,1,RS,INTER,1,158.45
2024-09-01,1,RS,ITAU,10,602.96
2024-09-01,1,RS,NUBANK,77,32120.83
2024-09-01,1,RS,SANTANDER,36,6041.54
2024-09-01,1,SC,BRADESCO,3,2396.71
2024-09-01,1,SC,BTG PACTUAL,8,1229.25
2024-09-01,1,SC,CAIXA ECONÔMICA FEDERAL,1,143.31
2024-09-01,1,SC,INTER,3,463.38
2024-09-01,1,SC,ITAU,13,1600.48
2024-09-01,1,SC,NUBANK,54,22952.35
2024-09-01,1,SC,SANTANDER,16,8301.83
2024-09-01,1,SE,BTG PACTUAL,3,439.17
2024-09-01,1,SE,CAIXA ECONÔMICA FEDERAL,1,608.39
2024-09-01,1,SE,ITAU,1,51.31
2024-09-01,1,SE,NUBANK,16,3395.68
2024-09-01,1,SE,SANTANDER,5,292.68
2024-09-01,1,SP,BANCO SICOOB,1,327.56
2024-09-01,1,SP,BB,6,574.53
2024-09-01,1,SP,BMG,3,602.71
2024-09-01,1,SP,BRADESCO,31,17260.79
2024-09-01,1,SP,BTG PACTUAL,65,9608.36
2024-09-01,1,SP,C6 BANK,6,875.1
2024-09-01,1,SP,CAIXA ECONÔMICA FEDERAL,13,3897.99
2024-09-01,1,SP,INTER,23,3167.21
2024-09-01,1,SP,ITAU,140,11812.8
2024-09-01,1,SP,NUBANK,432,149055.06
2024-09-01,1,SP,SANTANDER,223,106244.25
2024-09-01,1,TO,ITAU,1,162.79
2024-09-01,1,TO,NUBANK,11,3781.03
2024-09-01,1,TO,SANTANDER,1,899.66
2024-09-01,2,AL,BRADESCO,1,1055.46
2024-09-01,2,AM,BB,1,194.33
2024-09-01,2,AM,BRADESCO,13,167432.72
2024-09-01,2,AM,VOTORANTIM,1,3601.23
2024-09-01,2,BA,BRADESCO,6,17701.48
2024-09-01,2,BA,C6 BANK,2,12962.39
2024-09-01,2,BA,VOTORANTIM,2,1569.34
2024-09-01,2,CE,BRADESCO,7,44759.14
2024-09-01,2,CE,C6 BANK,1,3677.24
2024-09-01,2,CE,ITAU,1,68.29
2024-09-01,2,CE,VOTORANTIM,1,1240.51
2024-09-01,2,DF,BRADESCO,3,36545.83
2024-09-01,2,DF,C6 BANK,1,185.26
2024-09-01,2,DF,SANTANDER,2,194.97
2024-09-01,2,DF,VOTORANTIM,1,4124.36
2024-09-01,2,ES,BRADESCO,1,50929.5
2024-09-01,2,GO,BRADESCO,5,25875.54
2024-09-01,2,GO,C6 BANK,1,160433.61
2024-09-01,2,GO,VOTORANTIM,3,5110.19
2024-09-01,2,MA,BRADESCO,1,33802.37
2024-09-01,2,MA,VOTORANTIM,3,21665.02
2024-09-01,2,MG,BB,1,206.48
2024-09-01,2,MG,BRADESCO,16,111710.92
2024-09-01,2,MG,C6 BANK,3,8972.11
2024-09-01,2,MG,VOTORANTIM,16,27216.19
2024-09-01,2,MS,BB,1,14303.08
2024-09-01,2,MS,BRADESCO,3,6446.73
2024-09-01,2,MS,C6 BANK,2,410.89
2024-09-01,2,MS,VOTORANTIM,1,3536.06
2024-09-01,2,MT,BRADESCO,6,154263.19
2024-09-01,2,MT,VOTORANTIM,1,576.86
2024-09-01,2,PA,BRADESCO,7,110333.98
2024-09-01,2,PA,VOTORANTIM,1,742.25
2024-09-01,2,PB,BRADESCO,6,58848.93
2024-09-01,2,PB,VOTORANTIM,1,11263.11
2024-09-01,2,PE,BB,1,6028.3
2024-09-01,2,PE,BRADESCO,7,76656.84
2024-09-01,2,PE,ITAU,1,41.17
2024-09-01,2,PE,VOTORANTIM,1,4037.62
2024-09-01,2,PI,BRADESCO,1,296.24
2024-09-01,2,PI,VOTORANTIM,2,1169.07
2024-09-01,2,PR,BRADESCO,6,18382.97
2024-09-01,2,PR,C6 BANK,1,206.69
2024-09-01,2,PR,VOTORANTIM,17,44071.73
2024-09-01,2,RJ,BRADESCO,36,343264.31
2024-09-01,2,RJ,C6 BANK,2,363.56
2024-09-01,2,RJ,ITAU,6,126.67
2024-09-01,2,RJ,SANTANDER,2,97.73
2024-09-01,2,RJ,VOTORANTIM,13,34815.08
2024-09-01,2,RN,BRADESCO,1,27.92
2024-09-01,2,RN,VOTORANTIM,2,10255.17
2024-09-01,2,RO,VOTORANTIM,1,3152.37
2024-09-01,2,RS,BB,1,201.76
2024-09-01,2,RS,BRADESCO,8,93813.7
2024-09-01,2,RS,C6 BANK,2,7796.45
2024-09-01,2,RS,VOTORANTIM,7,14847.25
2024-09-01,2,SC,BB,3,10201.78
2024-09-01,2,SC,BRADESCO,9,66550.53
2024-09-01,2,SC,C6 BANK,2,8749.24
2024-09-01,2,SC,ITAU,1,144.75
2024-09-01,2,SC,VOTORANTIM,11,35583.25
2024-09-01,2,SE,BRADESCO,2,4157.58
2024-09-01,2,SE,C6 BANK,1,20248.43
2024-09-01,2,SE,VOTORANTIM,2,13002.53
2024-09-01,2,SP,BRADESCO,45,232639.16
2024-09-01,2,SP,C6 BANK,8,57265.78
2024-09-01,2,SP,CAIXA ECONÔMICA FEDERAL,1,2105.5
2024-09-01,2,SP,ITAU,5,402.25
2024-09-01,2,SP,SANTANDER,1,452.18
2024-09-01,2,SP,VOTORANTIM,54,112929.05
2024-09-01,2,TO,BRADESCO,1,1680.13
2024-09-01,2,TO,VOTORANTIM,2,4724.85
2024-09-01,3,AC,CAIXA ECONÔMICA FEDERAL,8,628040.4
2024-09-01,3,AL,CAIXA ECONÔMICA FEDERAL,36,3191103.63
2024-09-01,3,AM,CAIXA ECONÔMICA FEDERAL,20,1819836.63
2024-09-01,3,AP,CAIXA ECONÔMICA FEDERAL,12,1192645.17
2024-09-01,3,AP,SANTANDER,11,81990.16
2024-09-01,3,BA,CAIXA ECONÔMICA FEDERAL,118,7294648.87
2024-09-01,3,BA,SANTANDER,4,24562.22
2024-09-01,3,CE,CAIXA ECONÔMICA FEDERAL,87,6627510.78
2024-09-01,3,CE,SANTANDER,2,64365.13
2024-09-01,3,DF,CAIXA ECONÔMICA FEDERAL,42,3538693.72
2024-09-01,3,ES,CAIXA ECONÔMICA FEDERAL,34,1591004.5
2024-09-01,3,ES,SANTANDER,1,606.57
2024-09-01,3,GO,CAIXA ECONÔMICA FEDERAL,76,4538365.11
2024-09-01,3,GO,SANTANDER,1,29800.63
2024-09-01,3,MA,CAIXA ECONÔMICA FEDERAL,19,1144006.29
2024-09-01,3,MA,SANTANDER,3,44701.51
2024-09-01,3,MG,BCO DO NORDESTE DO BRASIL S.A.,5,66215.9
2024-09-01,3,MG,CAIXA ECONÔMICA FEDERAL,163,8544163.05
2024-09-01,3,MG,SANTANDER,5,67917.86
2024-09-01,3,MS,CAIXA ECONÔMICA FEDERAL,22,1932868.84
2024-09-01,3,MT,CAIXA ECONÔMICA FEDERAL,38,2460120.5
2024-09-01,3,MT,SANTANDER,1,55468.6
2024-09-01,3,PA,CAIXA ECONÔMICA FEDERAL,28,1616048.64
2024-09-01,3,PA,SANTANDER,1,77.6
2024-09-01,3,PB,CAIXA ECONÔMICA FEDERAL,40,2903823.22
2024-09-01,3,PE,CAIXA ECONÔMICA FEDERAL,64,6125506.05
2024-09-01,3,PE,SANTANDER,1,33634.92
2024-09-01,3,PI,CAIXA ECONÔMICA FEDERAL,16,906018.03
2024-09-01,3,PI,SANTANDER,1,12610.1
2024-09-01,3,PR,CAIXA ECONÔMICA FEDERAL,149,9113594.36
2024-09-01,3,PR,SANTANDER,7,226057.68
2024-09-01,3,RJ,CAIXA ECONÔMICA FEDERAL,165,14267143.02
2024-09-01,3,RJ,SANTANDER,9,96758.65
2024-09-01,3,RN,CAIXA ECONÔMICA FEDERAL,26,1321153.16
2024-09-01,3,RO,CAIXA ECONÔMICA FEDERAL,17,944791.23
2024-09-01,3,RR,CAIXA ECONÔMICA FEDERAL,6,280617.83
2024-09-01,3,RS,CAIXA ECONÔMICA FEDERAL,121,7403077.17
2024-09-01,3,RS,SANTANDER,4,50366.95
2024-09-01,3,SC,CAIXA ECONÔMICA FEDERAL,96,5707328.53
2024-09-01,3,SE,CAIXA ECONÔMICA FEDERAL,16,1591293.04
2024-09-01,3,SP,CAIXA ECONÔMICA FEDERAL,401,26995373.89
2024-09-01,3,SP,SANTANDER,33,529379.89
2024-09-01,3,TO,CAIXA ECONÔMICA FEDERAL,10,313649.25
2024-10-01,1,AC,BB,1,203.49
2024-10-01,1,AC,NUBANK,5,536.53
2024-10-01,1,AC,SANTANDER,2,271.5
2024-10-01,1,AL,BRADESCO,4,794.53
2024-10-01,1,AL,BTG PACTUAL,4,501.17
2024-10-01,1,AL,INTER,1,53.89
2024-10-01,1,AL,ITAU,1,0.81
2024-10-01,1,AL,NUBANK,24,973.38
2024-10-01,1,AL,SANTANDER,4,191.18
2024-10-01,1,AM,BRADESCO,5,1126.94
2024-10-01,1,AM,BTG PACTUAL,9,1165.74
2024-10-01,1,AM,INTER,2,292.88
2024-10-01,1,AM,ITAU,6,932.84
2024-10-01,1,AM,NUBANK,44,3439.73
2024-10-01,1,AM,SANTANDER,10,632.27
2024-10-01,1,AP,NUBANK,3,55.47
2024-10-01,1,AP,SANTANDER,1,141.61
2024-10-01,1,BA,BB,5,501.78
2024-10-01,1,BA,BRADESCO,12,7824.34
2024-10-01,1,BA,BTG PACTUAL,15,1910.35
2024-10-01,1,BA,C6 BANK,2,260.39
2024-10-01,1,BA,INTER,6,598.31
2024-10-01,1,BA,ITAU,24,2014.72
2024-10-01,1,BA,NUBANK,64,4732.26
2024-10-01,1,BA,SANTANDER,28,1209.17
2024-10-01,1,CE,BB,2,70.33
2024-10-01,1,CE,BRADESCO,7,1246.84
2024-10-01,1,CE,BTG PACTUAL,10,1415.77
2024-10-01,1,CE,C6 BANK,1,2.1
2024-10-01,1,CE,INTER,2,174.19
2024-10-01,1,CE,ITAU,12,639.57
2024-10-01,1,CE,NUBANK,58,7514.83
2024-10-01,1,CE,SANTANDER,24,1512.44
2024-10-01,1,DF,BTG PACTUAL,7,1182.65
2024-10-01,1,DF,INTER,1,200.09
2024-10-01,1,DF,ITAU,4,158.33
2024-10-01,1,DF,NUBANK,29,1601.51
2024-10-01,1,DF,SANTANDER,10,667.01
2024-10-01,1,ES,BRADESCO,6,5056.87
2024-10-01,1,ES,BTG PACTUAL,3,499.25
2024-10-01,1,ES,ITAU,7,1219.57
2024-10-01,1,ES,NUBANK,20,1061.17
2024-10-01,1,ES,SANTANDER,6,312.26
2024-10-01,1,GO,BB,1,201.69
2024-10-01,1,GO,BRADESCO,2,951.5
2024-10-01,1,GO,BRB,1,201.16
2024-10-01,1,GO,BTG PACTUAL,7,877.15
2024-10-01,1,GO,INTER,1,148.39
2024-10-01,1,GO,ITAU,6,413.85
2024-10-01,1,GO,NUBANK,41,3330.33
2024-10-01,1,GO,SANTANDER,14,545.12
2024-10-01,1,MA,BB,3,467.81
2024-10-01,1,MA,BRADESCO,2,209.42
2024-10-01,1,MA,BTG PACTUAL,6,951.86
2024-10-01,1,MA,ITAU,3,101.08
2024-10-01,1,MA,NUBANK,26,1420.99
2024-10-01,1,MA,SANTANDER,7,462.65
2024-10-01,1,MG,BANCO SICOOB,2,457.09
2024-10-01,1,MG,BMG,1,201.49
2024-10-01,1,MG,BRADESCO,19,17760.35
2024-10-01,1,MG,BTG PACTUAL,18,2850.07
2024-10-01,1,MG,C6 BANK,1,180.63
2024-10-01,1,MG,INTER,4,620.32
2024-10-01,1,MG,ITAU,44,3461.15
2024-10-01,1,MG,NUBANK,102,5737.63
2024-10-01,1,MG,SANTANDER,46,4024.92
2024-10-01,1,MS,BRADESCO,2,260.01
2024-10-01,1,MS,BTG PACTUAL,6,673.09
2024-10-01,1,MS,INTER,1,203.02
2024-10-01,1,MS,ITAU,6,458.45
2024-10-01,1,MS,NUBANK,34,1799.02
2024-10-01,1,MS,SANTANDER,7,495.54
2024-10-01,1,MT,BANCO SICOOB,1,98.03
2024-10-01,1,MT,BRADESCO,14,10290.16
2024-10-01,1,MT,BTG PACTUAL,4,630.31
2024-10-01,1,MT,ITAU,2,274.5
2024-10-01,1,MT,NUBANK,19,1483.94
2024-10-01,1,MT,SANTANDER,9,1216.39
2024-10-01,1,PA,BRADESCO,4,308.06
2024-10-01,1,PA,BTG PACTUAL,8,1299.6
2024-10-01,1,PA,C6 BANK,1,174.43
2024-10-01,1,PA,INTER,5,674.96
2024-10-01,1,PA,ITAU,5,293.14
2024-10-01,1,PA,NUBANK,55,3815.98
2024-10-01,1,PA,SANTANDER,12,674.92
2024-10-01,1,PB,BB,1,25.28
2024-10-01,1,PB,BMG,1,147.81
2024-10-01,1,PB,BRADESCO,1,37.55
2024-10-01,1,PB,BTG PACTUAL,8,982.76
2024-10-01,1,PB,INTER,4,522.32
2024-10-01,1,PB,ITAU,4,357.72
2024-10-01,1,PB,NUBANK,19,1502.11
2024-10-01,1,PB,SANTANDER,7,482.39
2024-10-01,1,PE,BRADESCO,6,4616.98
2024-10-01,1,PE,BTG PACTUAL,10,1560.83
2024-10-01,1,PE,INTER,3,603.15
2024-10-01,1,PE,ITAU,16,1690.11
2024-10-01,1,PE,NUBANK,32,1792.11
2024-10-01,1,PE,SANTANDER,12,294.62
2024-10-01,1,PI,BMG,1,84.35
2024-10-01,1,PI,BRADESCO,1,294.39
2024-10-01,1,PI,BTG PACTUAL,2,357.42
2024-10-01,1,PI,ITAU,1,368.73
2024-10-01,1,PI,NUBANK,17,696.19
2024-10-01,1,PI,SANTANDER,3,235.35
2024-10-01,1,PR,BANCO SICOOB,1,230.3
2024-10-01,1,PR,BB,3,333.47
2024-10-01,1,PR,BRADESCO,22,12945.04
2024-10-01,1,PR,BTG PACTUAL,22,3016.13
2024-10-01,1,PR,C6 BANK,1,204.09
2024-10-01,1,PR,INTER,5,515.98
2024-10-01,1,PR,ITAU,17,1374.04
2024-10-01,1,PR,NUBANK,74,6607.46
2024-10-01,1,PR,SANTANDER,20,1110.44
2024-10-01,1,RJ,BB,1,49.38
2024-10-01,1,RJ,BRADESCO,92,40465.47
2024-10-01,1,RJ,BTG PACTUAL,23,3280.35
2024-10-01,1,RJ,INTER,4,614.47
2024-10-01,1,RJ,ITAU,70,5014.15
2024-10-01,1,RJ,NUBANK,123,7461.15
2024-10-01,1,RJ,SANTANDER,66,4894.24
2024-10-01,1,RN,BB,1,50.48
2024-10-01,1,RN,BRADESCO,8,2745.02
2024-10-01,1,RN,BTG PACTUAL,4,616.11
2024-10-01,1,RN,INTER,1,200.15
2024-10-01,1,RN,NUBANK,29,5566.85
2024-10-01,1,RN,SANTANDER,8,818.78
2024-10-01,1,RO,BB,1,201.27
2024-10-01,1,RO,BRADESCO,2,374.95
2024-10-01,1,RO,CCLA DO CENTRO SUL RONDONIENSE,1,200.82
2024-10-01,1,RO,INTER,1,107.14
2024-10-01,1,RO,ITAU,1,23.08
2024-10-01,1,RO,NUBANK,23,1401.37
2024-10-01,1,RO,SANTANDER,1,20.68
2024-10-01,1,RR,BTG PACTUAL,1,108.18
2024-10-01,1,RR,ITAU,2,38.72
2024-10-01,1,RR,NUBANK,6,476.79
2024-10-01,1,RR,SANTANDER,2,77.66
2024-10-01,1,RS,BANCO SICOOB,1,219.71
2024-10-01,1,RS,BB,1,148.58
2024-10-01,1,RS,BRADESCO,30,22227.56
2024-10-01,1,RS,BTG PACTUAL,10,1403.4
2024-10-01,1,RS,INTER,2,278.89
2024-10-01,1,RS,ITAU,11,574.6
2024-10-01,1,RS,NUBANK,74,5344.57
2024-10-01,1,RS,SANTANDER,22,1295.43
2024-10-01,1,SC,BANCO SICOOB,1,202.78
2024-10-01,1,SC,BRADESCO,9,6049.77
2024-10-01,1,SC,BTG PACTUAL,9,1274.04
2024-10-01,1,SC,INTER,3,517.98
2024-10-01,1,SC,ITAU,2,40.49
2024-10-01,1,SC,NUBANK,44,2703.64
2024-10-01,1,SC,SANTANDER,9,940.92
2024-10-01,1,SE,BRADESCO,4,2116.86
2024-10-01,1,SE,BTG PACTUAL,3,602.25
2024-10-01,1,SE,INTER,1,98.48
2024-10-01,1,SE,ITAU,1,1.0
2024-10-01,1,SE,NUBANK,10,478.96
2024-10-01,1,SE,SANTANDER,5,82.95
2024-10-01,1,SP,BB,5,494.55
2024-10-01,1,SP,BMG,2,404.93
2024-10-01,1,SP,BRADESCO,65,22961.32
2024-10-01,1,SP,BTG PACTUAL,75,11698.92
2024-10-01,1,SP,C6 BANK,3,494.52
2024-10-01,1,SP,INTER,10,1365.89
2024-10-01,1,SP,ITAU,148,8752.88
2024-10-01,1,SP,NUBANK,392,27670.02
2024-10-01,1,SP,SANTANDER,154,9414.43
2024-10-01,1,TO,BRADESCO,1,7.03
2024-10-01,1,TO,BTG PACTUAL,2,253.24
2024-10-01,1,TO,NUBANK,9,255.12
2024-10-01,1,TO,SANTANDER,2,92.58
2024-10-01,2,AC,VOTORANTIM,1,6815.66
2024-10-01,2,AL,BRADESCO,2,671.44
2024-10-01,2,AM,BRADESCO,2,3277.15
2024-10-01,2,AM,BTG PACTUAL,1,1912.32
2024-10-01,2,AM,VOTORANTIM,1,9998.99
2024-10-01,2,AP,BRADESCO,1,58022.84
2024-10-01,2,AP,VOTORANTIM,1,4565.51
2024-10-01,2,BA,BB,1,3049.14
2024-10-01,2,BA,BRADESCO,13,29286.27
2024-10-01,2,BA,C6 BANK,1,670.76
2024-10-01,2,BA,VOTORANTIM,3,7506.39
2024-10-01,2,CE,BRADESCO,6,34479.16
2024-10-01,2,CE,VOTORANTIM,5,10668.38
2024-10-01,2,DF,BRADESCO,1,3346.98
2024-10-01,2,DF,VOTORANTIM,2,16836.42
2024-10-01,2,ES,BRADESCO,2,1958.71
2024-10-01,2,ES,VOTORANTIM,3,41207.8
2024-10-01,2,GO,BRADESCO,3,12449.64
2024-10-01,2,GO,VOTORANTIM,4,10913.42
2024-10-01,2,MA,BRADESCO,2,700.86
2024-10-01,2,MA,VOTORANTIM,3,6811.88
2024-10-01,2,MG,BRADESCO,17,119411.6
2024-10-01,2,MG,BTG PACTUAL,1,2328.68
2024-10-01,2,MG,C6 BANK,2,363.19
2024-10-01,2,MG,SANTANDER,2,155.32
2024-10-01,2,MG,VOTORANTIM,15,40380.47
2024-10-01,2,MS,BRADESCO,7,63263.86
2024-10-01,2,MS,VOTORANTIM,5,24976.02
2024-10-01,2,MT,BRADESCO,5,126221.9
2024-10-01,2,MT,C6 BANK,1,124.28
2024-10-01,2,MT,VOTORANTIM,4,15966.09
2024-10-01,2,PA,BRADESCO,3,15818.25
2024-10-01,2,PA,VOTORANTIM,3,10050.12
2024-10-01,2,PB,BB,1,1476.64
2024-10-01,2,PB,BRADESCO,6,31627.01
2024-10-01,2,PB,VOTORANTIM,2,7810.4
2024-10-01,2,PE,BRADESCO,8,17126.13
2024-10-01,2,PE,C6 BANK,1,204.51
2024-10-01,2,PE,VOTORANTIM,1,526.93
2024-10-01,2,PI,BB,1,4885.76
2024-10-01,2,PI,BRADESCO,1,729.89
2024-10-01,2,PI,VOTORANTIM,1,1388.91
2024-10-01,2,PR,BRADESCO,15,224994.52
2024-10-01,2,PR,VOTORANTIM,10,49974.94
2024-10-01,2,RJ,BRADESCO,35,319048.49
2024-10-01,2,RJ,BTG PACTUAL,3,4596.86
2024-10-01,2,RJ,C6 BANK,3,608.14
2024-10-01,2,RJ,ITAU,2,274.56
2024-10-01,2,RJ,VOTORANTIM,10,24130.66
2024-10-01,2,RN,BTG PACTUAL,1,1295.32
2024-10-01,2,RN,VOTORANTIM,1,1431.93
2024-10-01,2,RO,BRADESCO,3,8528.6
2024-10-01,2,RO,VOTORANTIM,1,572.78
2024-10-01,2,RS,BRADESCO,16,229599.99
2024-10-01,2,RS,VOTORANTIM,6,31934.23
2024-10-01,2,SC,BRADESCO,8,434666.19
2024-10-01,2,SC,BTG PACTUAL,2,6550.83
2024-10-01,2,SC,SANTANDER,1,579.65
2024-10-01,2,SC,VOTORANTIM,7,20130.01
2024-10-01,2,SE,BRADESCO,2,57549.62
2024-10-01,2,SP,BRADESCO,55,466816.04
2024-10-01,2,SP,BTG PACTUAL,1,750.76
2024-10-01,2,SP,C6 BANK,6,1013.13
2024-10-01,2,SP,ITAU,2,262.44
2024-10-01,2,SP,SANTANDER,6,114.4
2024-10-01,2,SP,VOTORANTIM,44,142092.89
2024-10-01,2,TO,BRADESCO,2,2600.79
2024-10-01,3,AC,BB,1,122453.86
2024-10-01,3,AC,BRADESCO,2,282909.69
2024-10-01,3,AC,SANTANDER,4,33325.66
2024-10-01,3,AL,BB,1,116672.05
2024-10-01,3,AL,BRADESCO,16,1093894.45
2024-10-01,3,AL,SANTANDER,4,9596.73
2024-10-01,3,AM,BB,5,517694.17
2024-10-01,3,AM,BRADESCO,39,2091449.95
2024-10-01,3,AM,SANTANDER,11,1008845.65
2024-10-01,3,AP,BB,4,419806.62
2024-10-01,3,AP,BRADESCO,6,338152.15
2024-10-01,3,AP,SANTANDER,1,1259.35
2024-10-01,3,BA,BB,15,288982.46
2024-10-01,3,BA,BRADESCO,71,3933308.69
2024-10-01,3,BA,SANTANDER,62,831713.24
2024-10-01,3,CE,BB,7,132725.92
2024-10-01,3,CE,BCO DO NORDESTE DO BRASIL S.A.,1,4467.44
2024-10-01,3,CE,BRADESCO,26,1241473.72
2024-10-01,3,CE,SANTANDER,12,254904.18
2024-10-01,3,DF,BB,3,5779.3
2024-10-01,3,DF,BRADESCO,12,1030236.69
2024-10-01,3,DF,SANTANDER,24,257917.11
2024-10-01,3,ES,BRADESCO,23,1481518.19
2024-10-01,3,ES,SANTANDER,13,132716.61
2024-10-01,3,GO,BB,7,485706.6
2024-10-01,3,GO,BRADESCO,58,6168138.48
2024-10-01,3,GO,SANTANDER,35,654101.76
2024-10-01,3,MA,BB,17,865928.73
2024-10-01,3,MA,BRADESCO,28,1549634.47
2024-10-01,3,MA,SANTANDER,19,211569.94
2024-10-01,3,MG,BB,17,494090.98
2024-10-01,3,MG,BRADESCO,136,8998289.25
2024-10-01,3,MG,ITAU,1,9958.2
2024-10-01,3,MG,SANTANDER,76,823263.16
2024-10-01,3,MS,BB,5,79955.3
2024-10-01,3,MS,BRADESCO,28,1586784.39
2024-10-01,3,MS,SANTANDER,10,30062.88
2024-10-01,3,MT,BB,6,440092.51
2024-10-01,3,MT,BRADESCO,39,1974182.16
2024-10-01,3,MT,SANTANDER,30,248537.25
2024-10-01,3,PA,BB,16,1126539.76
2024-10-01,3,PA,BRADESCO,38,3120116.18
2024-10-01,3,PA,SANTANDER,10,259471.32
2024-10-01,3,PB,BB,6,101641.35
2024-10-01,3,PB,BRADESCO,10,531436.44
2024-10-01,3,PB,SANTANDER,18,257402.4
2024-10-01,3,PE,BB,5,426258.73
2024-10-01,3,PE,BRADESCO,39,2732891.36
2024-10-01,3,PE,SANTANDER,41,380751.5
2024-10-01,3,PI,BB,4,107893.0
2024-10-01,3,PI,BRADESCO,6,152739.43
2024-10-01,3,PI,SANTANDER,6,234633.87
2024-10-01,3,PR,BB,8,300383.45
2024-10-01,3,PR,BRADESCO,93,7351255.84
2024-10-01,3,PR,SANTANDER,74,1308840.54
2024-10-01,3,RJ,BB,3,28630.37
2024-10-01,3,RJ,BRADESCO,158,14224183.38
2024-10-01,3,RJ,SANTANDER,105,1530033.01
2024-10-01,3,RN,BB,8,735680.15
2024-10-01,3,RN,BCO DO NORDESTE DO BRASIL S.A.,1,37893.36
2024-10-01,3,RN,BRADESCO,19,1876257.2
2024-10-01,3,RN,SANTANDER,5,30338.97
2024-10-01,3,RO,BRADESCO,15,744456.85
2024-10-01,3,RO,SANTANDER,6,75869.44
2024-10-01,3,RR,BRADESCO,3,94216.67
2024-10-01,3,RR,SANTANDER,1,2198.15
2024-10-01,3,RS,BB,6,238583.24
2024-10-01,3,RS,BRADESCO,83,6420328.69
2024-10-01,3,RS,SANTANDER,52,778019.76
2024-10-01,3,SC,BB,4,345450.88
2024-10-01,3,SC,BRADESCO,73,13094816.48
2024-10-01,3,SC,SANTANDER,35,219977.88
2024-10-01,3,SE,BB,2,227367.61
2024-10-01,3,SE,BRADESCO,8,276872.82
2024-10-01,3,SE,SANTANDER,2,35508.81
2024-10-01,3,SP,BB,28,1341687.57
2024-10-01,3,SP,BRADESCO,580,44074947.95
2024-10-01,3,SP,SANTANDER,470,5970700.32
2024-10-01,3,TO,BB,2,5300.87
2024-10-01,3,TO,BRADESCO,13,1314576.73
2024-10-01,3,TO,SANTANDER,5,377082.28
2024-11-01,1,AC,BB,3,136.69
2024-11-01,1,AC,BTG PACTUAL,2,303.66
2024-11-01,1,AC,CAIXA ECONÔMICA FEDERAL,778,874608.88
2024-11-01,1,AC,ITAU,1,255.83
2024-11-01,1,AC,NUBANK,2,260.62
2024-11-01,1,AC,SANTANDER,1,27.52
2024-11-01,1,AL,BTG PACTUAL,1,200.88
2024-11-01,1,AL,CAIXA ECONÔMICA FEDERAL,2350,2329866.93
2024-11-01,1,AL,ITAU,3,748.34
2024-11-01,1,AL,NUBANK,3,241.62
2024-11-01,1,AL,SANTANDER,6,923.49
2024-11-01,1,AM,BRADESCO,5,212.08
2024-11-01,1,AM,BTG PACTUAL,2,328.46
2024-11-01,1,AM,CAIXA ECONÔMICA FEDERAL,4452,5293938.54
2024-11-01,1,AM,INTER,1,83.35
2024-11-01,1,AM,ITAU,17,1044.8
2024-11-01,1,AM,NUBANK,7,1082.48
2024-11-01,1,AM,SANTANDER,21,4066.13
2024-11-01,1,AP,CAIXA ECONÔMICA FEDERAL,393,396631.47
2024-11-01,1,AP,NUBANK,3,276.34
2024-11-01,1,AP,SANTANDER,2,1125.63
2024-11-01,1,BA,BB,2,283.8
2024-11-01,1,BA,BRADESCO,47,21487.27
2024-11-01,1,BA,BTG PACTUAL,10,1397.04
2024-11-01,1,BA,CAIXA ECONÔMICA FEDERAL,8811,9245348.41
2024-11-01,1,BA,INTER,4,353.97
2024-11-01,1,BA,ITAU,21,1968.8
2024-11-01,1,BA,NUBANK,19,2291.3
2024-11-01,1,BA,SANTANDER,47,9726.68
2024-11-01,1,BA,SOC CC SICOOB COOPERE,1,383.17
2024-11-01,1,CE,BB,2,268.55
2024-11-01,1,CE,BRADESCO,27,11691.3
2024-11-01,1,CE,BTG PACTUAL,6,632.41
2024-11-01,1,CE,CAIXA ECONÔMICA FEDERAL,6810,6828915.74
2024-11-01,1,CE,INTER,3,443.57
2024-11-01,1,CE,ITAU,11,1188.14
2024-11-01,1,CE,NUBANK,21,2828.68
2024-11-01,1,CE,SANTANDER,41,11741.77
2024-11-01,1,DF,BRADESCO,4,243.42
2024-11-01,1,DF,BRB,1,174.03
2024-11-01,1,DF,BTG PACTUAL,3,482.38
2024-11-01,1,DF,CAIXA ECONÔMICA FEDERAL,2537,2933501.72
2024-11-01,1,DF,INTER,1,201.05
2024-11-01,1,DF,ITAU,7,501.17
2024-11-01,1,DF,NUBANK,2,210.29
2024-11-01,1,DF,SANTANDER,13,3299.23
2024-11-01,1,ES,BANCO SICOOB,1,216.94
2024-11-01,1,ES,BRADESCO,7,3062.34
2024-11-01,1,ES,BTG PACTUAL,4,556.97
2024-11-01,1,ES,CAIXA ECONÔMICA FEDERAL,2480,2898694.81
2024-11-01,1,ES,ITAU,3,539.45
2024-11-01,1,ES,NUBANK,4,402.91
2024-11-01,1,ES,SANTANDER,7,4075.52
2024-11-01,1,GO,BANCO SICOOB,1,20.1
2024-11-01,1,GO,BRADESCO,4,533.42
2024-11-01,1,GO,BTG PACTUAL,4,462.26
2024-11-01,1,GO,C6 BANK,1,159.95
2024-11-01,1,GO,CAIXA ECONÔMICA FEDERAL,3674,3806639.19
2024-11-01,1,GO,ITAU,14,1907.03
2024-11-01,1,GO,NUBANK,12,1369.97
2024-11-01,1,GO,SANTANDER,23,7467.62
2024-11-01,1,MA,BANCO SICOOB,1,252.01
2024-11-01,1,MA,BB,2,104.0
2024-11-01,1,MA,BRADESCO,3,1304.7
2024-11-01,1,MA,CAIXA ECONÔMICA FEDERAL,2703,2655645.66
2024-11-01,1,MA,INTER,1,203.01
2024-11-01,1,MA,ITAU,2,8.05
2024-11-01,1,MA,NUBANK,6,912.17
2024-11-01,1,MA,SANTANDER,20,10714.55
2024-11-01,1,MG,BANCO SICOOB,1,213.66
2024-11-01,1,MG,BB,2,265.45
2024-11-01,1,MG,BRADESCO,32,31950.17
2024-11-01,1,MG,BTG PACTUAL,10,1501.91
2024-11-01,1,MG,C6 BANK,2,275.33
2024-11-01,1,MG,INTER,6,747.32
2024-11-01,1,MG,ITAU,37,4056.77
2024-11-01,1,MG,NUBANK,27,2847.18
2024-11-01,1,MG,SANTANDER,54,11105.1
2024-11-01,1,MS,BRADESCO,5,98.89
2024-11-01,1,MS,BTG PACTUAL,3,500.13
2024-11-01,1,MS,CAIXA ECONÔMICA FEDERAL,3211,3708852.54
2024-11-01,1,MS,ITAU,3,225.68
2024-11-01,1,MS,NUBANK,7,769.8
2024-11-01,1,MS,SANTANDER,11,1689.1
2024-11-01,1,MT,BRADESCO,16,6659.5
2024-11-01,1,MT,CAIXA ECONÔMICA FEDERAL,2149,3094036.83
2024-11-01,1,MT,ITAU,5,996.59
2024-11-01,1,MT,NUBANK,7,862.3
2024-11-01,1,MT,SANTANDER,10,3225.42
2024-11-01,1,PA,BB,1,0.03
2024-11-01,1,PA,BRADESCO,6,1730.56
2024-11-01,1,PA,BTG PACTUAL,3,443.15
2024-11-01,1,PA,C6 BANK,1,201.17
2024-11-01,1,PA,CAIXA ECONÔMICA FEDERAL,3894,3582647.52
2024-11-01,1,PA,INTER,1,203.24
2024-11-01,1,PA,ITAU,8,598.61
2024-11-01,1,PA,NUBANK,15,1831.96
2024-11-01,1,PA,SANTANDER,21,5711.62
2024-11-01,1,PB,BB,1,200.25
2024-11-01,1,PB,BRADESCO,3,376.27
2024-11-01,1,PB,BTG PACTUAL,4,443.55
2024-11-01,1,PB,CAIXA ECONÔMICA FEDERAL,3048,3083009.07
2024-11-01,1,PB,INTER,1,201.23
2024-11-01,1,PB,NUBANK,7,893.97
2024-11-01,1,PB,SANTANDER,10,6957.71
2024-11-01,1,PE,BMG,1,203.56
2024-11-01,1,PE,BRADESCO,18,4654.37
2024-11-01,1,PE,BTG PACTUAL,4,431.96
2024-11-01,1,PE,C6 BANK,1,98.96
2024-11-01,1,PE,CAIXA ECONÔMICA FEDERAL,6614,6725653.51
2024-11-01,1,PE,INTER,1,50.62
2024-11-01,1,PE,ITAU,13,1287.79
2024-11-01,1,PE,NUBANK,12,1470.01
2024-11-01,1,PE,SANTANDER,38,7196.28
2024-11-01,1,PI,CAIXA ECONÔMICA FEDERAL,2330,2514273.14
2024-11-01,1,PI,ITAU,1,1.3
2024-11-01,1,PI,NUBANK,12,1454.9
2024-11-01,1,PI,SANTANDER,10,3637.87
2024-11-01,1,PR,BANCO SICOOB,1,53.76
2024-11-01,1,PR,BRADESCO,7,2138.23
2024-11-01,1,PR,BTG PACTUAL,5,651.78
2024-11-01,1,PR,C6 BANK,1,161.89
2024-11-01,1,PR,CAIXA ECONÔMICA FEDERAL,6850,7705691.57
2024-11-01,1,PR,INTER,2,218.22
2024-11-01,1,PR,ITAU,19,2769.98
2024-11-01,1,PR,NUBANK,18,2004.37
2024-11-01,1,PR,SANTANDER,37,6598.99
2024-11-01,1,RJ,BB,2,78.14
2024-11-01,1,RJ,BMG,1,202.14
2024-11-01,1,RJ,BRADESCO,23,3276.58
2024-11-01,1,RJ,BTG PACTUAL,16,2067.81
2024-11-01,1,RJ,C6 BANK,3,643.29
2024-11-01,1,RJ,INTER,3,362.04
2024-11-01,1,RJ,ITAU,70,3843.57
2024-11-01,1,RJ,NUBANK,43,4441.72
2024-11-01,1,RJ,SANTANDER,132,52139.87
2024-11-01,1,RN,BB,1,33.62
2024-11-01,1,RN,BRADESCO,3,287.24
2024-11-01,1,RN,BTG PACTUAL,3,455.31
2024-11-01,1,RN,CAIXA ECONÔMICA FEDERAL,2305,2394682.76
2024-11-01,1,RN,INTER,2,301.99
2024-11-01,1,RN,ITAU,2,27.44
2024-11-01,1,RN,NUBANK,6,607.51
2024-11-01,1,RN,SANTANDER,7,1384.22
2024-11-01,1,RO,BRADESCO,3,3153.04
2024-11-01,1,RO,CAIXA ECONÔMICA FEDERAL,1754,2165832.02
2024-11-01,1,RO,INTER,1,98.64
2024-11-01,1,RO,NUBANK,5,716.31
2024-11-01,1,RO,SANTANDER,7,827.31
2024-11-01,1,RR,BTG PACTUAL,1,100.3
2024-11-01,1,RR,CAIXA ECONÔMICA FEDERAL,433,462960.48
2024-11-01,1,RR,ITAU,2,108.56
2024-11-01,1,RR,SANTANDER,1,1345.02
2024-11-01,1,RS,BB,1,50.92
2024-11-01,1,RS,BRADESCO,50,35389.72
2024-11-01,1,RS,BTG PACTUAL,2,351.05
2024-11-01,1,RS,CAIXA ECONÔMICA FEDERAL,9116,9973968.18
2024-11-01,1,RS,INTER,1,148.29
2024-11-01,1,RS,ITAU,16,1815.44
2024-11-01,1,RS,NUBANK,23,2382.67
2024-11-01,1,RS,SANTANDER,46,11310.54
2024-11-01,1,SC,BRADESCO,6,847.71
2024-11-01,1,SC,BTG PACTUAL,3,384.21
2024-11-01,1,SC,CAIXA ECONÔMICA FEDERAL,4040,5146620.56
2024-11-01,1,SC,ITAU,8,264.18
2024-11-01,1,SC,NUBANK,6,769.19
2024-11-01,1,SC,SANTANDER,22,3894.16
2024-11-01,1,SE,BB,1,110.05
2024-11-01,1,SE,BRADESCO,1,14.28
2024-11-01,1,SE,BTG PACTUAL,1,197.4
2024-11-01,1,SE,CAIXA ECONÔMICA FEDERAL,1550,1637660.22
2024-11-01,1,SE,INTER,1,50.67
2024-11-01,1,SE,ITAU,2,12.82
2024-11-01,1,SE,NUBANK,2,263.57
2024-11-01,1,SE,SANTANDER,2,114.34
2024-11-01,1,SP,BB,5,314.41
2024-11-01,1,SP,BMG,2,403.55
2024-11-01,1,SP,BRADESCO,53,13289.77
2024-11-01,1,SP,BTG PACTUAL,46,6168.75
2024-11-01,1,SP,C6 BANK,4,637.91
2024-11-01,1,SP,INTER,11,1656.13
2024-11-01,1,SP,ITAU,160,11981.98
2024-11-01,1,SP,NUBANK,68,7543.63
2024-11-01,1,SP,SANTANDER,256,59342.09
2024-11-01,1,TO,BB,1,98.19
2024-11-01,1,TO,CAIXA ECONÔMICA FEDERAL,574,623344.32
2024-11-01,1,TO,INTER,1,51.36
2024-11-01,1,TO,ITAU,1,25.05
2024-11-01,1,TO,NUBANK,2,197.26
2024-11-01,1,TO,SANTANDER,3,138.68
2024-11-01,2,AC,C6 BANK,1,209.6
2024-11-01,2,AL,BANRISUL,1,675.09
2024-11-01,2,AL,BRADESCO,1,644.02
2024-11-01,2,AL,SANTANDER,2,10773.15
2024-11-01,2,AM,BANRISUL,1,785.05
2024-11-01,2,AM,BRADESCO,1,1376.46
2024-11-01,2,AP,BANRISUL,1,3679.36
2024-11-01,2,AP,VOTORANTIM,1,4712.42
2024-11-01,2,BA,BANRISUL,3,4278.78
2024-11-01,2,BA,BB,1,180.64
2024-11-01,2,BA,BRADESCO,14,148413.28
2024-11-01,2,BA,C6 BANK,4,2604.45
2024-11-01,2,BA,VOTORANTIM,4,18501.7
2024-11-01,2,CE,BANRISUL,3,4692.33
2024-11-01,2,CE,BRADESCO,10,97404.7
2024-11-01,2,CE,VOTORANTIM,1,481.08
2024-11-01,2,DF,BANRISUL,6,27492.46
2024-11-01,2,DF,VOTORANTIM,2,10221.93
2024-11-01,2,ES,BRADESCO,2,26419.25
2024-11-01,2,ES,VOTORANTIM,1,979.21
2024-11-01,2,GO,BANRISUL,3,29088.52
2024-11-01,2,GO,BRADESCO,4,11546.95
2024-11-01,2,GO,ITAU,1,88.8
2024-11-01,2,MA,BRADESCO,4,95392.11
2024-11-01,2,MA,VOTORANTIM,2,2389.02
2024-11-01,2,MG,BANRISUL,5,7611.72
2024-11-01,2,MG,BRADESCO,14,164910.17
2024-11-01,2,MG,C6 BANK,2,402.6
2024-11-01,2,MG,VOTORANTIM,7,17885.75
2024-11-01,2,MS,BANRISUL,3,6104.64
2024-11-01,2,MS,BRADESCO,4,12296.02
2024-11-01,2,MS,VOTORANTIM,5,18997.49
2024-11-01,2,MT,BANRISUL,3,34589.98
2024-11-01,2,MT,BRADESCO,5,86481.82
2024-11-01,2,MT,VOTORANTIM,1,528.79
2024-11-01,2,PA,BANRISUL,5,9043.07
2024-11-01,2,PA,BRADESCO,5,53178.11
2024-11-01,2,PA,VOTORANTIM,1,20063.93
2024-11-01,2,PB,BANRISUL,1,1139.22
2024-11-01,2,PB,BRADESCO,2,17652.8
2024-11-01,2,PB,VOTORANTIM,1,1961.23
2024-11-01,2,PE,BANRISUL,1,977.32
2024-11-01,2,PE,BRADESCO,8,60020.95
2024-11-01,2,PE,VOTORANTIM,1,753.35
2024-11-01,2,PI,BANRISUL,2,2998.55
2024-11-01,2,PI,ITAU,1,35.89
2024-11-01,2,PR,BANRISUL,12,24720.4
2024-11-01,2,PR,BRADESCO,8,37700.1
2024-11-01,2,PR,C6 BANK,2,404.12
2024-11-01,2,PR,VOTORANTIM,9,21294.67
2024-11-01,2,RJ,BANRISUL,11,51318.35
2024-11-01,2,RJ,BB,1,9267.42
2024-11-01,2,RJ,BRADESCO,15,94816.37
2024-11-01,2,RJ,C6 BANK,1,129.72
2024-11-01,2,RJ,ITAU,1,54.99
2024-11-01,2,RJ,VOTORANTIM,8,21915.64
2024-11-01,2,RN,BANRISUL,1,7444.94
2024-11-01,2,RN,BRADESCO,2,39403.91
2024-11-01,2,RN,C6 BANK,1,217.21
2024-11-01,2,RN,VOTORANTIM,3,20356.28
2024-11-01,2,RO,BANRISUL,1,1768.85
2024-11-01,2,RO,BRADESCO,2,30226.97
2024-11-01,2,RR,BANRISUL,3,1574.18
2024-11-01,2,RS,BANRISUL,4418,18637467.93
2024-11-01,2,RS,BRADESCO,10,77733.11
2024-11-01,2,RS,C6 BANK,1,200.24
2024-11-01,2,RS,VOTORANTIM,4,8621.14
2024-11-01,2,SC,BANRISUL,189,752890.31
2024-11-01,2,SC,BRADESCO,9,61433.33
2024-11-01,2,SC,VOTORANTIM,4,3404.39
2024-11-01,2,SE,BANRISUL,1,21397.96
2024-11-01,2,SE,VOTORANTIM,1,2707.56
2024-11-01,2,SP,BANRISUL,23,94698.45
2024-11-01,2,SP,BB,1,282.31
2024-11-01,2,SP,BRADESCO,42,246484.46
2024-11-01,2,SP,C6 BANK,6,1969.04
2024-11-01,2,SP,CAIXA ECONÔMICA FEDERAL,1,180.63
2024-11-01,2,SP,ITAU,7,6018.51
2024-11-01,2,SP,SANTANDER,2,128.94
2024-11-01,2,SP,VOTORANTIM,38,99571.23
2024-11-01,2,TO,VOTORANTIM,1,2343.99
2024-11-01,3,AC,BB,3,127960.93
2024-11-01,3,AC,ITAU,1,3578.79
2024-11-01,3,AC,SANTANDER,7,42597.17
2024-11-01,3,AL,BB,2,120893.24
2024-11-01,3,AL,BRADESCO,5,175582.34
2024-11-01,3,AL,ITAU,7,43107.26
2024-11-01,3,AL,SANTANDER,19,138766.2
2024-11-01,3,AM,BB,3,157251.81
2024-11-01,3,AM,BRADESCO,14,924772.74
2024-11-01,3,AM,ITAU,14,53234.1
2024-11-01,3,AM,SANTANDER,18,265114.57
2024-11-01,3,AP,BB,2,6800.7
2024-11-01,3,AP,BRADESCO,1,35277.88
2024-11-01,3,AP,ITAU,1,1812.23
2024-11-01,3,AP,SANTANDER,13,207073.08
2024-11-01,3,BA,BB,12,503253.87
2024-11-01,3,BA,BRADESCO,12,1081734.72
2024-11-01,3,BA,ITAU,45,218952.1
2024-11-01,3,BA,SANTANDER,75,1062006.43
2024-11-01,3,CE,BB,7,135691.82
2024-11-01,3,CE,BCO DO NORDESTE DO BRASIL S.A.,2,36370.31
2024-11-01,3,CE,BRADESCO,13,888516.14
2024-11-01,3,CE,ITAU,36,113871.96
2024-11-01,3,CE,SANTANDER,29,254273.4
2024-11-01,3,DF,BB,5,109307.86
2024-11-01,3,DF,BRADESCO,2,192706.13
2024-11-01,3,DF,ITAU,25,175926.69
2024-11-01,3,DF,SANTANDER,29,345086.6
2024-11-01,3,ES,BB,2,45289.54
2024-11-01,3,ES,BRADESCO,6,449107.87
2024-11-01,3,ES,ITAU,14,43733.42
2024-11-01,3,ES,SANTANDER,31,169673.99
2024-11-01,3,GO,BB,7,108477.5
2024-11-01,3,GO,BRADESCO,13,2217200.54
2024-11-01,3,GO,ITAU,61,351876.44
2024-11-01,3,GO,SANTANDER,52,489203.96
2024-11-01,3,MA,BB,12,413513.88
2024-11-01,3,MA,BCO DO NORDESTE DO BRASIL S.A.,2,11877.3
2024-11-01,3,MA,BRADESCO,12,969977.13
2024-11-01,3,MA,ITAU,15,110606.74
2024-11-01,3,MA,SANTANDER,21,322006.51
2024-11-01,3,MG,BB,15,525783.46
2024-11-01,3,MG,BCO DO NORDESTE DO BRASIL S.A.,6,78533.57
2024-11-01,3,MG,BRADESCO,29,1367427.69
2024-11-01,3,MG,ITAU,87,484222.69
2024-11-01,3,MG,SANTANDER,103,1707956.07
2024-11-01,3,MS,BB,9,751020.82
2024-11-01,3,MS,BRADESCO,8,570986.9
2024-11-01,3,MS,ITAU,2,560.65
2024-11-01,3,MS,SANTANDER,35,561854.93
2024-11-01,3,MT,BB,5,290974.95
2024-11-01,3,MT,BRADESCO,3,54261.49
2024-11-01,3,MT,ITAU,27,113677.88
2024-11-01,3,MT,SANTANDER,23,612771.63
2024-11-01,3,PA,BB,14,693656.02
2024-11-01,3,PA,BRADESCO,8,632741.85
2024-11-01,3,PA,ITAU,19,198020.75
2024-11-01,3,PA,SANTANDER,25,333389.72
2024-11-01,3,PB,BB,2,17500.66
2024-11-01,3,PB,BCO DO NORDESTE DO BRASIL S.A.,2,11908.38
2024-11-01,3,PB,BRADESCO,5,80336.43
2024-11-01,3,PB,ITAU,3,32261.58
2024-11-01,3,PB,SANTANDER,16,331921.75
2024-11-01,3,PE,BB,4,67443.21
2024-11-01,3,PE,BRADESCO,12,528988.41
2024-11-01,3,PE,ITAU,21,155627.3
2024-11-01,3,PE,SANTANDER,85,1540315.86
2024-11-01,3,PI,BB,10,351212.76
2024-11-01,3,PI,BCO DO NORDESTE DO BRASIL S.A.,3,27241.88
2024-11-01,3,PI,BRADESCO,4,330073.43
2024-11-01,3,PI,ITAU,8,18213.01
2024-11-01,3,PI,SANTANDER,7,101731.34
2024-11-01,3,PR,BB,18,658613.45
2024-11-01,3,PR,BRADESCO,16,881250.06
2024-11-01,3,PR,ITAU,79,446444.45
2024-11-01,3,PR,SANTANDER,94,922093.59
2024-11-01,3,RJ,BB,5,103300.54
2024-11-01,3,RJ,BRADESCO,38,3958609.53
2024-11-01,3,RJ,ITAU,202,1351518.75
2024-11-01,3,RJ,SANTANDER,162,1745178.43
2024-11-01,3,RN,BB,4,35539.23
2024-11-01,3,RN,BCO DO NORDESTE DO BRASIL S.A.,1,6167.0
2024-11-01,3,RN,BRADESCO,2,100120.97
2024-11-01,3,RN,ITAU,21,151570.85
2024-11-01,3,RN,SANTANDER,23,207579.58
2024-11-01,3,RO,BRADESCO,3,7287.23
2024-11-01,3,RO,ITAU,1,265.26
2024-11-01,3,RO,SANTANDER,3,57175.92
2024-11-01,3,RR,BB,2,35501.2
2024-11-01,3,RR,BRADESCO,1,149908.76
2024-11-01,3,RR,ITAU,4,26843.1
2024-11-01,3,RR,SANTANDER,3,4415.01
2024-11-01,3,RS,BB,3,76514.68
2024-11-01,3,RS,BRADESCO,5,431107.48
2024-11-01,3,RS,ITAU,34,457793.96
2024-11-01,3,RS,SANTANDER,71,1099298.16
2024-11-01,3,SC,BB,13,591623.5
2024-11-01,3,SC,BRADESCO,7,675982.91
2024-11-01,3,SC,ITAU,18,244300.07
2024-11-01,3,SC,SANTANDER,41,596398.23
2024-11-01,3,SE,BB,1,998.71
2024-11-01,3,SE,BRADESCO,1,4133.42
2024-11-01,3,SE,ITAU,3,18580.86
2024-11-01,3,SE,SANTANDER,9,114599.84
2024-11-01,3,SP,BB,24,846859.0
2024-11-01,3,SP,BRADESCO,157,11981271.45
2024-11-01,3,SP,ITAU,551,5368528.32
2024-11-01,3,SP,SANTANDER,687,8641821.51
2024-11-01,3,TO,BB,4,107583.69
2024-11-01,3,TO,BRADESCO,1,18159.08
2024-11-01,3,TO,ITAU,10,31304.01
2024-11-01,3,TO,SANTANDER,17,683210.06
2024-12-01,1,AC,BANRISUL,1,919.06
2024-12-01,1,AC,BB,2,34.84
2024-12-01,1,AC,INTER,1,121.41
2024-12-01,1,AC,NUBANK,274,11802.36
2024-12-01,1,AL,BANRISUL,2,5297.36
2024-12-01,1,AL,INTER,1,103.94
2024-12-01,1,AL,ITAU,7,628.47
2024-12-01,1,AL,NUBANK,727,25504.26
2024-12-01,1,AL,SANTANDER,9,2997.14
2024-12-01,1,AM,BANRISUL,7,17398.76
2024-12-01,1,AM,BRADESCO,8,468.34
2024-12-01,1,AM,BTG PACTUAL,2,360.92
2024-12-01,1,AM,CAIXA ECONÔMICA FEDERAL,1,69.75
2024-12-01,1,AM,INTER,1,200.2
2024-12-01,1,AM,ITAU,12,1445.66
2024-12-01,1,AM,NUBANK,1703,69495.37
2024-12-01,1,AM,SANTANDER,16,3744.71
2024-12-01,1,AP,BANRISUL,2,5070.72
2024-12-01,1,AP,BRADESCO,2,535.57
2024-12-01,1,AP,INTER,1,136.3
2024-12-01,1,AP,ITAU,2,347.03
2024-12-01,1,AP,NUBANK,173,4778.81
2024-12-01,1,AP,SANTANDER,2,332.65
2024-12-01,1,BA,BANRISUL,22,28961.35
2024-12-01,1,BA,BB,1,27.07
2024-12-01,1,BA,BRADESCO,9,563.57
2024-12-01,1,BA,BTG PACTUAL,6,757.79
2024-12-01,1,BA,C6 BANK,1,283.72
2024-12-01,1,BA,CAIXA ECONÔMICA FEDERAL,3,507.09
2024-12-01,1,BA,ITAU,21,1181.37
2024-12-01,1,BA,NUBANK,2957,106556.84
2024-12-01,1,BA,SANTANDER,26,11254.43
2024-12-01,1,CE,BANRISUL,17,20578.97
2024-12-01,1,CE,BRADESCO,6,1800.71
2024-12-01,1,CE,BTG PACTUAL,6,663.37
2024-12-01,1,CE,CAIXA ECONÔMICA FEDERAL,1,200.37
2024-12-01,1,CE,INTER,4,504.71
2024-12-01,1,CE,ITAU,9,512.95
2024-12-01,1,CE,NUBANK,2745,98208.76
2024-12-01,1,CE,SANTANDER,25,9483.21
2024-12-01,1,DF,BANRISUL,9,15546.76
2024-12-01,1,DF,BMG,1,202.86
2024-12-01,1,DF,BRADESCO,2,79.82
2024-12-01,1,DF,BTG PACTUAL,3,211.03
2024-12-01,1,DF,ITAU,8,974.55
2024-12-01,1,DF,NUBANK,1235,45764.05
2024-12-01,1,DF,SANTANDER,10,2887.22
2024-12-01,1,ES,BANRISUL,6,14723.8
2024-12-01,1,ES,INTER,1,115.95
2024-12-01,1,ES,ITAU,8,980.87
2024-12-01,1,ES,NUBANK,892,34785.75
2024-12-01,1,ES,SANTANDER,13,9609.98
2024-12-01,1,GO,BANRISUL,11,20917.48
2024-12-01,1,GO,BB,1,22.28
2024-12-01,1,GO,BRADESCO,5,146.51
2024-12-01,1,GO,BTG PACTUAL,4,638.18
2024-12-01,1,GO,INTER,2,258.55
2024-12-01,1,GO,ITAU,8,629.4
2024-12-01,1,GO,NUBANK,1636,56565.04
2024-12-01,1,GO,SANTANDER,16,3380.18
2024-12-01,1,MA,BANRISUL,6,8324.66
2024-12-01,1,MA,BB,2,320.65
2024-12-01,1,MA,BRADESCO,2,261.43
2024-12-01,1,MA,BTG PACTUAL,4,549.2
2024-12-01,1,MA,CAIXA ECONÔMICA FEDERAL,3,603.54
2024-12-01,1,MA,ITAU,7,309.34
2024-12-01,1,MA,NUBANK,1138,38732.5
2024-12-01,1,MA,SANTANDER,4,1473.14
2024-12-01,1,MG,BANCO SICOOB,2,391.36
2024-12-01,1,MG,BANRISUL,26,47133.57
2024-12-01,1,MG,BB,2,70.05
2024-12-01,1,MG,BRADESCO,10,1125.14
2024-12-01,1,MG,BTG PACTUAL,15,2253.61
2024-12-01,1,MG,C6 BANK,3,501.77
2024-12-01,1,MG,CAIXA ECONÔMICA FEDERAL,2,303.87
2024-12-01,1,MG,INTER,2,208.38
2024-12-01,1,MG,ITAU,49,3619.39
2024-12-01,1,MG,NUBANK,4662,179620.03
2024-12-01,1,MG,SANTANDER,37,10405.75
2024-12-01,1,MS,BANRISUL,2,4477.34
2024-12-01,1,MS,BRADESCO,3,101.59
2024-12-01,1,MS,BTG PACTUAL,3,419.95
2024-12-01,1,MS,C6 BANK,2,89.42
2024-12-01,1,MS,ITAU,5,1768.12
2024-12-01,1,MS,NUBANK,1080,37285.82
2024-12-01,1,MS,SANTANDER,7,893.83
2024-12-01,1,MT,BANRISUL,5,15732.73
2024-12-01,1,MT,BB,1,37.88
2024-12-01,1,MT,BRADESCO,1,12.49
2024-12-01,1,MT,BTG PACTUAL,2,368.26
2024-12-01,1,MT,ITAU,4,605.89
2024-12-01,1,MT,NUBANK,963,43413.1
2024-12-01,1,MT,SANTANDER,7,2851.25
2024-12-01,1,PA,BANRISUL,8,13503.5
2024-12-01,1,PA,BB,1,207.56
2024-12-01,1,PA,BRADESCO,2,110.47
2024-12-01,1,PA,BTG PACTUAL,2,245.49
2024-12-01,1,PA,INTER,1,105.29
2024-12-01,1,PA,ITAU,5,374.48
2024-12-01,1,PA,NUBANK,1863,60359.37
2024-12-01,1,PA,SANTANDER,15,4471.14
2024-12-01,1,PB,BANRISUL,3,2743.68
2024-12-01,1,PB,BB,1,102.22
2024-12-01,1,PB,BMG,1,202.52
2024-12-01,1,PB,BRADESCO,2,311.58
2024-12-01,1,PB,BTG PACTUAL,1,200.01
2024-12-01,1,PB,INTER,1,135.41
2024-12-01,1,PB,ITAU,4,357.32
2024-12-01,1,PB,NUBANK,935,35336.83
2024-12-01,1,PB,SANTANDER,8,1649.52
2024-12-01,1,PE,BANRISUL,13,19884.57
2024-12-01,1,PE,BB,2,240.1
2024-12-01,1,PE,BRADESCO,1,25.75
2024-12-01,1,PE,BTG PACTUAL,2,363.75
2024-12-01,1,PE,C6 BANK,1,345.87
2024-12-01,1,PE,CAIXA ECONÔMICA FEDERAL,2,402.96
2024-12-01,1,PE,ITAU,12,1645.14
2024-12-01,1,PE,NUBANK,2216,72087.96
2024-12-01,1,PE,SANTANDER,18,8267.85
2024-12-01,1,PI,BANRISUL,4,3524.5
2024-12-01,1,PI,BB,1,164.37
2024-12-01,1,PI,INTER,1,167.42
2024-12-01,1,PI,ITAU,3,214.12
2024-12-01,1,PI,NUBANK,864,37385.23
2024-12-01,1,PI,SANTANDER,4,1012.73
2024-12-01,1,PR,BANRISUL,9,15053.11
2024-12-01,1,PR,BRADESCO,9,1420.76
2024-12-01,1,PR,BTG PACTUAL,6,822.86
2024-12-01,1,PR,CAIXA ECONÔMICA FEDERAL,3,605.64
2024-12-01,1,PR,INTER,3,498.44
2024-12-01,1,PR,ITAU,23,3526.96
2024-12-01,1,PR,NUBANK,2658,98062.82
2024-12-01,1,PR,SANTANDER,22,3978.46
2024-12-01,1,RJ,BANRISUL,24,25546.09
2024-12-01,1,RJ,BB,2,171.18
2024-12-01,1,RJ,BRADESCO,16,2047.47
2024-12-01,1,RJ,BTG PACTUAL,11,1516.98
2024-12-01,1,RJ,C6 BANK,1,111.29
2024-12-01,1,RJ,CAIXA ECONÔMICA FEDERAL,2,307.64
2024-12-01,1,RJ,INTER,4,502.11
2024-12-01,1,RJ,ITAU,60,4050.28
2024-12-01,1,RJ,NUBANK,6032,198463.68
2024-12-01,1,RJ,SANTANDER,91,30455.81
2024-12-01,1,RN,BANRISUL,7,9828.54
2024-12-01,1,RN,BRADESCO,1,81.57
2024-12-01,1,RN,ITAU,1,7.37
2024-12-01,1,RN,NUBANK,924,33059.5
2024-12-01,1,RN,SANTANDER,7,5159.63
2024-12-01,1,RO,BANRISUL,2,5106.25
2024-12-01,1,RO,BB,1,200.67
2024-12-01,1,RO,BRADESCO,1,476.29
2024-12-01,1,RO,ITAU,4,1221.64
2024-12-01,1,RO,NUBANK,745,30185.35
2024-12-01,1,RO,SANTANDER,6,5227.91
2024-12-01,1,RR,BANRISUL,1,357.23
2024-12-01,1,RR,BTG PACTUAL,1,98.7
2024-12-01,1,RR,NUBANK,203,6887.47
2024-12-01,1,RR,SANTANDER,2,212.42
2024-12-01,1,RS,BANRISUL,303,330528.22
2024-12-01,1,RS,BRADESCO,5,225.66
2024-12-01,1,RS,BTG PACTUAL,6,778.81
2024-12-01,1,RS,INTER,1,199.55
2024-12-01,1,RS,ITAU,12,2297.02
2024-12-01,1,RS,NUBANK,2391,83538.23
2024-12-01,1,RS,SANTANDER,26,6561.47
2024-12-01,1,SC,BANRISUL,14,20025.5
2024-12-01,1,SC,BB,1,107.77
2024-12-01,1,SC,BRADESCO,2,316.74
2024-12-01,1,SC,BTG PACTUAL,3,529.66
2024-12-01,1,SC,CAIXA ECONÔMICA FEDERAL,1,204.16
2024-12-01,1,SC,INTER,2,167.48
2024-12-01,1,SC,ITAU,10,1698.72
2024-12-01,1,SC,NUBANK,1536,61048.05
2024-12-01,1,SC,SANTANDER,10,2431.88
2024-12-01,1,SE,BANRISUL,5,3156.56
2024-12-01,1,SE,BRADESCO,1,601.03
2024-12-01,1,SE,BTG PACTUAL,1,125.94
2024-12-01,1,SE,INTER,1,185.81
2024-12-01,1,SE,NUBANK,510,17074.61
2024-12-01,1,SE,SANTANDER,3,318.99
2024-12-01,1,SP,BANRISUL,67,111309.05
2024-12-01,1,SP,BB,4,420.01
2024-12-01,1,SP,BMG,1,201.1
2024-12-01,1,SP,BRADESCO,37,5847.76
2024-12-01,1,SP,BTG PACTUAL,31,3985.87
2024-12-01,1,SP,C6 BANK,7,1028.25
2024-12-01,1,SP,CAIXA ECONÔMICA FEDERAL,3,535.19
2024-12-01,1,SP,INTER,6,577.29
2024-12-01,1,SP,ITAU,164,14088.21
2024-12-01,1,SP,SANTANDER,212,66592.99
2024-12-01,1,TO,ITAU,1,207.8
2024-12-01,1,TO,NUBANK,309,10421.49
2024-12-01,1,TO,SANTANDER,1,16.18
2024-12-01,2,AL,VOTORANTIM,2,1523.85
2024-12-01,2,AM,BRADESCO,1,13025.19
2024-12-01,2,AM,VOTORANTIM,2,4390.88
2024-12-01,2,BA,BB,2,4434.4
2024-12-01,2,BA,BRADESCO,1,2835.05
2024-12-01,2,BA,C6 BANK,3,975.63
2024-12-01,2,BA,VOTORANTIM,1,1080.64
2024-12-01,2,CE,BRADESCO,2,4664.77
2024-12-01,2,CE,VOTORANTIM,5,14486.6
2024-12-01,2,DF,BRADESCO,2,5713.98
2024-12-01,2,ES,VOTORANTIM,1,490.67
2024-12-01,2,GO,BRADESCO,2,68993.7
2024-12-01,2,GO,C6 BANK,1,288.98
2024-12-01,2,GO,ITAU,1,108.18
2024-12-01,2,GO,VOTORANTIM,4,9058.19
2024-12-01,2,MA,BRADESCO,1,1297.75
2024-12-01,2,MG,BRADESCO,7,23569.42
2024-12-01,2,MG,VOTORANTIM,8,24167.59
2024-12-01,2,MS,BB,1,1380.19
2024-12-01,2,MS,BRADESCO,2,5013.61
2024-12-01,2,MS,VOTORANTIM,3,3091.65
2024-12-01,2,MT,BB,1,24822.9
2024-12-01,2,MT,VOTORANTIM,2,957.74
2024-12-01,2,PA,BRADESCO,3,10785.17
2024-12-01,2,PA,C6 BANK,1,109.15
2024-12-01,2,PA,SANTANDER,3,65.12
2024-12-01,2,PA,VOTORANTIM,4,20887.7
2024-12-01,2,PB,BCO DO NORDESTE DO BRASIL S.A.,1,3292.14
2024-12-01,2,PB,BRADESCO,3,7961.69
2024-12-01,2,PB,VOTORANTIM,1,321.09
2024-12-01,2,PE,BRADESCO,2,5589.12
2024-12-01,2,PE,VOTORANTIM,3,4353.03
2024-12-01,2,PI,BB,1,3719.39
2024-12-01,2,PI,ITAU,1,21.79
2024-12-01,2,PI,VOTORANTIM,3,3946.79
2024-12-01,2,PR,BRADESCO,4,12961.38
2024-12-01,2,PR,C6 BANK,3,549.55
2024-12-01,2,PR,VOTORANTIM,7,13524.53
2024-12-01,2,RJ,BRADESCO,9,42022.7
2024-12-01,2,RJ,C6 BANK,2,437.75
2024-12-01,2,RJ,ITAU,2,3455.18
2024-12-01,2,RJ,SANTANDER,1,36.82
2024-12-01,2,RJ,VOTORANTIM,10,21132.84
2024-12-01,2,RN,BRADESCO,1,280.82
2024-12-01,2,RO,BB,1,6085.41
2024-12-01,2,RO,BRADESCO,1,13.29
2024-12-01,2,RO,VOTORANTIM,1,4038.51
2024-12-01,2,RS,BANRISUL,2,326.94
2024-12-01,2,RS,BRADESCO,2,3947.4
2024-12-01,2,RS,C6 BANK,1,273.31
2024-12-01,2,RS,VOTORANTIM,6,13760.47
2024-12-01,2,SC,BB,1,1424.13
2024-12-01,2,SC,BRADESCO,3,3434.2
2024-12-01,2,SC,SANTANDER,2,368.7
2024-12-01,2,SC,VOTORANTIM,5,32330.21
2024-12-01,2,SP,BB,1,2286.03
2024-12-01,2,SP,BRADESCO,30,81558.08
2024-12-01,2,SP,C6 BANK,6,5503.17
2024-12-01,2,SP,ITAU,5,1451.13
2024-12-01,2,SP,VOTORANTIM,36,89023.75
2024-12-01,2,TO,BRADESCO,2,1573.75
2024-12-01,2,TO,VOTORANTIM,3,5972.07
2024-12-01,3,AC,BB,2,91754.19
2024-12-01,3,AC,BRADESCO,5,1102942.97
2024-12-01,3,AC,ITAU,1,16093.14
2024-12-01,3,AC,SANTANDER,9,190376.4
2024-12-01,3,AL,BCO DO NORDESTE DO BRASIL S.A.,3,59906.94
2024-12-01,3,AL,BRADESCO,47,3858304.75
2024-12-01,3,AL,ITAU,7,15132.46
2024-12-01,3,AL,SANTANDER,15,94491.3
2024-12-01,3,AM,BB,4,452744.22
2024-12-01,3,AM,BRADESCO,110,11716048.05
2024-12-01,3,AM,ITAU,24,305235.94
2024-12-01,3,AM,SANTANDER,25,158652.06
2024-12-01,3,AP,BB,3,66042.97
2024-12-01,3,AP,BRADESCO,13,686802.01
2024-12-01,3,AP,ITAU,3,69847.54
2024-12-01,3,AP,SANTANDER,6,208740.5
2024-12-01,3,BA,BB,9,150325.97
2024-12-01,3,BA,BCO DO NORDESTE DO BRASIL S.A.,18,479001.94
2024-12-01,3,BA,BRADESCO,175,16931745.34
2024-12-01,3,BA,ITAU,117,810558.33
2024-12-01,3,BA,SANTANDER,145,1374737.55
2024-12-01,3,CE,BB,8,536767.5
2024-12-01,3,CE,BCO DO NORDESTE DO BRASIL S.A.,20,270644.71
2024-12-01,3,CE,BRADESCO,95,7574810.74
2024-12-01,3,CE,ITAU,65,331777.81
2024-12-01,3,CE,SANTANDER,39,216568.18
2024-12-01,3,DF,BRADESCO,31,4075958.36
2024-12-01,3,DF,ITAU,35,264709.3
2024-12-01,3,DF,SANTANDER,35,235505.8
2024-12-01,3,ES,BB,5,80267.8
2024-12-01,3,ES,BCO DO NORDESTE DO BRASIL S.A.,1,2962.57
2024-12-01,3,ES,BRADESCO,27,3646340.58
2024-12-01,3,ES,ITAU,2,7713.95
2024-12-01,3,ES,SANTANDER,26,158351.08
2024-12-01,3,GO,BB,7,394211.19
2024-12-01,3,GO,BRADESCO,115,13108696.97
2024-12-01,3,GO,ITAU,97,580573.26
2024-12-01,3,GO,SANTANDER,49,636409.65
2024-12-01,3,MA,BB,8,397402.28
2024-12-01,3,MA,BCO DO NORDESTE DO BRASIL S.A.,7,234108.75
2024-12-01,3,MA,BRADESCO,97,10448359.62
2024-12-01,3,MA,ITAU,11,61545.09
2024-12-01,3,MA,SANTANDER,26,176414.38
2024-12-01,3,MG,BB,7,118189.05
2024-12-01,3,MG,BCO DO NORDESTE DO BRASIL S.A.,4,48735.73
2024-12-01,3,MG,BRADESCO,262,24098280.84
2024-12-01,3,MG,ITAU,174,1364647.61
2024-12-01,3,MG,SANTANDER,135,1385911.52
2024-12-01,3,MS,BB,6,473346.41
2024-12-01,3,MS,BRADESCO,93,7256910.48
2024-12-01,3,MS,ITAU,22,203620.26
2024-12-01,3,MS,SANTANDER,33,328562.88
2024-12-01,3,MT,BB,3,140242.61
2024-12-01,3,MT,BRADESCO,93,6370320.85
2024-12-01,3,MT,ITAU,21,171271.86
2024-12-01,3,MT,SANTANDER,46,602958.82
2024-12-01,3,PA,BB,9,163861.25
2024-12-01,3,PA,BRADESCO,115,14853131.98
2024-12-01,3,PA,ITAU,21,108612.46
2024-12-01,3,PA,SANTANDER,57,633194.74
2024-12-01,3,PB,BB,4,287302.57
2024-12-01,3,PB,BCO DO NORDESTE DO BRASIL S.A.,9,128357.95
2024-12-01,3,PB,BRADESCO,35,2772845.22
2024-12-01,3,PB,ITAU,10,48738.35
2024-12-01,3,PB,SANTANDER,24,97795.33
2024-12-01,3,PE,BB,7,210128.88
2024-12-01,3,PE,BCO DO NORDESTE DO BRASIL S.A.,13,684744.08
2024-12-01,3,PE,BRADESCO,93,10061952.4
2024-12-01,3,PE,ITAU,46,242894.94
2024-12-01,3,PE,SANTANDER,92,963457.19
2024-12-01,3,PI,BB,2,140441.71
2024-12-01,3,PI,BCO DO NORDESTE DO BRASIL S.A.,9,180240.8
2024-12-01,3,PI,BRADESCO,53,4188297.53
2024-12-01,3,PI,ITAU,16,91301.58
2024-12-01,3,PI,SANTANDER,21,233024.26
2024-12-01,3,PR,BB,12,694529.11
2024-12-01,3,PR,BRADESCO,249,26225594.02
2024-12-01,3,PR,ITAU,182,1106281.7
2024-12-01,3,PR,SANTANDER,99,987229.42
2024-12-01,3,RJ,BB,4,165373.83
2024-12-01,3,RJ,BRADESCO,365,41707289.26
2024-12-01,3,RJ,ITAU,294,1958031.19
2024-12-01,3,RJ,SANTANDER,210,4219619.55
2024-12-01,3,RN,BB,5,103641.6
2024-12-01,3,RN,BCO DO NORDESTE DO BRASIL S.A.,11,152287.55
2024-12-01,3,RN,BRADESCO,33,4371535.41
2024-12-01,3,RN,ITAU,57,275917.69
2024-12-01,3,RN,SANTANDER,8,34502.44
2024-12-01,3,RO,BB,3,101940.42
2024-12-01,3,RO,BRADESCO,21,2311805.54
2024-12-01,3,RO,ITAU,8,78954.39
2024-12-01,3,RO,SANTANDER,10,183298.91
2024-12-01,3,RR,BB,1,3034.78
2024-12-01,3,RR,BRADESCO,4,592561.73
2024-12-01,3,RR,ITAU,6,15648.44
2024-12-01,3,RR,SANTANDER,3,13121.44
2024-12-01,3,RS,BB,2,80671.4
2024-12-01,3,RS,BRADESCO,37,1156351.86
2024-12-01,3,RS,ITAU,63,535477.68
2024-12-01,3,RS,SANTANDER,120,2435290.83
2024-12-01,3,SC,BB,10,316259.68
2024-12-01,3,SC,BRADESCO,165,31083096.2
2024-12-01,3,SC,ITAU,43,316585.29
2024-12-01,3,SC,SANTANDER,65,1391296.2
2024-12-01,3,SE,BB,2,26872.07
2024-12-01,3,SE,BCO DO NORDESTE DO BRASIL S.A.,1,54194.53
2024-12-01,3,SE,BRADESCO,12,384892.82
2024-12-01,3,SE,ITAU,4,14992.65
2024-12-01,3,SE,SANTANDER,7,66225.14
2024-12-01,3,SP,BB,32,660200.38
2024-12-01,3,SP,BRADESCO,1643,183535228.68
2024-12-01,3,SP,ITAU,844,6363571.22
2024-12-01,3,SP,SANTANDER,804,9414155.87
2024-12-01,3,TO,BB,1,324332.51
2024-12-01,3,TO,BRADESCO,28,4711116.73
2024-12-01,3,TO,ITAU,4,23229.99
2024-12-01,3,TO,SANTANDER,9,76631.76
2025-01-01,1,AC,BTG PACTUAL - PRUDENCIAL,1,200.34
2025-01-01,1,AC,CAIXA ECONÔMICA FEDERAL - PRUDENCIAL,1,200.21
2025-01-01,1,AC,NU PAGAMENTOS - PRUDENCIAL,9,376.71
2025-01-01,1,AC,SANTANDER - PRUDENCIAL,9,6662.26
2025-01-01,1,AL,BANCOOB - PRUDENCIAL,1,226.89
2025-01-01,1,AL,BRADESCO - PRUDENCIAL,2,342.86
2025-01-01,1,AL,BTG PACTUAL - PRUDENCIAL,1,140.78
2025-01-01,1,AL,CAIXA ECONÔMICA FEDERAL - PRUDENCIAL,1,200.85
2025-01-01,1,AL,INTER - PRUDENCIAL,2,317.13
2025-01-01,1,AL,ITAU - PRUDENCIAL,1,204.03
2025-01-01,1,AL,NU PAGAMENTOS - PRUDENCIAL,15,829.24
2025-01-01,1,AL,SANTANDER - PRUDENCIAL,6,4012.78
2025-01-01,1,AM,BANCO C6 - PRUDENCIAL,1,222.77
2025-01-01,1,AM,BRADESCO - PRUDENCIAL,9,4046.37
2025-01-01,1,AM,BTG PACTUAL - PRUDENCIAL,2,405.53
2025-01-01,1,AM,CAIXA ECONÔMICA FEDERAL - PRUDENCIAL,3,603.08
2025-01-01,1,AM,ITAU - PRUDENCIAL,2,469.25
2025-01-01,1,AM,NU PAGAMENTOS - PRUDENCIAL,43,2111.25
2025-01-01,1,AM,SANTANDER - PRUDENCIAL,37,32766.36
2025-01-01,1,AP,NU PAGAMENTOS - PRUDENCIAL,4,79.69
2025-01-01,1,AP,SANTANDER - PRUDENCIAL,1,3600.49
2025-01-01,1,BA,BB - PRUDENCIAL,3,213.6
2025-01-01,1,BA,BRADESCO - PRUDENCIAL,8,594.53
2025-01-01,1,BA,BTG PACTUAL - PRUDENCIAL,6,795.91
2025-01-01,1,BA,CAIXA ECONÔMICA FEDERAL - PRUDENCIAL,5,936.25
2025-01-01,1,BA,INTER - PRUDENCIAL,2,298.87
2025-01-01,1,BA,ITAU - PRUDENCIAL,11,3642.14
2025-01-01,1,BA,NU PAGAMENTOS - PRUDENCIAL,57,2650.39
2025-01-01,1,BA,SANTANDER - PRUDENCIAL,67,60254.61
2025-01-01,1,CE,BANCO C6 - PRUDENCIAL,1,204.63
2025-01-01,1,CE,BB - PRUDENCIAL,1,173.21
2025-01-01,1,CE,BRADESCO - PRUDENCIAL,3,285.97
2025-01-01,1,CE,BTG PACTUAL - PRUDENCIAL,4,347.04
2025-01-01,1,CE,CAIXA ECONÔMICA FEDERAL - PRUDENCIAL,5,902.67
2025-01-01,1,CE,INTER - PRUDENCIAL,1,147.62
2025-01-01,1,CE,ITAU - PRUDENCIAL,2,155.4
2025-01-01,1,CE,NU PAGAMENTOS - PRUDENCIAL,62,2946.01
2025-01-01,1,CE,SANTANDER - PRUDENCIAL,43,36766.55
2025-01-01,1,DF,BANCOOB - PRUDENCIAL,1,257.15
2025-01-01,1,DF,BRADESCO - PRUDENCIAL,1,22.18
2025-01-01,1,DF,BTG PACTUAL - PRUDENCIAL,6,766.82
2025-01-01,1,DF,CAIXA ECONÔMICA FEDERAL - PRUDENCIAL,1,200.17
2025-01-01,1,DF,INTER - PRUDENCIAL,1,90.32
2025-01-01,1,DF,ITAU - PRUDENCIAL,2,199.79
2025-01-01,1,DF,NU PAGAMENTOS - PRUDENCIAL,16,855.82
2025-01-01,1,DF,SANTANDER - PRUDENCIAL,29,25447.87
2025-01-01,1,ES,BRADESCO - PRUDENCIAL,2,361.17
2025-01-01,1,ES,BTG PACTUAL - PRUDENCIAL,5,552.09
2025-01-01,1,ES,CAIXA ECONÔMICA FEDERAL - PRUDENCIAL,1,104.48
2025-01-01,1,ES,ITAU - PRUDENCIAL,2,535.84
2025-01-01,1,ES,NU PAGAMENTOS - PRUDENCIAL,14,500.41
2025-01-01,1,ES,SANTANDER - PRUDENCIAL,15,15150.2
2025-01-01,1,GO,BRADESCO - PRUDENCIAL,4,1820.54
2025-01-01,1,GO,BTG PACTUAL - PRUDENCIAL,1,50.89
2025-01-01,1,GO,CAIXA ECONÔMICA FEDERAL - PRUDENCIAL,1,163.36
2025-01-01,1,GO,INTER - PRUDENCIAL,1,46.81
2025-01-01,1,GO,ITAU - PRUDENCIAL,5,885.91
2025-01-01,1,GO,NU PAGAMENTOS - PRUDENCIAL,33,1691.07
2025-01-01,1,GO,SANTANDER - PRUDENCIAL,35,20884.41
2025-01-01,1,MA,BANCO C6 - PRUDENCIAL,1,200.43
2025-01-01,1,MA,BRADESCO - PRUDENCIAL,4,46.96
2025-01-01,1,MA,BTG PACTUAL - PRUDENCIAL,2,404.48
2025-01-01,1,MA,CAIXA ECONÔMICA FEDERAL - PRUDENCIAL,1,202.16
2025-01-01,1,MA,INTER - PRUDENCIAL,2,185.37
2025-01-01,1,MA,ITAU - PRUDENCIAL,2,593.33
2025-01-01,1,MA,NU PAGAMENTOS - PRUDENCIAL,23,1172.52
2025-01-01,1,MA,SANTANDER - PRUDENCIAL,25,16582.21
2025-01-01,1,MG,BB - PRUDENCIAL,3,380.48
2025-01-01,1,MG,BRADESCO - PRUDENCIAL,11,1607.02
2025-01-01,1,MG,BTG PACTUAL - PRUDENCIAL,7,799.59
2025-01-01,1,MG,CAIXA ECONÔMICA FEDERAL - PRUDENCIAL,8,1481.8
2025-01-01,1,MG,INTER - PRUDENCIAL,11,1334.35
2025-01-01,1,MG,ITAU - PRUDENCIAL,7,876.66
2025-01-01,1,MG,NU PAGAMENTOS - PRUDENCIAL,92,4414.21
2025-01-01,1,MG,SANTANDER - PRUDENCIAL,86,66914.92
2025-01-01,1,MS,BB - PRUDENCIAL,4,383.3
2025-01-01,1,MS,BRADESCO - PRUDENCIAL,6,355.77
2025-01-01,1,MS,BTG PACTUAL - PRUDENCIAL,3,481.06
2025-01-01,1,MS,CAIXA ECONÔMICA FEDERAL - PRUDENCIAL,2,301.27
2025-01-01,1,MS,INTER - PRUDENCIAL,1,99.95
2025-01-01,1,MS,ITAU - PRUDENCIAL,2,237.34
2025-01-01,1,MS,NU PAGAMENTOS - PRUDENCIAL,29,1125.43
2025-01-01,1,MS,SANTANDER - PRUDENCIAL,19,14751.69
2025-01-01,1,MT,BRADESCO - PRUDENCIAL,1,122.82
2025-01-01,1,MT,BTG PACTUAL - PRUDENCIAL,1,145.7
2025-01-01,1,MT,INTER - PRUDENCIAL,1,51.87
2025-01-01,1,MT,NU PAGAMENTOS - PRUDENCIAL,15,1037.09
2025-01-01,1,MT,SANTANDER - PRUDENCIAL,25,18153.23
2025-01-01,1,PA,BRADESCO - PRUDENCIAL,4,174.26
2025-01-01,1,PA,BTG PACTUAL - PRUDENCIAL,1,98.75
2025-01-01,1,PA,CAIXA ECONÔMICA FEDERAL - PRUDENCIAL,4,801.98
2025-01-01,1,PA,INTER - PRUDENCIAL,2,158.26
2025-01-01,1,PA,ITAU - PRUDENCIAL,2,204.15
2025-01-01,1,PA,NU PAGAMENTOS - PRUDENCIAL,44,1649.38
2025-01-01,1,PA,SANTANDER - PRUDENCIAL,35,18103.77
2025-01-01,1,PB,BB - PRUDENCIAL,2,201.74
2025-01-01,1,PB,BRADESCO - PRUDENCIAL,3,79.36
2025-01-01,1,PB,BTG PACTUAL - PRUDENCIAL,3,262.32
2025-01-01,1,PB,CAIXA ECONÔMICA FEDERAL - PRUDENCIAL,2,401.19
2025-01-01,1,PB,INTER - PRUDENCIAL,1,148.17
2025-01-01,1,PB,NU PAGAMENTOS - PRUDENCIAL,14,813.77
2025-01-01,1,PB,SANTANDER - PRUDENCIAL,15,20342.1
2025-01-01,1,PE,BRADESCO - PRUDENCIAL,6,63.94
2025-01-01,1,PE,BTG PACTUAL - PRUDENCIAL,2,227.02
2025-01-01,1,PE,CAIXA ECONÔMICA FEDERAL - PRUDENCIAL,6,1205.3
2025-01-01,1,PE,INTER - PRUDENCIAL,3,453.6
2025-01-01,1,PE,ITAU - PRUDENCIAL,2,254.34
2025-01-01,1,PE,NU PAGAMENTOS - PRUDENCIAL,41,2639.97
2025-01-01,1,PE,SANTANDER - PRUDENCIAL,36,15773.29
2025-01-01,1,PI,BANCO C6 - PRUDENCIAL,2,403.92
2025-01-01,1,PI,BB - PRUDENCIAL,1,203.64
2025-01-01,1,PI,BRADESCO - PRUDENCIAL,1,169.68
2025-01-01,1,PI,BTG PACTUAL - PRUDENCIAL,1,105.0
2025-01-01,1,PI,ITAU - PRUDENCIAL,1,390.53
2025-01-01,1,PI,NU PAGAMENTOS - PRUDENCIAL,22,1067.09
2025-01-01,1,PI,SANTANDER - PRUDENCIAL,8,8062.54
2025-01-01,1,PR,BANCO C6 - PRUDENCIAL,1,123.52
2025-01-01,1,PR,BANCOOB - PRUDENCIAL,1,217.59
2025-01-01,1,PR,BB - PRUDENCIAL,1,51.01
2025-01-01,1,PR,BMG - PRUDENCIAL,1,200.64
2025-01-01,1,PR,BRADESCO - PRUDENCIAL,9,300.36
2025-01-01,1,PR,BTG PACTUAL - PRUDENCIAL,6,901.01
2025-01-01,1,PR,CAIXA ECONÔMICA FEDERAL - PRUDENCIAL,2,368.65
2025-01-01,1,PR,CC SICOOB VALE SUL,1,212.9
2025-01-01,1,PR,INTER - PRUDENCIAL,1,100.24
2025-01-01,1,PR,ITAU - PRUDENCIAL,10,1991.64
2025-01-01,1,PR,NU PAGAMENTOS - PRUDENCIAL,55,2880.74
2025-01-01,1,PR,SANTANDER - PRUDENCIAL,37,26418.79
2025-01-01,1,RJ,BANCO C6 - PRUDENCIAL,3,522.87
2025-01-01,1,RJ,BB - PRUDENCIAL,3,113.02
2025-01-01,1,RJ,BMG - PRUDENCIAL,1,202.76
2025-01-01,1,RJ,BRADESCO - PRUDENCIAL,15,1486.99
2025-01-01,1,RJ,BTG PACTUAL - PRUDENCIAL,11,1400.71
2025-01-01,1,RJ,CAIXA ECONÔMICA FEDERAL - PRUDENCIAL,8,1508.57
2025-01-01,1,RJ,INTER - PRUDENCIAL,5,717.26
2025-01-01,1,RJ,ITAU - PRUDENCIAL,21,2793.45
2025-01-01,1,RJ,NU PAGAMENTOS - PRUDENCIAL,130,6955.35
2025-01-01,1,RJ,SANTANDER - PRUDENCIAL,170,121260.44
2025-01-01,1,RN,BRADESCO - PRUDENCIAL,3,474.28
2025-01-01,1,RN,BTG PACTUAL - PRUDENCIAL,4,475.95
2025-01-01,1,RN,CAIXA ECONÔMICA FEDERAL - PRUDENCIAL,1,200.75
2025-01-01,1,RN,ITAU - PRUDENCIAL,5,1022.17
2025-01-01,1,RN,NU PAGAMENTOS - PRUDENCIAL,10,729.51
2025-01-01,1,RN,SANTANDER - PRUDENCIAL,13,9771.58
2025-01-01,1,RO,BB - PRUDENCIAL,1,98.55
2025-01-01,1,RO,BRADESCO - PRUDENCIAL,2,2369.36
2025-01-01,1,RO,BTG PACTUAL - PRUDENCIAL,5,585.24
2025-01-01,1,RO,CCLA DO CENTRO SUL RONDONIENSE,1,116.24
2025-01-01,1,RO,NU PAGAMENTOS - PRUDENCIAL,19,1036.28
2025-01-01,1,RO,SANTANDER - PRUDENCIAL,13,8651.17
2025-01-01,1,RR,BRADESCO - PRUDENCIAL,1,7.19
2025-01-01,1,RR,ITAU - PRUDENCIAL,2,205.73
2025-01-01,1,RR,SANTANDER - PRUDENCIAL,3,5420.48
2025-01-01,1,RS,BANCO C6 - PRUDENCIAL,1,83.79
2025-01-01,1,RS,BANRISUL - PRUDENCIAL,3,5446.84
2025-01-01,1,RS,BB - PRUDENCIAL,1,202.32
2025-01-01,1,RS,BRADESCO - PRUDENCIAL,4,385.63
2025-01-01,1,RS,BTG PACTUAL - PRUDENCIAL,8,1076.52
2025-01-01,1,RS,CAIXA ECONÔMICA FEDERAL - PRUDENCIAL,4,762.31
2025-01-01,1,RS,INTER - PRUDENCIAL,2,146.5
2025-01-01,1,RS,ITAU - PRUDENCIAL,5,783.22
2025-01-01,1,RS,NU PAGAMENTOS - PRUDENCIAL,59,2900.78
2025-01-01,1,RS,SANTANDER - PRUDENCIAL,60,55841.53
2025-01-01,1,SC,BB - PRUDENCIAL,2,223.73
2025-01-01,1,SC,BMG - PRUDENCIAL,1,201.38
2025-01-01,1,SC,BRADESCO - PRUDENCIAL,7,4955.96
2025-01-01,1,SC,BTG PACTUAL - PRUDENCIAL,4,515.73
2025-01-01,1,SC,CAIXA ECONÔMICA FEDERAL - PRUDENCIAL,3,479.18
2025-01-01,1,SC,INTER - PRUDENCIAL,2,214.86
2025-01-01,1,SC,ITAU - PRUDENCIAL,3,500.28
2025-01-01,1,SC,NU PAGAMENTOS - PRUDENCIAL,48,1728.57
2025-01-01,1,SC,SANTANDER - PRUDENCIAL,22,29239.23
2025-01-01,1,SE,BTG PACTUAL - PRUDENCIAL,1,202.35
2025-01-01,1,SE,CAIXA ECONÔMICA FEDERAL - PRUDENCIAL,4,713.38
2025-01-01,1,SE,ITAU - PRUDENCIAL,1,163.94
2025-01-01,1,SE,NU PAGAMENTOS - PRUDENCIAL,7,180.0
2025-01-01,1,SE,SANTANDER - PRUDENCIAL,4,3003.84
2025-01-01,1,SP,BANCO C6 - PRUDENCIAL,6,1327.82
2025-01-01,1,SP,BANCOOB - PRUDENCIAL,1,226.93
2025-01-01,1,SP,BB - PRUDENCIAL,5,315.85
2025-01-01,1,SP,BMG - PRUDENCIAL,2,406.01
2025-01-01,1,SP,BRADESCO - PRUDENCIAL,47,5248.89
2025-01-01,1,SP,BTG PACTUAL - PRUDENCIAL,37,5105.92
2025-01-01,1,SP,CAIXA ECONÔMICA FEDERAL - PRUDENCIAL,10,1679.28
2025-01-01,1,SP,INTER - PRUDENCIAL,11,1317.73
2025-01-01,1,SP,ITAU - PRUDENCIAL,43,9221.96
2025-01-01,1,SP,NU PAGAMENTOS - PRUDENCIAL,304,13659.99
2025-01-01,1,SP,SANTANDER - PRUDENCIAL,405,275568.49
2025-01-01,1,TO,CAIXA ECONÔMICA FEDERAL - PRUDENCIAL,1,131.9
2025-01-01,1,TO,NU PAGAMENTOS - PRUDENCIAL,3,160.09
2025-01-01,1,TO,SANTANDER - PRUDENCIAL,7,3719.87
2025-01-01,2,AC,VOTORANTIM - PRUDENCIAL,1,6558.57
2025-01-01,2,AL,CAIXA ECONÔMICA FEDERAL - PRUDENCIAL,1,540.97
2025-01-01,2,AL,VOTORANTIM - PRUDENCIAL,2,17373.48
2025-01-01,2,AM,BRADESCO - PRUDENCIAL,1,445.77
2025-01-01,2,AP,CAIXA ECONÔMICA FEDERAL - PRUDENCIAL,1,9433.73
2025-01-01,2,BA,BANCO C6 - PRUDENCIAL,1,282.59
2025-01-01,2,BA,BB - PRUDENCIAL,1,1031.31
2025-01-01,2,BA,BCO DO NORDESTE DO BRASIL S.A. - PRUDENCIAL,2,8230.07
2025-01-01,2,BA,BRADESCO - PRUDENCIAL,8,27723.83
2025-01-01,2,BA,CAIXA ECONÔMICA FEDERAL - PRUDENCIAL,8,21857.24
2025-01-01,2,CE,BANCO C6 - PRUDENCIAL,1,424.38
2025-01-01,2,CE,BRADESCO - PRUDENCIAL,4,32382.84
2025-01-01,2,CE,CAIXA ECONÔMICA FEDERAL - PRUDENCIAL,1,1105.95
2025-01-01,2,CE,VOTORANTIM - PRUDENCIAL,1,4806.52
2025-01-01,2,DF,BANCO C6 - PRUDENCIAL,1,78.59
2025-01-01,2,DF,BRADESCO - PRUDENCIAL,1,39661.1
2025-01-01,2,DF,CAIXA ECONÔMICA FEDERAL - PRUDENCIAL,3,6452.08
2025-01-01,2,DF,VOTORANTIM - PRUDENCIAL,1,3968.55
2025-01-01,2,ES,BRADESCO - PRUDENCIAL,1,1491.14
2025-01-01,2,ES,CAIXA ECONÔMICA FEDERAL - PRUDENCIAL,6,14251.13
2025-01-01,2,GO,BB - PRUDENCIAL,1,4800.2
2025-01-01,2,GO,BRADESCO - PRUDENCIAL,1,72.41
2025-01-01,2,GO,CAIXA ECONÔMICA FEDERAL - PRUDENCIAL,11,28924.69
2025-01-01,2,GO,VOTORANTIM - PRUDENCIAL,2,5287.52
2025-01-01,2,MA,BB - PRUDENCIAL,1,3080.05
2025-01-01,2,MA,BCO DO NORDESTE DO BRASIL S.A. - PRUDENCIAL,1,2145.87
2025-01-01,2,MA,BRADESCO - PRUDENCIAL,1,402.91
2025-01-01,2,MA,CAIXA ECONÔMICA FEDERAL - PRUDENCIAL,2,12626.04
2025-01-01,2,MA,VOTORANTIM - PRUDENCIAL,3,4263.99
2025-01-01,2,MG,BANCO C6 - PRUDENCIAL,1,202.36
2025-01-01,2,MG,BRADESCO - PRUDENCIAL,4,38991.44
2025-01-01,2,MG,CAIXA ECONÔMICA FEDERAL - PRUDENCIAL,23,47293.77
2025-01-01,2,MG,ITAU - PRUDENCIAL,2,119.58
2025-01-01,2,MG,SANTANDER - PRUDENCIAL,3,281.22
2025-01-01,2,MG,VOTORANTIM - PRUDENCIAL,10,22488.51
2025-01-01,2,MS,BRADESCO - PRUDENCIAL,2,112027.89
2025-01-01,2,MS,CAIXA ECONÔMICA FEDERAL - PRUDENCIAL,4,6886.99
2025-01-01,2,MS,VOTORANTIM - PRUDENCIAL,4,15422.41
2025-01-01,2,MT,BANCO C6 - PRUDENCIAL,2,817.33
2025-01-01,2,MT,BRADESCO - PRUDENCIAL,1,14.9
2025-01-01,2,MT,CAIXA ECONÔMICA FEDERAL - PRUDENCIAL,3,11955.77
2025-01-01,2,MT,VOTORANTIM - PRUDENCIAL,3,3633.21
2025-01-01,2,PA,BRADESCO - PRUDENCIAL,1,38.76
2025-01-01,2,PA,CAIXA ECONÔMICA FEDERAL - PRUDENCIAL,4,11586.13
2025-01-01,2,PA,VOTORANTIM - PRUDENCIAL,2,8451.84
2025-01-01,2,PB,BCO DO NORDESTE DO BRASIL S.A. - PRUDENCIAL,1,19397.43
2025-01-01,2,PB,CAIXA ECONÔMICA FEDERAL - PRUDENCIAL,2,8530.03
2025-01-01,2,PB,VOTORANTIM - PRUDENCIAL,5,14302.85
2025-01-01,2,PE,BRADESCO - PRUDENCIAL,1,385.61
2025-01-01,2,PE,CAIXA ECONÔMICA FEDERAL - PRUDENCIAL,5,4236.74
2025-01-01,2,PE,VOTORANTIM - PRUDENCIAL,2,2267.4
2025-01-01,2,PI,BB - PRUDENCIAL,1,10859.41
2025-01-01,2,PI,CAIXA ECONÔMICA FEDERAL - PRUDENCIAL,3,8681.82
2025-01-01,2,PR,BANCO C6 - PRUDENCIAL,1,330.96
2025-01-01,2,PR,CAIXA ECONÔMICA FEDERAL - PRUDENCIAL,16,32408.25
2025-01-01,2,PR,VOTORANTIM - PRUDENCIAL,8,20223.84
2025-01-01,2,RJ,BANCO C6 - PRUDENCIAL,1,669.95
2025-01-01,2,RJ,BRADESCO - PRUDENCIAL,6,1560.83
2025-01-01,2,RJ,CAIXA ECONÔMICA FEDERAL - PRUDENCIAL,17,25184.58
2025-01-01,2,RJ,ITAU - PRUDENCIAL,2,39.68
2025-01-01,2,RJ,VOTORANTIM - PRUDENCIAL,2,1245.95
2025-01-01,2,RN,BANCO C6 - PRUDENCIAL,1,207.34
2025-01-01,2,RN,CAIXA ECONÔMICA FEDERAL - PRUDENCIAL,2,9569.5
2025-01-01,2,RN,VOTORANTIM - PRUDENCIAL,2,12284.18
2025-01-01,2,RO,CAIXA ECONÔMICA FEDERAL - PRUDENCIAL,3,2584.49
2025-01-01,2,RR,BANCO C6 - PRUDENCIAL,1,2068.3
2025-01-01,2,RR,CAIXA ECONÔMICA FEDERAL - PRUDENCIAL,1,4497.54
2025-01-01,2,RS,BANCO C6 - PRUDENCIAL,1,1487.47
2025-01-01,2,RS,BRADESCO - PRUDENCIAL,1,1970.9
2025-01-01,2,RS,CAIXA ECONÔMICA FEDERAL - PRUDENCIAL,26,56790.61
2025-01-01,2,RS,VOTORANTIM - PRUDENCIAL,5,9207.95
2025-01-01,2,SC,CAIXA ECONÔMICA FEDERAL - PRUDENCIAL,13,29549.68
2025-01-01,2,SC,VOTORANTIM - PRUDENCIAL,5,19697.94
2025-01-01,2,SE,CAIXA ECONÔMICA FEDERAL - PRUDENCIAL,1,775.99
2025-01-01,2,SE,VOTORANTIM - PRUDENCIAL,1,2526.72
2025-01-01,2,SP,BANCO C6 - PRUDENCIAL,7,3453.51
2025-01-01,2,SP,BRADESCO - PRUDENCIAL,12,22365.15
2025-01-01,2,SP,CAIXA ECONÔMICA FEDERAL - PRUDENCIAL,61,120154.39
2025-01-01,2,SP,ITAU - PRUDENCIAL,2,19.6
2025-01-01,2,SP,SANTANDER - PRUDENCIAL,2,135.16
2025-01-01,2,SP,VOTORANTIM - PRUDENCIAL,31,79071.16
2025-01-01,2,TO,BRADESCO - PRUDENCIAL,1,1476.18
2025-01-01,2,TO,CAIXA ECONÔMICA FEDERAL - PRUDENCIAL,1,3012.8
2025-01-01,3,AL,BCO DO NORDESTE DO BRASIL S.A. - PRUDENCIAL,4,21651.12
2025-01-01,3,AL,CAIXA ECONÔMICA FEDERAL - PRUDENCIAL,1,5465.86
2025-01-01,3,AL,ITAU - PRUDENCIAL,1,26591.54
2025-01-01,3,AM,ITAU - PRUDENCIAL,11,163205.21
2025-01-01,3,AM,SANTANDER - PRUDENCIAL,5,169017.31
2025-01-01,3,AP,CAIXA ECONÔMICA FEDERAL - PRUDENCIAL,1,93424.69
2025-01-01,3,AP,ITAU - PRUDENCIAL,3,54468.5
2025-01-01,3,BA,BB - PRUDENCIAL,1,854.05
2025-01-01,3,BA,BCO DO NORDESTE DO BRASIL S.A. - PRUDENCIAL,3,138667.1
2025-01-01,3,BA,CAIXA ECONÔMICA FEDERAL - PRUDENCIAL,1,15100.0
2025-01-01,3,BA,ITAU - PRUDENCIAL,16,60448.37
2025-01-01,3,BA,SANTANDER - PRUDENCIAL,21,763225.5
2025-01-01,3,CE,BCO DO NORDESTE DO BRASIL S.A. - PRUDENCIAL,9,78882.23
2025-01-01,3,CE,CAIXA ECONÔMICA FEDERAL - PRUDENCIAL,1,12290.29
2025-01-01,3,CE,ITAU - PRUDENCIAL,12,95311.2
2025-01-01,3,CE,SANTANDER - PRUDENCIAL,15,151229.51
2025-01-01,3,DF,BRADESCO - PRUDENCIAL,2,11874.74
2025-01-01,3,DF,ITAU - PRUDENCIAL,3,17703.78
2025-01-01,3,DF,SANTANDER - PRUDENCIAL,12,64998.02
2025-01-01,3,ES,BCO DO NORDESTE DO BRASIL S.A. - PRUDENCIAL,2,4146.51
2025-01-01,3,ES,ITAU - PRUDENCIAL,3,14972.47
2025-01-01,3,ES,SANTANDER - PRUDENCIAL,9,53811.08
2025-01-01,3,GO,CAIXA ECONÔMICA FEDERAL - PRUDENCIAL,1,60731.08
2025-01-01,3,GO,ITAU - PRUDENCIAL,18,61023.34
2025-01-01,3,GO,SANTANDER - PRUDENCIAL,18,220933.39
2025-01-01,3,MA,BCO DO NORDESTE DO BRASIL S.A. - PRUDENCIAL,5,326058.74
2025-01-01,3,MA,ITAU - PRUDENCIAL,6,59200.1
2025-01-01,3,MA,SANTANDER - PRUDENCIAL,12,449310.83
2025-01-01,3,MG,BCO DO NORDESTE DO BRASIL S.A. - PRUDENCIAL,1,7631.64
2025-01-01,3,MG,BRADESCO - PRUDENCIAL,2,56200.68
2025-01-01,3,MG,CAIXA ECONÔMICA FEDERAL - PRUDENCIAL,1,9899.8
2025-01-01,3,MG,ITAU - PRUDENCIAL,41,269612.41
2025-01-01,3,MG,SANTANDER - PRUDENCIAL,59,663495.54
2025-01-01,3,MS,BB - PRUDENCIAL,1,180501.02
2025-01-01,3,MS,ITAU - PRUDENCIAL,7,17864.57
2025-01-01,3,MS,SANTANDER - PRUDENCIAL,7,115151.91
2025-01-01,3,MT,ITAU - PRUDENCIAL,2,1176.46
2025-01-01,3,MT,SANTANDER - PRUDENCIAL,8,123169.73
2025-01-01,3,PA,BB - PRUDENCIAL,5,1507811.2
2025-01-01,3,PA,BRADESCO - PRUDENCIAL,1,2339.83
2025-01-01,3,PA,ITAU - PRUDENCIAL,18,128997.36
2025-01-01,3,PA,SANTANDER - PRUDENCIAL,23,344769.29
2025-01-01,3,PB,BCO DO NORDESTE DO BRASIL S.A. - PRUDENCIAL,3,93395.5
2025-01-01,3,PB,ITAU - PRUDENCIAL,5,19997.57
2025-01-01,3,PB,SANTANDER - PRUDENCIAL,2,5129.99
2025-01-01,3,PE,BCO DO NORDESTE DO BRASIL S.A. - PRUDENCIAL,3,52575.27
2025-01-01,3,PE,CAIXA ECONÔMICA FEDERAL - PRUDENCIAL,2,137109.12
2025-01-01,3,PE,ITAU - PRUDENCIAL,15,146806.36
2025-01-01,3,PE,SANTANDER - PRUDENCIAL,16,394634.97
2025-01-01,3,PI,BB - PRUDENCIAL,1,96476.83
2025-01-01,3,PI,BCO DO NORDESTE DO BRASIL S.A. - PRUDENCIAL,1,17313.74
2025-01-01,3,PI,CAIXA ECONÔMICA FEDERAL - PRUDENCIAL,2,3407.39
2025-01-01,3,PI,SANTANDER - PRUDENCIAL,4,38894.81
2025-01-01,3,PR,BB - PRUDENCIAL,2,264655.3
2025-01-01,3,PR,BRADESCO - PRUDENCIAL,1,20824.19
2025-01-01,3,PR,CAIXA ECONÔMICA FEDERAL - PRUDENCIAL,1,16738.4
2025-01-01,3,PR,ITAU - PRUDENCIAL,28,160893.01
2025-01-01,3,PR,SANTANDER - PRUDENCIAL,30,539314.4
2025-01-01,3,RJ,BRADESCO - PRUDENCIAL,1,16760.25
2025-01-01,3,RJ,CAIXA ECONÔMICA FEDERAL - PRUDENCIAL,2,45416.17
2025-01-01,3,RJ,ITAU - PRUDENCIAL,83,706712.82
2025-01-01,3,RJ,SANTANDER - PRUDENCIAL,64,1190678.68
2025-01-01,3,RN,BCO DO NORDESTE DO BRASIL S.A. - PRUDENCIAL,3,106498.94
2025-01-01,3,RN,ITAU - PRUDENCIAL,2,6619.33
2025-01-01,3,RN,SANTANDER - PRUDENCIAL,8,42260.03
2025-01-01,3,RO,ITAU - PRUDENCIAL,3,4530.77
2025-01-01,3,RO,SANTANDER - PRUDENCIAL,2,68910.52
2025-01-01,3,RS,CAIXA ECONÔMICA FEDERAL - PRUDENCIAL,2,8554.82
2025-01-01,3,RS,ITAU - PRUDENCIAL,16,97660.01
2025-01-01,3,RS,SANTANDER - PRUDENCIAL,10,193121.21
2025-01-01,3,SC,CAIXA ECONÔMICA FEDERAL - PRUDENCIAL,3,58617.69
2025-01-01,3,SC,ITAU - PRUDENCIAL,4,17619.48
2025-01-01,3,SC,SANTANDER - PRUDENCIAL,2,54002.6
2025-01-01,3,SE,BCO DO NORDESTE DO BRASIL S.A. - PRUDENCIAL,1,57076.59
2025-01-01,3,SE,SANTANDER - PRUDENCIAL,2,20705.43
2025-01-01,3,SP,BB - PRUDENCIAL,2,163021.77
2025-01-01,3,SP,BRADESCO - PRUDENCIAL,7,159870.03
2025-01-01,3,SP,CAIXA ECONÔMICA FEDERAL - PRUDENCIAL,1,49882.07
2025-01-01,3,SP,ITAU - PRUDENCIAL,186,1798832.04
2025-01-01,3,SP,SANTANDER - PRUDENCIAL,168,2280186.61
2025-01-01,3,TO,ITAU - PRUDENCIAL,8,55104.98
2025-01-01,3,TO,SANTANDER - PRUDENCIAL,2,5561.05
2025-02-01,1,AC,BRADESCO - PRUDENCIAL,1,51.01
2025-02-01,1,AC,ITAU - PRUDENCIAL,1,51.77
2025-02-01,1,AC,NU PAGAMENTOS - PRUDENCIAL,7,257.95
2025-02-01,1,AC,SANTANDER - PRUDENCIAL,1,847.84
2025-02-01,1,AL,BMG - PRUDENCIAL,1,201.68
2025-02-01,1,AL,BTG PACTUAL - PRUDENCIAL,2,378.89
2025-02-01,1,AL,NU PAGAMENTOS - PRUDENCIAL,9,353.59
2025-02-01,1,AL,SANTANDER - PRUDENCIAL,3,2760.86
2025-02-01,1,AM,BB - PRUDENCIAL,2,241.83
2025-02-01,1,AM,BRADESCO - PRUDENCIAL,4,521.13
2025-02-01,1,AM,BTG PACTUAL - PRUDENCIAL,2,212.39
2025-02-01,1,AM,ITAU - PRUDENCIAL,1,75.14
2025-02-01,1,AM,NU PAGAMENTOS - PRUDENCIAL,18,1126.93
2025-02-01,1,AM,SANTANDER - PRUDENCIAL,19,36429.83
2025-02-01,1,AP,BB - PRUDENCIAL,1,201.22
2025-02-01,1,AP,NU PAGAMENTOS - PRUDENCIAL,2,254.19
2025-02-01,1,AP,SANTANDER - PRUDENCIAL,1,263.93
2025-02-01,1,BA,BB - PRUDENCIAL,1,82.1
2025-02-01,1,BA,BTG PACTUAL - PRUDENCIAL,2,267.18
2025-02-01,1,BA,INTER - PRUDENCIAL,3,389.46
2025-02-01,1,BA,ITAU - PRUDENCIAL,2,203.8
2025-02-01,1,BA,NU PAGAMENTOS - PRUDENCIAL,43,2306.24
2025-02-01,1,BA,SANTANDER - PRUDENCIAL,31,41070.26
2025-02-01,1,CE,BTG PACTUAL - PRUDENCIAL,3,389.97
2025-02-01,1,CE,INTER - PRUDENCIAL,7,874.31
2025-02-01,1,CE,ITAU - PRUDENCIAL,4,479.0
2025-02-01,1,CE,NU PAGAMENTOS - PRUDENCIAL,39,3009.82
2025-02-01,1,CE,SANTANDER - PRUDENCIAL,19,29995.18
2025-02-01,1,DF,BANCOOB - PRUDENCIAL,1,200.16
2025-02-01,1,DF,BTG PACTUAL - PRUDENCIAL,1,101.51
2025-02-01,1,DF,INTER - PRUDENCIAL,1,200.7
2025-02-01,1,DF,ITAU - PRUDENCIAL,1,103.58
2025-02-01,1,DF,NU PAGAMENTOS - PRUDENCIAL,18,1424.78
2025-02-01,1,DF,SANTANDER - PRUDENCIAL,11,19184.37
2025-02-01,1,ES,BANCO C6 - PRUDENCIAL,1,1.66
2025-02-01,1,ES,BRADESCO - PRUDENCIAL,1,27.38
2025-02-01,1,ES,BTG PACTUAL - PRUDENCIAL,1,201.49
2025-02-01,1,ES,INTER - PRUDENCIAL,1,342.18
2025-02-01,1,ES,ITAU - PRUDENCIAL,1,269.29
2025-02-01,1,ES,NU PAGAMENTOS - PRUDENCIAL,12,492.87
2025-02-01,1,ES,SANTANDER - PRUDENCIAL,9,12291.72
2025-02-01,1,GO,BB - PRUDENCIAL,2,117.26
2025-02-01,1,GO,BTG PACTUAL - PRUDENCIAL,3,211.84
2025-02-01,1,GO,INTER - PRUDENCIAL,1,249.36
2025-02-01,1,GO,ITAU - PRUDENCIAL,3,385.78
2025-02-01,1,GO,NU PAGAMENTOS - PRUDENCIAL,22,1562.51
2025-02-01,1,GO,SANTANDER - PRUDENCIAL,15,28603.53
2025-02-01,1,MA,BANCO C6 - PRUDENCIAL,1,204.92
2025-02-01,1,MA,BANCOOB - PRUDENCIAL,1,305.39
2025-02-01,1,MA,BB - PRUDENCIAL,1,24.09
2025-02-01,1,MA,BTG PACTUAL - PRUDENCIAL,3,480.22
2025-02-01,1,MA,NU PAGAMENTOS - PRUDENCIAL,16,1632.39
2025-02-01,1,MA,SANTANDER - PRUDENCIAL,11,18796.3
2025-02-01,1,MG,BANCO C6 - PRUDENCIAL,2,338.37
2025-02-01,1,MG,BANCOOB - PRUDENCIAL,3,195.13
2025-02-01,1,MG,BMG - PRUDENCIAL,1,200.89
2025-02-01,1,MG,BRADESCO - PRUDENCIAL,3,2915.1
2025-02-01,1,MG,BTG PACTUAL - PRUDENCIAL,9,1148.24
2025-02-01,1,MG,INTER - PRUDENCIAL,1,220.49
2025-02-01,1,MG,ITAU - PRUDENCIAL,9,1331.45
2025-02-01,1,MG,NU PAGAMENTOS - PRUDENCIAL,67,3807.35
2025-02-01,1,MG,SANTANDER - PRUDENCIAL,43,62816.76
2025-02-01,1,MS,NU PAGAMENTOS - PRUDENCIAL,23,1787.81
2025-02-01,1,MS,SANTANDER - PRUDENCIAL,6,8038.35
2025-02-01,1,MT,BANCO C6 - PRUDENCIAL,1,50.74
2025-02-01,1,MT,BB - PRUDENCIAL,1,50.76
2025-02-01,1,MT,BRADESCO - PRUDENCIAL,2,209.42
2025-02-01,1,MT,BTG PACTUAL - PRUDENCIAL,1,200.18
2025-02-01,1,MT,INTER - PRUDENCIAL,1,201.75
2025-02-01,1,MT,NU PAGAMENTOS - PRUDENCIAL,15,800.14
2025-02-01,1,MT,SANTANDER - PRUDENCIAL,4,4529.36
2025-02-01,1,PA,BB - PRUDENCIAL,1,24.65
2025-02-01,1,PA,BRADESCO - PRUDENCIAL,1,33.95
2025-02-01,1,PA,BTG PACTUAL - PRUDENCIAL,4,654.31
2025-02-01,1,PA,ITAU - PRUDENCIAL,1,202.66
2025-02-01,1,PA,NU PAGAMENTOS - PRUDENCIAL,26,1482.56
2025-02-01,1,PA,SANTANDER - PRUDENCIAL,13,15984.15
2025-02-01,1,PB,BTG PACTUAL - PRUDENCIAL,2,401.75
2025-02-01,1,PB,INTER - PRUDENCIAL,1,63.53
2025-02-01,1,PB,ITAU - PRUDENCIAL,1,51.9
2025-02-01,1,PB,NU PAGAMENTOS - PRUDENCIAL,18,1802.99
2025-02-01,1,PB,SANTANDER - PRUDENCIAL,9,13048.73
2025-02-01,1,PE,BB - PRUDENCIAL,3,470.55
2025-02-01,1,PE,BRADESCO - PRUDENCIAL,1,212.98
2025-02-01,1,PE,BTG PACTUAL - PRUDENCIAL,6,605.99
2025-02-01,1,PE,INTER - PRUDENCIAL,1,91.28
2025-02-01,1,PE,ITAU - PRUDENCIAL,4,627.19
2025-02-01,1,PE,NU PAGAMENTOS - PRUDENCIAL,23,1346.57
2025-02-01,1,PE,SANTANDER - PRUDENCIAL,20,37833.45
2025-02-01,1,PI,BTG PACTUAL - PRUDENCIAL,1,201.57
2025-02-01,1,PI,NU PAGAMENTOS - PRUDENCIAL,13,704.88
2025-02-01,1,PI,SANTANDER - PRUDENCIAL,5,5752.26
2025-02-01,1,PR,BANCO C6 - PRUDENCIAL,1,304.63
2025-02-01,1,PR,BANCOOB - PRUDENCIAL,1,208.74
2025-02-01,1,PR,BMG - PRUDENCIAL,1,202.02
2025-02-01,1,PR,BRADESCO - PRUDENCIAL,2,3600.77
2025-02-01,1,PR,BTG PACTUAL - PRUDENCIAL,5,608.5
2025-02-01,1,PR,INTER - PRUDENCIAL,6,844.77
2025-02-01,1,PR,ITAU - PRUDENCIAL,7,884.41
2025-02-01,1,PR,NU PAGAMENTOS - PRUDENCIAL,38,1680.98
2025-02-01,1,PR,SANTANDER - PRUDENCIAL,12,10257.0
2025-02-01,1,RJ,BB - PRUDENCIAL,4,526.98
2025-02-01,1,RJ,BRADESCO - PRUDENCIAL,5,657.74
2025-02-01,1,RJ,BTG PACTUAL - PRUDENCIAL,3,542.08
2025-02-01,1,RJ,INTER - PRUDENCIAL,3,558.6
2025-02-01,1,RJ,ITAU - PRUDENCIAL,10,989.16
2025-02-01,1,RJ,NU PAGAMENTOS - PRUDENCIAL,83,5082.98
2025-02-01,1,RJ,SANTANDER - PRUDENCIAL,63,95856.8
2025-02-01,1,RN,BB - PRUDENCIAL,1,26.7
2025-02-01,1,RN,BTG PACTUAL - PRUDENCIAL,1,125.81
2025-02-01,1,RN,INTER - PRUDENCIAL,1,200.64
2025-02-01,1,RN,ITAU - PRUDENCIAL,3,190.07
2025-02-01,1,RN,NU PAGAMENTOS - PRUDENCIAL,12,1121.86
2025-02-01,1,RN,SANTANDER - PRUDENCIAL,5,4726.67
2025-02-01,1,RO,ITAU - PRUDENCIAL,1,4.26
2025-02-01,1,RO,NU PAGAMENTOS - PRUDENCIAL,11,620.72
2025-02-01,1,RO,SANTANDER - PRUDENCIAL,7,13118.8
2025-02-01,1,RO,SICOOB AMAZÔNIA,1,204.5
2025-02-01,1,RR,BTG PACTUAL - PRUDENCIAL,1,106.4
2025-02-01,1,RR,NU PAGAMENTOS - PRUDENCIAL,4,87.22
2025-02-01,1,RR,SANTANDER - PRUDENCIAL,3,11390.09
2025-02-01,1,RS,BRADESCO - PRUDENCIAL,1,7.84
2025-02-01,1,RS,BTG PACTUAL - PRUDENCIAL,3,505.05
2025-02-01,1,RS,ITAU - PRUDENCIAL,2,54.98
2025-02-01,1,RS,NU PAGAMENTOS - PRUDENCIAL,41,2650.89
2025-02-01,1,RS,SANTANDER - PRUDENCIAL,16,25702.45
2025-02-01,1,SC,BB - PRUDENCIAL,1,46.97
2025-02-01,1,SC,BTG PACTUAL - PRUDENCIAL,2,297.08
2025-02-01,1,SC,INTER - PRUDENCIAL,1,103.92
2025-02-01,1,SC,ITAU - PRUDENCIAL,2,216.57
2025-02-01,1,SC,NU PAGAMENTOS - PRUDENCIAL,32,1757.89
2025-02-01,1,SC,SANTANDER - PRUDENCIAL,11,15512.8
2025-02-01,1,SE,BB - PRUDENCIAL,1,51.44
2025-02-01,1,SE,ITAU - PRUDENCIAL,1,161.91
2025-02-01,1,SE,NU PAGAMENTOS - PRUDENCIAL,3,217.86
2025-02-01,1,SE,SANTANDER - PRUDENCIAL,1,482.36
2025-02-01,1,SP,BANCO C6 - PRUDENCIAL,7,1378.51
2025-02-01,1,SP,BANCOOB - PRUDENCIAL,1,202.96
2025-02-01,1,SP,BB - PRUDENCIAL,8,746.3
2025-02-01,1,SP,BMG - PRUDENCIAL,1,200.25
2025-02-01,1,SP,BRADESCO - PRUDENCIAL,13,2356.53
2025-02-01,1,SP,BTG PACTUAL - PRUDENCIAL,25,3681.04
2025-02-01,1,SP,INTER - PRUDENCIAL,8,1317.53
2025-02-01,1,SP,ITAU - PRUDENCIAL,28,2998.65
2025-02-01,1,SP,NU PAGAMENTOS - PRUDENCIAL,222,14842.68
2025-02-01,1,SP,SANTANDER - PRUDENCIAL,136,174281.2
2025-02-01,1,TO,BB - PRUDENCIAL,1,161.26
2025-02-01,1,TO,NU PAGAMENTOS - PRUDENCIAL,2,113.41
2025-02-01,2,AL,VOTORANTIM - PRUDENCIAL,1,5776.2
2025-02-01,2,AM,BRADESCO - PRUDENCIAL,1,3482.04
2025-02-01,2,BA,BRADESCO - PRUDENCIAL,3,23396.81
2025-02-01,2,BA,VOTORANTIM - PRUDENCIAL,2,32157.37
2025-02-01,2,CE,BANCO C6 - PRUDENCIAL,2,868.92
2025-02-01,2,CE,BRADESCO - PRUDENCIAL,1,9146.13
2025-02-01,2,CE,VOTORANTIM - PRUDENCIAL,4,3200.56
2025-02-01,2,DF,BANCO C6 - PRUDENCIAL,1,75.85
2025-02-01,2,DF,BRADESCO - PRUDENCIAL,1,19841.31
2025-02-01,2,ES,CAIXA ECONÔMICA FEDERAL - PRUDENCIAL,1,69.01
2025-02-01,2,GO,VOTORANTIM - PRUDENCIAL,3,12122.57
2025-02-01,2,MA,BRADESCO - PRUDENCIAL,1,6560.86
2025-02-01,2,MA,VOTORANTIM - PRUDENCIAL,3,4923.15
2025-02-01,2,MG,BANCO C6 - PRUDENCIAL,1,209.29
2025-02-01,2,MG,BRADESCO - PRUDENCIAL,3,8030.17
2025-02-01,2,MG,VOTORANTIM - PRUDENCIAL,6,17384.38
2025-02-01,2,MS,BANCO C6 - PRUDENCIAL,1,284.6
2025-02-01,2,MS,BRADESCO - PRUDENCIAL,1,13900.73
2025-02-01,2,MS,VOTORANTIM - PRUDENCIAL,2,10116.57
2025-02-01,2,MT,VOTORANTIM - PRUDENCIAL,2,3948.37
2025-02-01,2,PA,BANCO C6 - PRUDENCIAL,1,211.87
2025-02-01,2,PA,BRADESCO - PRUDENCIAL,1,59.04
2025-02-01,2,PA,VOTORANTIM - PRUDENCIAL,1,738.6
2025-02-01,2,PE,BANCO C6 - PRUDENCIAL,1,201.57
2025-02-01,2,PI,BRADESCO - PRUDENCIAL,2,4850.13
2025-02-01,2,PR,BANCO C6 - PRUDENCIAL,2,2660.18
2025-02-01,2,PR,BRADESCO - PRUDENCIAL,2,7927.45
2025-02-01,2,PR,ITAU - PRUDENCIAL,1,7.6
2025-02-01,2,PR,VOTORANTIM - PRUDENCIAL,4,7119.2
2025-02-01,2,RJ,BANCO C6 - PRUDENCIAL,4,874.81
2025-02-01,2,RJ,BRADESCO - PRUDENCIAL,6,64166.24
2025-02-01,2,RN,BRADESCO - PRUDENCIAL,1,672.78
2025-02-01,2,RR,VOTORANTIM - PRUDENCIAL,1,10415.04
2025-02-01,2,RS,BANRISUL - PRUDENCIAL,1,203.37
2025-02-01,2,RS,BRADESCO - PRUDENCIAL,1,10936.53
2025-02-01,2,RS,SANTANDER - PRUDENCIAL,3,148.87
2025-02-01,2,RS,VOTORANTIM - PRUDENCIAL,6,22414.05
2025-02-01,2,SC,BRADESCO - PRUDENCIAL,2,7257.33
2025-02-01,2,SC,CAIXA ECONÔMICA FEDERAL - PRUDENCIAL,1,464.46
2025-02-01,2,SC,VOTORANTIM - PRUDENCIAL,7,34243.82
2025-02-01,2,SE,VOTORANTIM - PRUDENCIAL,2,4292.74
2025-02-01,2,SP,BANCO C6 - PRUDENCIAL,6,9015.84
2025-02-01,2,SP,BB - PRUDENCIAL,2,3641.32
2025-02-01,2,SP,BRADESCO - PRUDENCIAL,12,34155.17
2025-02-01,2,SP,ITAU - PRUDENCIAL,1,46.35
2025-02-01,2,SP,VOTORANTIM - PRUDENCIAL,20,45629.06
2025-02-01,3,AL,BCO DO NORDESTE DO BRASIL S.A. - PRUDENCIAL,1,21651.12
2025-02-01,3,AL,SANTANDER - PRUDENCIAL,1,4431.46
2025-02-01,3,AM,SANTANDER - PRUDENCIAL,1,20331.42
2025-02-01,3,AP,SANTANDER - PRUDENCIAL,1,90915.63
2025-02-01,3,BA,BCO DO NORDESTE DO BRASIL S.A. - PRUDENCIAL,3,130984.49
2025-02-01,3,BA,SANTANDER - PRUDENCIAL,14,497793.1
2025-02-01,3,CE,SANTANDER - PRUDENCIAL,5,267935.88
2025-02-01,3,GO,SANTANDER - PRUDENCIAL,5,162575.72
2025-02-01,3,MA,BCO DO NORDESTE DO BRASIL S.A. - PRUDENCIAL,2,44073.08
2025-02-01,3,MA,BRADESCO - PRUDENCIAL,1,779.71
2025-02-01,3,MA,SANTANDER - PRUDENCIAL,2,16556.23
2025-02-01,3,MG,SANTANDER - PRUDENCIAL,7,151061.03
2025-02-01,3,MS,SANTANDER - PRUDENCIAL,3,85386.76
2025-02-01,3,MT,SANTANDER - PRUDENCIAL,3,92975.99
2025-02-01,3,PB,SANTANDER - PRUDENCIAL,3,45415.69
2025-02-01,3,PE,SANTANDER - PRUDENCIAL,5,129545.31
2025-02-01,3,PI,BCO DO NORDESTE DO BRASIL S.A. - PRUDENCIAL,2,78479.23
2025-02-01,3,PR,SANTANDER - PRUDENCIAL,9,303193.9
2025-02-01,3,RJ,SANTANDER - PRUDENCIAL,12,403555.07
2025-02-01,3,RN,BCO DO NORDESTE DO BRASIL S.A. - PRUDENCIAL,2,17259.94
2025-02-01,3,RS,SANTANDER - PRUDENCIAL,7,168618.0
2025-02-01,3,SC,SANTANDER - PRUDENCIAL,1,23834.66
2025-02-01,3,SP,SANTANDER - PRUDENCIAL,45,1133604.9
2025-03-01,1,AC,CAIXA ECONÔMICA FEDERAL - PRUDENCIAL,301,198225.51
2025-03-01,1,AC,NU PAGAMENTOS - PRUDENCIAL,1,139.6
2025-03-01,1,AC,SANTANDER - PRUDENCIAL,8,3306.82
2025-03-01,1,AL,BANRISUL - PRUDENCIAL,1,1712.18
2025-03-01,1,AL,BB - PRUDENCIAL,1,21.7
2025-03-01,1,AL,BTG PACTUAL - PRUDENCIAL,3,423.75
2025-03-01,1,AL,CAIXA ECONÔMICA FEDERAL - PRUDENCIAL,978,550080.07
2025-03-01,1,AL,ITAU - PRUDENCIAL,1,212.88
2025-03-01,1,AL,NU PAGAMENTOS - PRUDENCIAL,1,52.91
2025-03-01,1,AL,SANTANDER - PRUDENCIAL,6,2780.13
2025-03-01,1,AM,BANRISUL - PRUDENCIAL,4,5223.19
2025-03-01,1,AM,CAIXA ECONÔMICA FEDERAL - PRUDENCIAL,1758,1113175.41
2025-03-01,1,AM,INTER - PRUDENCIAL,1,200.6
2025-03-01,1,AM,ITAU - PRUDENCIAL,3,337.1
2025-03-01,1,AM,NU PAGAMENTOS - PRUDENCIAL,6,2046.72
2025-03-01,1,AM,SANTANDER - PRUDENCIAL,30,32571.85
2025-03-01,1,AP,CAIXA ECONÔMICA FEDERAL - PRUDENCIAL,180,101373.89
2025-03-01,1,AP,NU PAGAMENTOS - PRUDENCIAL,2,1999.89
2025-03-01,1,AP,SANTANDER - PRUDENCIAL,1,547.61
2025-03-01,1,BA,BANCO C6 - PRUDENCIAL,1,188.9
2025-03-01,1,BA,BANCOOB - PRUDENCIAL,1,201.17
2025-03-01,1,BA,BANRISUL - PRUDENCIAL,7,11358.66
2025-03-01,1,BA,BB - PRUDENCIAL,3,154.76
2025-03-01,1,BA,BTG PACTUAL - PRUDENCIAL,3,506.18
2025-03-01,1,BA,CAIXA ECONÔMICA FEDERAL - PRUDENCIAL,3467,2056424.89
2025-03-01,1,BA,ITAU - PRUDENCIAL,5,1649.87
2025-03-01,1,BA,NU PAGAMENTOS - PRUDENCIAL,24,3186.65
2025-03-01,1,BA,SANTANDER - PRUDENCIAL,39,36528.11
2025-03-01,1,CE,BANRISUL - PRUDENCIAL,2,2673.46
2025-03-01,1,CE,BB - PRUDENCIAL,1,73.08
2025-03-01,1,CE,BRADESCO - PRUDENCIAL,1,77.03
2025-03-01,1,CE,CAIXA ECONÔMICA FEDERAL - PRUDENCIAL,2571,1393867.94
2025-03-01,1,CE,INTER - PRUDENCIAL,3,456.73
2025-03-01,1,CE,ITAU - PRUDENCIAL,1,261.53
2025-03-01,1,CE,NU PAGAMENTOS - PRUDENCIAL,11,1704.33
2025-03-01,1,CE,SANTANDER - PRUDENCIAL,35,45458.35
2025-03-01,1,DF,BANRISUL - PRUDENCIAL,3,9064.95
2025-03-01,1,DF,CAIXA ECONÔMICA FEDERAL - PRUDENCIAL,1039,661880.52
2025-03-01,1,DF,ITAU - PRUDENCIAL,1,200.08
2025-03-01,1,DF,NU PAGAMENTOS - PRUDENCIAL,6,1659.86
2025-03-01,1,DF,SANTANDER - PRUDENCIAL,17,10524.85
2025-03-01,1,ES,BANCO C6 - PRUDENCIAL,1,243.56
2025-03-01,1,ES,BANRISUL - PRUDENCIAL,3,5001.48
2025-03-01,1,ES,BTG PACTUAL - PRUDENCIAL,3,407.86
2025-03-01,1,ES,CAIXA ECONÔMICA FEDERAL - PRUDENCIAL,974,611331.87
2025-03-01,1,ES,ITAU - PRUDENCIAL,1,1.0
2025-03-01,1,ES,SANTANDER - PRUDENCIAL,14,14709.05
2025-03-01,1,GO,BANCO C6 - PRUDENCIAL,1,255.78
2025-03-01,1,GO,BANRISUL - PRUDENCIAL,1,499.34
2025-03-01,1,GO,BTG PACTUAL - PRUDENCIAL,1,113.94
2025-03-01,1,GO,CAIXA ECONÔMICA FEDERAL - PRUDENCIAL,1588,1002346.72
2025-03-01,1,GO,ITAU - PRUDENCIAL,4,430.96
2025-03-01,1,GO,NU PAGAMENTOS - PRUDENCIAL,6,1609.45
2025-03-01,1,GO,SANTANDER - PRUDENCIAL,24,17053.0
2025-03-01,1,MA,BB - PRUDENCIAL,1,46.28
2025-03-01,1,MA,BRADESCO - PRUDENCIAL,1,1215.22
2025-03-01,1,MA,BTG PACTUAL - PRUDENCIAL,1,188.47
2025-03-01,1,MA,CAIXA ECONÔMICA FEDERAL - PRUDENCIAL,1128,605532.9
2025-03-01,1,MA,ITAU - PRUDENCIAL,1,216.85
2025-03-01,1,MA,NU PAGAMENTOS - PRUDENCIAL,6,1131.61
2025-03-01,1,MA,SANTANDER - PRUDENCIAL,6,15180.87
2025-03-01,1,MG,BANRISUL - PRUDENCIAL,12,16317.33
2025-03-01,1,MG,BRADESCO - PRUDENCIAL,3,89.45
2025-03-01,1,MG,BTG PACTUAL - PRUDENCIAL,4,518.02
2025-03-01,1,MG,CAIXA ECONÔMICA FEDERAL - PRUDENCIAL,5604,3636816.79
2025-03-01,1,MG,INTER - PRUDENCIAL,3,658.37
2025-03-01,1,MG,ITAU - PRUDENCIAL,9,425.97
2025-03-01,1,MG,NU PAGAMENTOS - PRUDENCIAL,20,5652.02
2025-03-01,1,MG,SANTANDER - PRUDENCIAL,58,60489.88
2025-03-01,1,MS,BANRISUL - PRUDENCIAL,2,1198.07
2025-03-01,1,MS,BMG - PRUDENCIAL,1,201.93
2025-03-01,1,MS,BRADESCO - PRUDENCIAL,2,12.36
2025-03-01,1,MS,BTG PACTUAL - PRUDENCIAL,2,248.39
2025-03-01,1,MS,CAIXA ECONÔMICA FEDERAL - PRUDENCIAL,1145,698755.43
2025-03-01,1,MS,INTER - PRUDENCIAL,1,137.6
2025-03-01,1,MS,ITAU - PRUDENCIAL,3,521.58
2025-03-01,1,MS,NU PAGAMENTOS - PRUDENCIAL,4,414.12
2025-03-01,1,MS,SANTANDER - PRUDENCIAL,12,5981.86
2025-03-01,1,MT,BB - PRUDENCIAL,1,202.8
2025-03-01,1,MT,BMG - PRUDENCIAL,1,201.8
2025-03-01,1,MT,BTG PACTUAL - PRUDENCIAL,3,481.69
2025-03-01,1,MT,CAIXA ECONÔMICA FEDERAL - PRUDENCIAL,770,581242.32
2025-03-01,1,MT,CCLA NORTE DE MATO GROSSO - SICOOB NORTE MT,1,26.87
2025-03-01,1,MT,NU PAGAMENTOS - PRUDENCIAL,8,5495.91
2025-03-01,1,MT,SANTANDER - PRUDENCIAL,8,6035.12
2025-03-01,1,PA,BANRISUL - PRUDENCIAL,1,4644.86
2025-03-01,1,PA,CAIXA ECONÔMICA FEDERAL - PRUDENCIAL,1816,961232.49
2025-03-01,1,PA,ITAU - PRUDENCIAL,1,1.0
2025-03-01,1,PA,NU PAGAMENTOS - PRUDENCIAL,9,1416.28
2025-03-01,1,PA,SANTANDER - PRUDENCIAL,11,14311.65
2025-03-01,1,PB,BANRISUL - PRUDENCIAL,2,1348.22
2025-03-01,1,PB,BTG PACTUAL - PRUDENCIAL,1,52.56
2025-03-01,1,PB,CAIXA ECONÔMICA FEDERAL - PRUDENCIAL,1120,621258.0
2025-03-01,1,PB,INTER - PRUDENCIAL,1,200.68
2025-03-01,1,PB,NU PAGAMENTOS - PRUDENCIAL,4,1244.56
2025-03-01,1,PB,SANTANDER - PRUDENCIAL,9,7990.08
2025-03-01,1,PE,BANCO C6 - PRUDENCIAL,2,575.82
2025-03-01,1,PE,BANRISUL - PRUDENCIAL,1,247.03
2025-03-01,1,PE,BB - PRUDENCIAL,2,153.42
2025-03-01,1,PE,BRADESCO - PRUDENCIAL,2,300.29
2025-03-01,1,PE,BTG PACTUAL - PRUDENCIAL,1,76.12
2025-03-01,1,PE,CAIXA ECONÔMICA FEDERAL - PRUDENCIAL,2582,1453464.64
2025-03-01,1,PE,ITAU - PRUDENCIAL,2,467.94
2025-03-01,1,PE,NU PAGAMENTOS - PRUDENCIAL,8,4038.57
2025-03-01,1,PE,SANTANDER - PRUDENCIAL,38,26728.3
2025-03-01,1,PI,BANCO C6 - PRUDENCIAL,1,208.37
2025-03-01,1,PI,BANRISUL - PRUDENCIAL,2,5858.94
2025-03-01,1,PI,BTG PACTUAL - PRUDENCIAL,1,190.16
2025-03-01,1,PI,CAIXA ECONÔMICA FEDERAL - PRUDENCIAL,933,565074.5
2025-03-01,1,PI,NU PAGAMENTOS - PRUDENCIAL,2,3614.48
2025-03-01,1,PI,SANTANDER - PRUDENCIAL,6,8251.48
2025-03-01,1,PR,BANRISUL - PRUDENCIAL,4,5520.92
2025-03-01,1,PR,BRADESCO - PRUDENCIAL,1,202.43
2025-03-01,1,PR,BTG PACTUAL - PRUDENCIAL,3,297.43
2025-03-01,1,PR,CAIXA ECONÔMICA FEDERAL - PRUDENCIAL,2441,1489522.97
2025-03-01,1,PR,ITAU - PRUDENCIAL,4,874.82
2025-03-01,1,PR,NU PAGAMENTOS - PRUDENCIAL,14,1849.83
2025-03-01,1,PR,SANTANDER - PRUDENCIAL,31,25589.94
2025-03-01,1,RJ,BANRISUL - PRUDENCIAL,10,13004.2
2025-03-01,1,RJ,BB - PRUDENCIAL,3,475.41
2025-03-01,1,RJ,BMG - PRUDENCIAL,1,203.04
2025-03-01,1,RJ,BRADESCO - PRUDENCIAL,3,284.56
2025-03-01,1,RJ,BTG PACTUAL - PRUDENCIAL,3,465.15
2025-03-01,1,RJ,CAIXA ECONÔMICA FEDERAL - PRUDENCIAL,6202,3490374.94
2025-03-01,1,RJ,INTER - PRUDENCIAL,4,297.84
2025-03-01,1,RJ,ITAU - PRUDENCIAL,13,1762.38
2025-03-01,1,RJ,NU PAGAMENTOS - PRUDENCIAL,34,5714.73
2025-03-01,1,RJ,SANTANDER - PRUDENCIAL,108,113020.1
2025-03-01,1,RN,BANRISUL - PRUDENCIAL,2,1741.21
2025-03-01,1,RN,BB - PRUDENCIAL,4,323.37
2025-03-01,1,RN,BTG PACTUAL - PRUDENCIAL,1,114.84
2025-03-01,1,RN,CAIXA ECONÔMICA FEDERAL - PRUDENCIAL,841,457714.46
2025-03-01,1,RN,INTER - PRUDENCIAL,1,49.78
2025-03-01,1,RN,NU PAGAMENTOS - PRUDENCIAL,2,58.87
2025-03-01,1,RN,SANTANDER - PRUDENCIAL,12,28333.36
2025-03-01,1,RO,BANCOOB - PRUDENCIAL,1,215.26
2025-03-01,1,RO,CAIXA ECONÔMICA FEDERAL - PRUDENCIAL,612,406054.22
2025-03-01,1,RO,NU PAGAMENTOS - PRUDENCIAL,2,2317.05
2025-03-01,1,RO,SANTANDER - PRUDENCIAL,4,3399.85
2025-03-01,1,RR,BB - PRUDENCIAL,1,21.13
2025-03-01,1,RR,CAIXA ECONÔMICA FEDERAL - PRUDENCIAL,169,92101.99
2025-03-01,1,RR,INTER - PRUDENCIAL,1,186.54
2025-03-01,1,RR,NU PAGAMENTOS - PRUDENCIAL,1,202.08
2025-03-01,1,RR,SANTANDER - PRUDENCIAL,4,1293.58
2025-03-01,1,RS,BANCO C6 - PRUDENCIAL,1,222.35
2025-03-01,1,RS,BANRISUL - PRUDENCIAL,394,480298.03
2025-03-01,1,RS,BB - PRUDENCIAL,1,13.23
2025-03-01,1,RS,BTG PACTUAL - PRUDENCIAL,2,252.92
2025-03-01,1,RS,CAIXA ECONÔMICA FEDERAL - PRUDENCIAL,3263,1925601.68
2025-03-01,1,RS,INTER - PRUDENCIAL,1,201.61
2025-03-01,1,RS,ITAU - PRUDENCIAL,4,410.56
2025-03-01,1,RS,NU PAGAMENTOS - PRUDENCIAL,10,4558.74
2025-03-01,1,RS,SANTANDER - PRUDENCIAL,49,46519.6
2025-03-01,1,SC,BANCO C6 - PRUDENCIAL,1,439.35
2025-03-01,1,SC,BANRISUL - PRUDENCIAL,10,9478.49
2025-03-01,1,SC,BRADESCO - PRUDENCIAL,4,902.9
2025-03-01,1,SC,CAIXA ECONÔMICA FEDERAL - PRUDENCIAL,1325,918350.01
2025-03-01,1,SC,ITAU - PRUDENCIAL,2,283.78
2025-03-01,1,SC,NU PAGAMENTOS - PRUDENCIAL,6,387.34
2025-03-01,1,SC,SANTANDER - PRUDENCIAL,20,22710.07
2025-03-01,1,SE,BANCO C6 - PRUDENCIAL,1,203.59
2025-03-01,1,SE,BANRISUL - PRUDENCIAL,1,3313.36
2025-03-01,1,SE,CAIXA ECONÔMICA FEDERAL - PRUDENCIAL,598,357662.87
2025-03-01,1,SE,NU PAGAMENTOS - PRUDENCIAL,1,1277.08
2025-03-01,1,SE,SANTANDER - PRUDENCIAL,3,416.01
2025-03-01,1,SP,BANCO C6 - PRUDENCIAL,2,389.46
2025-03-01,1,SP,BANRISUL - PRUDENCIAL,20,27982.46
2025-03-01,1,SP,BB - PRUDENCIAL,5,543.26
2025-03-01,1,SP,BRADESCO - PRUDENCIAL,14,3016.77
2025-03-01,1,SP,BTG PACTUAL - PRUDENCIAL,22,3490.83
2025-03-01,1,SP,INTER - PRUDENCIAL,7,1145.93
2025-03-01,1,SP,ITAU - PRUDENCIAL,31,4210.0
2025-03-01,1,SP,NU PAGAMENTOS - PRUDENCIAL,76,27068.57
2025-03-01,1,SP,SANTANDER - PRUDENCIAL,234,177527.49
2025-03-01,1,SP,VOTORANTIM - PRUDENCIAL,1,200.74
2025-03-01,1,TO,CAIXA ECONÔMICA FEDERAL - PRUDENCIAL,244,155076.51
2025-03-01,1,TO,SANTANDER - PRUDENCIAL,4,2583.41
2025-03-01,2,AC,BANCO C6 - PRUDENCIAL,1,201.29
2025-03-01,2,AC,BRADESCO - PRUDENCIAL,1,3510.77
2025-03-01,2,AM,BANCO C6 - PRUDENCIAL,1,130.34
2025-03-01,2,AM,BRADESCO - PRUDENCIAL,1,34.97
2025-03-01,2,AP,VOTORANTIM - PRUDENCIAL,1,4450.62
2025-03-01,2,BA,BCO DO NORDESTE DO BRASIL S.A. - PRUDENCIAL,2,61007.97
2025-03-01,2,BA,VOTORANTIM - PRUDENCIAL,4,5709.41
2025-03-01,2,CE,BANCO C6 - PRUDENCIAL,2,4408.57
2025-03-01,2,CE,BCO DO NORDESTE DO BRASIL S.A. - PRUDENCIAL,3,5805.89
2025-03-01,2,CE,BRADESCO - PRUDENCIAL,2,18641.59
2025-03-01,2,CE,VOTORANTIM - PRUDENCIAL,3,1605.98
2025-03-01,2,DF,VOTORANTIM - PRUDENCIAL,2,15045.36
2025-03-01,2,ES,BRADESCO - PRUDENCIAL,1,8404.72
2025-03-01,2,ES,VOTORANTIM - PRUDENCIAL,2,5168.51
2025-03-01,2,GO,BRADESCO - PRUDENCIAL,2,31360.54
2025-03-01,2,GO,VOTORANTIM - PRUDENCIAL,1,313.8
2025-03-01,2,MA,BB - PRUDENCIAL,1,1554.83
2025-03-01,2,MA,BCO DO NORDESTE DO BRASIL S.A. - PRUDENCIAL,1,2407.61
2025-03-01,2,MA,VOTORANTIM - PRUDENCIAL,2,3207.8
2025-03-01,2,MG,VOTORANTIM - PRUDENCIAL,3,19002.83
2025-03-01,2,MS,BRADESCO - PRUDENCIAL,1,4355.58
2025-03-01,2,MT,VOTORANTIM - PRUDENCIAL,2,4568.62
2025-03-01,2,PA,VOTORANTIM - PRUDENCIAL,2,14732.24
2025-03-01,2,PB,VOTORANTIM - PRUDENCIAL,3,9367.82
2025-03-01,2,PE,BANCO C6 - PRUDENCIAL,1,218.08
2025-03-01,2,PE,VOTORANTIM - PRUDENCIAL,3,2345.06
2025-03-01,2,PI,VOTORANTIM - PRUDENCIAL,2,3033.45
2025-03-01,2,PR,BANCO C6 - PRUDENCIAL,1,179.85
2025-03-01,2,PR,BRADESCO - PRUDENCIAL,1,245.33
2025-03-01,2,PR,VOTORANTIM - PRUDENCIAL,6,11476.51
2025-03-01,2,RJ,BANCO C6 - PRUDENCIAL,3,534.24
2025-03-01,2,RJ,VOTORANTIM - PRUDENCIAL,9,12219.57
2025-03-01,2,RN,VOTORANTIM - PRUDENCIAL,2,4332.39
2025-03-01,2,RO,BRADESCO - PRUDENCIAL,1,6869.43
2025-03-01,2,RS,BRADESCO - PRUDENCIAL,2,2906.14
2025-03-01,2,RS,VOTORANTIM - PRUDENCIAL,7,15423.16
2025-03-01,2,SC,BANCO C6 - PRUDENCIAL,2,1043.59
2025-03-01,2,SC,BRADESCO - PRUDENCIAL,3,47962.12
2025-03-01,2,SC,VOTORANTIM - PRUDENCIAL,7,24766.83
2025-03-01,2,SE,BRADESCO - PRUDENCIAL,2,5125.78
2025-03-01,2,SP,BANCO C6 - PRUDENCIAL,3,1082.57
2025-03-01,2,SP,BRADESCO - PRUDENCIAL,3,59956.8
2025-03-01,2,SP,CAIXA ECONÔMICA FEDERAL - PRUDENCIAL,1,367.33
2025-03-01,2,SP,ITAU - PRUDENCIAL,1,118.19
2025-03-01,2,SP,VOTORANTIM - PRUDENCIAL,36,71406.16
2025-03-01,3,AL,SANTANDER - PRUDENCIAL,1,8575.87
2025-03-01,3,AP,SANTANDER - PRUDENCIAL,4,124250.33
2025-03-01,3,BA,BCO DO NORDESTE DO BRASIL S.A. - PRUDENCIAL,1,126786.7
2025-03-01,3,BA,SANTANDER - PRUDENCIAL,8,156487.59
2025-03-01,3,CE,SANTANDER - PRUDENCIAL,2,14948.35
2025-03-01,3,DF,SANTANDER - PRUDENCIAL,1,159761.05
2025-03-01,3,ES,SANTANDER - PRUDENCIAL,4,31201.84
2025-03-01,3,GO,SANTANDER - PRUDENCIAL,4,121596.43
2025-03-01,3,MA,SANTANDER - PRUDENCIAL,4,35286.1
2025-03-01,3,MG,SANTANDER - PRUDENCIAL,2,4095.02
2025-03-01,3,MS,SANTANDER - PRUDENCIAL,1,22323.21
2025-03-01,3,MT,SANTANDER - PRUDENCIAL,2,92726.59
2025-03-01,3,PA,SANTANDER - PRUDENCIAL,1,58835.3
2025-03-01,3,PB,SANTANDER - PRUDENCIAL,2,114152.7
2025-03-01,3,PE,BCO DO NORDESTE DO BRASIL S.A. - PRUDENCIAL,1,2386.99
2025-03-01,3,PE,SANTANDER - PRUDENCIAL,13,178192.47
2025-03-01,3,PI,SANTANDER - PRUDENCIAL,1,16899.53
2025-03-01,3,PR,SANTANDER - PRUDENCIAL,8,141402.16
2025-03-01,3,RJ,SANTANDER - PRUDENCIAL,14,164511.73
2025-03-01,3,RN,SANTANDER - PRUDENCIAL,1,1271.23
2025-03-01,3,RS,SANTANDER - PRUDENCIAL,9,54326.34
2025-03-01,3,SC,SANTANDER - PRUDENCIAL,3,67491.0
2025-03-01,3,SP,SANTANDER - PRUDENCIAL,41,639914.44
2025-04-01,1,AC,BB - PRUDENCIAL,1,68.58
2025-04-01,1,AC,NU PAGAMENTOS - PRUDENCIAL,4,2347.49
2025-04-01,1,AC,SANTANDER - PRUDENCIAL,1,3637.71
2025-04-01,1,AL,NU PAGAMENTOS - PRUDENCIAL,8,5158.22
2025-04-01,1,AL,SANTANDER - PRUDENCIAL,7,2025.98
2025-04-01,1,AM,BRADESCO - PRUDENCIAL,1,8.87
2025-04-01,1,AM,BTG PACTUAL - PRUDENCIAL,1,101.43
2025-04-01,1,AM,ITAU - PRUDENCIAL,5,924.8
2025-04-01,1,AM,NU PAGAMENTOS - PRUDENCIAL,15,10976.13
2025-04-01,1,AM,SANTANDER - PRUDENCIAL,16,20633.91
2025-04-01,1,AP,NU PAGAMENTOS - PRUDENCIAL,1,543.29
2025-04-01,1,AP,SANTANDER - PRUDENCIAL,1,92.87
2025-04-01,1,BA,BB - PRUDENCIAL,3,123.27
2025-04-01,1,BA,BRADESCO - PRUDENCIAL,1,108.63
2025-04-01,1,BA,BTG PACTUAL - PRUDENCIAL,10,1350.72
2025-04-01,1,BA,INTER - PRUDENCIAL,1,66.68
2025-04-01,1,BA,ITAU - PRUDENCIAL,2,445.07
2025-04-01,1,BA,NU PAGAMENTOS - PRUDENCIAL,25,16633.0
2025-04-01,1,BA,SANTANDER - PRUDENCIAL,21,23281.95
2025-04-01,1,CE,BANCO C6 - PRUDENCIAL,2,236.82
2025-04-01,1,CE,BB - PRUDENCIAL,7,342.24
2025-04-01,1,CE,BRADESCO - PRUDENCIAL,1,0.02
2025-04-01,1,CE,BTG PACTUAL - PRUDENCIAL,2,226.96
2025-04-01,1,CE,ITAU - PRUDENCIAL,2,490.02
2025-04-01,1,CE,NU PAGAMENTOS - PRUDENCIAL,27,18305.04
2025-04-01,1,CE,SANTANDER - PRUDENCIAL,21,14615.09
2025-04-01,1,DF,BB - PRUDENCIAL,1,26.15
2025-04-01,1,DF,BTG PACTUAL - PRUDENCIAL,2,337.92
2025-04-01,1,DF,INTER - PRUDENCIAL,1,150.95
2025-04-01,1,DF,ITAU - PRUDENCIAL,1,202.76
2025-04-01,1,DF,NU PAGAMENTOS - PRUDENCIAL,9,3405.89
2025-04-01,1,DF,SANTANDER - PRUDENCIAL,7,17562.17
2025-04-01,1,ES,INTER - PRUDENCIAL,2,252.19
2025-04-01,1,ES,ITAU - PRUDENCIAL,1,52.15
2025-04-01,1,ES,NU PAGAMENTOS - PRUDENCIAL,5,1808.27
2025-04-01,1,ES,SANTANDER - PRUDENCIAL,5,5289.81
2025-04-01,1,GO,BRADESCO - PRUDENCIAL,1,1222.46
2025-04-01,1,GO,BTG PACTUAL - PRUDENCIAL,3,415.99
2025-04-01,1,GO,ITAU - PRUDENCIAL,6,1483.7
2025-04-01,1,GO,NU PAGAMENTOS - PRUDENCIAL,15,8361.5
2025-04-01,1,GO,SANTANDER - PRUDENCIAL,14,11049.07
2025-04-01,1,MA,BB - PRUDENCIAL,2,151.13
2025-04-01,1,MA,NU PAGAMENTOS - PRUDENCIAL,11,3915.73
2025-04-01,1,MA,SANTANDER - PRUDENCIAL,3,4158.39
2025-04-01,1,MG,BANCO C6 - PRUDENCIAL,1,114.67
2025-04-01,1,MG,BB - PRUDENCIAL,2,102.77
2025-04-01,1,MG,BMG - PRUDENCIAL,1,200.08
2025-04-01,1,MG,BRADESCO - PRUDENCIAL,2,368.49
2025-04-01,1,MG,BTG PACTUAL - PRUDENCIAL,4,536.67
2025-04-01,1,MG,INTER - PRUDENCIAL,2,353.4
2025-04-01,1,MG,ITAU - PRUDENCIAL,7,931.65
2025-04-01,1,MG,NU PAGAMENTOS - PRUDENCIAL,41,21885.98
2025-04-01,1,MG,SANTANDER - PRUDENCIAL,35,26120.13
2025-04-01,1,MS,BB - PRUDENCIAL,1,50.77
2025-04-01,1,MS,BRADESCO - PRUDENCIAL,2,142.91
2025-04-01,1,MS,BTG PACTUAL - PRUDENCIAL,3,376.37
2025-04-01,1,MS,NU PAGAMENTOS - PRUDENCIAL,10,10418.8
2025-04-01,1,MS,SANTANDER - PRUDENCIAL,6,3938.09
2025-04-01,1,MT,BANCO C6 - PRUDENCIAL,1,5.25
2025-04-01,1,MT,BB - PRUDENCIAL,1,202.2
2025-04-01,1,MT,BRADESCO - PRUDENCIAL,2,43.69
2025-04-01,1,MT,BTG PACTUAL - PRUDENCIAL,1,54.13
2025-04-01,1,MT,NU PAGAMENTOS - PRUDENCIAL,14,12848.3
2025-04-01,1,MT,SANTANDER - PRUDENCIAL,8,5608.53
2025-04-01,1,PA,BANCO C6 - PRUDENCIAL,1,104.56
2025-04-01,1,PA,BB - PRUDENCIAL,1,51.91
2025-04-01,1,PA,BTG PACTUAL - PRUDENCIAL,1,110.34
2025-04-01,1,PA,ITAU - PRUDENCIAL,1,254.23
2025-04-01,1,PA,NU PAGAMENTOS - PRUDENCIAL,21,24500.22
2025-04-01,1,PA,SANTANDER - PRUDENCIAL,5,1430.2
2025-04-01,1,PB,BB - PRUDENCIAL,2,233.7
2025-04-01,1,PB,BTG PACTUAL - PRUDENCIAL,1,157.29
2025-04-01,1,PB,INTER - PRUDENCIAL,1,72.1
2025-04-01,1,PB,NU PAGAMENTOS - PRUDENCIAL,5,5045.98
2025-04-01,1,PB,SANTANDER - PRUDENCIAL,7,10529.37
2025-04-01,1,PE,BANCO C6 - PRUDENCIAL,1,209.86
2025-04-01,1,PE,BB - PRUDENCIAL,1,1.15
2025-04-01,1,PE,BMG - PRUDENCIAL,1,200.29
2025-04-01,1,PE,BRADESCO - PRUDENCIAL,1,8.24
2025-04-01,1,PE,BTG PACTUAL - PRUDENCIAL,1,165.53
2025-04-01,1,PE,INTER - PRUDENCIAL,1,200.97
2025-04-01,1,PE,ITAU - PRUDENCIAL,2,303.73
2025-04-01,1,PE,NU PAGAMENTOS - PRUDENCIAL,28,12818.87
2025-04-01,1,PE,SANTANDER - PRUDENCIAL,16,18334.28
2025-04-01,1,PI,BB - PRUDENCIAL,2,117.99
2025-04-01,1,PI,BRADESCO - PRUDENCIAL,1,220.84
2025-04-01,1,PI,BTG PACTUAL - PRUDENCIAL,2,363.43
2025-04-01,1,PI,NU PAGAMENTOS - PRUDENCIAL,9,17101.47
2025-04-01,1,PI,SANTANDER - PRUDENCIAL,1,57.34
2025-04-01,1,PR,BANCOOB - PRUDENCIAL,1,545.9
2025-04-01,1,PR,BB - PRUDENCIAL,2,109.21
2025-04-01,1,PR,BRADESCO - PRUDENCIAL,1,201.83
2025-04-01,1,PR,BTG PACTUAL - PRUDENCIAL,3,401.45
2025-04-01,1,PR,INTER - PRUDENCIAL,2,219.57
2025-04-01,1,PR,ITAU - PRUDENCIAL,4,331.3
2025-04-01,1,PR,NU PAGAMENTOS - PRUDENCIAL,22,22707.3
2025-04-01,1,PR,SANTANDER - PRUDENCIAL,11,15507.04
2025-04-01,1,RJ,BANCO C6 - PRUDENCIAL,2,160.25
2025-04-01,1,RJ,BB - PRUDENCIAL,9,724.63
2025-04-01,1,RJ,BMG - PRUDENCIAL,1,201.76
2025-04-01,1,RJ,BRADESCO - PRUDENCIAL,2,235.02
2025-04-01,1,RJ,BTG PACTUAL - PRUDENCIAL,9,1287.75
2025-04-01,1,RJ,INTER - PRUDENCIAL,2,154.22
2025-04-01,1,RJ,ITAU - PRUDENCIAL,13,1571.5
2025-04-01,1,RJ,NU PAGAMENTOS - PRUDENCIAL,53,21342.74
2025-04-01,1,RJ,SANTANDER - PRUDENCIAL,62,63745.33
2025-04-01,1,RN,BRADESCO - PRUDENCIAL,1,19.75
2025-04-01,1,RN,BTG PACTUAL - PRUDENCIAL,2,374.69
2025-04-01,1,RN,ITAU - PRUDENCIAL,1,51.9
2025-04-01,1,RN,NU PAGAMENTOS - PRUDENCIAL,6,3114.89
2025-04-01,1,RN,SANTANDER - PRUDENCIAL,7,4476.8
2025-04-01,1,RO,BB - PRUDENCIAL,1,200.38
2025-04-01,1,RO,NU PAGAMENTOS - PRUDENCIAL,6,1057.84
2025-04-01,1,RO,SANTANDER - PRUDENCIAL,5,5934.8
2025-04-01,1,RR,NU PAGAMENTOS - PRUDENCIAL,2,1744.74
2025-04-01,1,RR,SANTANDER - PRUDENCIAL,2,1742.89
2025-04-01,1,RS,BANCO C6 - PRUDENCIAL,1,122.67
2025-04-01,1,RS,BANRISUL - PRUDENCIAL,1,2061.53
2025-04-01,1,RS,BB - PRUDENCIAL,1,73.88
2025-04-01,1,RS,BTG PACTUAL - PRUDENCIAL,3,531.49
2025-04-01,1,RS,INTER - PRUDENCIAL,1,202.82
2025-04-01,1,RS,ITAU - PRUDENCIAL,5,514.3
2025-04-01,1,RS,NU PAGAMENTOS - PRUDENCIAL,22,15813.08
2025-04-01,1,RS,SANTANDER - PRUDENCIAL,25,24563.23
2025-04-01,1,SC,BB - PRUDENCIAL,2,119.06
2025-04-01,1,SC,BRADESCO - PRUDENCIAL,4,464.23
2025-04-01,1,SC,BTG PACTUAL - PRUDENCIAL,3,461.6
2025-04-01,1,SC,ITAU - PRUDENCIAL,1,216.15
2025-04-01,1,SC,NU PAGAMENTOS - PRUDENCIAL,11,7519.31
2025-04-01,1,SC,SANTANDER - PRUDENCIAL,15,15799.09
2025-04-01,1,SE,NU PAGAMENTOS - PRUDENCIAL,4,808.2
2025-04-01,1,SE,SANTANDER - PRUDENCIAL,3,2182.73
2025-04-01,1,SP,BANCO C6 - PRUDENCIAL,3,704.97
2025-04-01,1,SP,BB - PRUDENCIAL,10,441.69
2025-04-01,1,SP,BMG - PRUDENCIAL,1,201.04
2025-04-01,1,SP,BRADESCO - PRUDENCIAL,11,1851.32
2025-04-01,1,SP,BTG PACTUAL - PRUDENCIAL,14,1847.63
2025-04-01,1,SP,INTER - PRUDENCIAL,3,579.53
2025-04-01,1,SP,ITAU - PRUDENCIAL,32,4875.48
2025-04-01,1,SP,NU PAGAMENTOS - PRUDENCIAL,131,70245.29
2025-04-01,1,SP,SANTANDER - PRUDENCIAL,138,144187.24
2025-04-01,1,TO,ITAU - PRUDENCIAL,1,209.25
2025-04-01,1,TO,NU PAGAMENTOS - PRUDENCIAL,3,3890.54
2025-04-01,1,TO,SANTANDER - PRUDENCIAL,2,5915.85
2025-04-01,2,AM,BRADESCO - PRUDENCIAL,1,3381.61
2025-04-01,2,BA,BANCO C6 - PRUDENCIAL,2,371.73
2025-04-01,2,BA,BCO DO NORDESTE DO BRASIL S.A. - PRUDENCIAL,9,53051.28
2025-04-01,2,BA,BRADESCO - PRUDENCIAL,1,436.68
2025-04-01,2,BA,VOTORANTIM - PRUDENCIAL,1,2587.08
2025-04-01,2,CE,VOTORANTIM - PRUDENCIAL,5,11136.24
2025-04-01,2,ES,VOTORANTIM - PRUDENCIAL,2,1695.57
2025-04-01,2,GO,BRADESCO - PRUDENCIAL,1,4172.26
2025-04-01,2,GO,ITAU - PRUDENCIAL,1,82.71
2025-04-01,2,MA,BRADESCO - PRUDENCIAL,1,1048.83
2025-04-01,2,MG,BANCO C6 - PRUDENCIAL,1,225.8
2025-04-01,2,MG,BRADESCO - PRUDENCIAL,4,41833.7
2025-04-01,2,MG,VOTORANTIM - PRUDENCIAL,12,30381.41
2025-04-01,2,MS,VOTORANTIM - PRUDENCIAL,4,28504.69
2025-04-01,2,MT,BRADESCO - PRUDENCIAL,1,31650.93
2025-04-01,2,PA,BRADESCO - PRUDENCIAL,2,7135.14
2025-04-01,2,PA,VOTORANTIM - PRUDENCIAL,1,5523.76
2025-04-01,2,PB,BANCO C6 - PRUDENCIAL,1,255.87
2025-04-01,2,PB,BCO DO NORDESTE DO BRASIL S.A. - PRUDENCIAL,3,42864.74
2025-04-01,2,PB,BRADESCO - PRUDENCIAL,2,41683.81
2025-04-01,2,PB,VOTORANTIM - PRUDENCIAL,1,2425.5
2025-04-01,2,PE,BANCO C6 - PRUDENCIAL,1,348.99
2025-04-01,2,PE,BCO DO NORDESTE DO BRASIL S.A. - PRUDENCIAL,4,21785.12
2025-04-01,2,PE,BRADESCO - PRUDENCIAL,1,1081.09
2025-04-01,2,PE,VOTORANTIM - PRUDENCIAL,1,512.9
2025-04-01,2,PR,BANCO C6 - PRUDENCIAL,3,663.25
2025-04-01,2,PR,VOTORANTIM - PRUDENCIAL,11,23491.34
2025-04-01,2,RJ,BANCO C6 - PRUDENCIAL,2,573.53
2025-04-01,2,RJ,BRADESCO - PRUDENCIAL,3,7317.35
2025-04-01,2,RJ,ITAU - PRUDENCIAL,2,20.4
2025-04-01,2,RJ,VOTORANTIM - PRUDENCIAL,4,3325.74
2025-04-01,2,RN,BRADESCO - PRUDENCIAL,1,2773.04
2025-04-01,2,RN,VOTORANTIM - PRUDENCIAL,1,3052.02
2025-04-01,2,RO,BANCO C6 - PRUDENCIAL,1,234.07
2025-04-01,2,RO,VOTORANTIM - PRUDENCIAL,1,2206.36
2025-04-01,2,RS,BB - PRUDENCIAL,1,98.27
2025-04-01,2,RS,BRADESCO - PRUDENCIAL,2,13380.83
2025-04-01,2,RS,VOTORANTIM - PRUDENCIAL,4,12218.94
2025-04-01,2,SC,BANCO C6 - PRUDENCIAL,1,842.81
2025-04-01,2,SC,BRADESCO - PRUDENCIAL,4,14872.72
2025-04-01,2,SC,CAIXA ECONÔMICA FEDERAL - PRUDENCIAL,1,315.11
2025-04-01,2,SC,VOTORANTIM - PRUDENCIAL,4,20056.03
2025-04-01,2,SP,BANCO C6 - PRUDENCIAL,3,11877.28
2025-04-01,2,SP,BB - PRUDENCIAL,2,1227.34
2025-04-01,2,SP,BRADESCO - PRUDENCIAL,6,90180.93
2025-04-01,2,SP,ITAU - PRUDENCIAL,1,35.98
2025-04-01,2,SP,VOTORANTIM - PRUDENCIAL,38,85700.08
2025-04-01,2,TO,CAIXA ECONÔMICA FEDERAL - PRUDENCIAL,1,180.85
2025-04-01,2,TO,VOTORANTIM - PRUDENCIAL,1,2168.52
2025-04-01,3,AC,BRADESCO - PRUDENCIAL,3,639403.09
2025-04-01,3,AL,BRADESCO - PRUDENCIAL,17,2558372.44
2025-04-01,3,AM,BRADESCO - PRUDENCIAL,46,7759779.17
2025-04-01,3,AM,SANTANDER - PRUDENCIAL,1,19165.99
2025-04-01,3,AP,BRADESCO - PRUDENCIAL,6,448219.71
2025-04-01,3,AP,SANTANDER - PRUDENCIAL,4,119216.61
2025-04-01,3,BA,BRADESCO - PRUDENCIAL,67,11604500.7
2025-04-01,3,BA,SANTANDER - PRUDENCIAL,6,128684.06
2025-04-01,3,CE,BRADESCO - PRUDENCIAL,43,5796359.12
2025-04-01,3,DF,BRADESCO - PRUDENCIAL,14,2291388.41
2025-04-01,3,ES,BRADESCO - PRUDENCIAL,12,3219910.18
2025-04-01,3,ES,SANTANDER - PRUDENCIAL,1,39234.74
2025-04-01,3,GO,BRADESCO - PRUDENCIAL,58,10033023.76
2025-04-01,3,MA,BCO DO NORDESTE DO BRASIL S.A. - PRUDENCIAL,1,13364.76
2025-04-01,3,MA,BRADESCO - PRUDENCIAL,38,7422171.87
2025-04-01,3,MA,SANTANDER - PRUDENCIAL,1,2780.8
2025-04-01,3,MG,BRADESCO - PRUDENCIAL,104,17794885.78
2025-04-01,3,MG,SANTANDER - PRUDENCIAL,3,9086.71
2025-04-01,3,MS,BRADESCO - PRUDENCIAL,41,5385039.24
2025-04-01,3,MS,SANTANDER - PRUDENCIAL,2,23786.73
2025-04-01,3,MT,BRADESCO - PRUDENCIAL,44,3957943.13
2025-04-01,3,MT,SANTANDER - PRUDENCIAL,1,30722.41
2025-04-01,3,PA,BRADESCO - PRUDENCIAL,52,11881738.71
2025-04-01,3,PA,SANTANDER - PRUDENCIAL,4,55271.25
2025-04-01,3,PB,BRADESCO - PRUDENCIAL,17,2142432.82
2025-04-01,3,PE,BCO DO NORDESTE DO BRASIL S.A. - PRUDENCIAL,2,13955.52
2025-04-01,3,PE,BRADESCO - PRUDENCIAL,39,7790122.66
2025-04-01,3,PE,SANTANDER - PRUDENCIAL,2,23153.52
2025-04-01,3,PI,BRADESCO - PRUDENCIAL,12,1856281.0
2025-04-01,3,PI,SANTANDER - PRUDENCIAL,2,21955.95
2025-04-01,3,PR,BRADESCO - PRUDENCIAL,119,19085778.04
2025-04-01,3,PR,SANTANDER - PRUDENCIAL,2,63620.48
2025-04-01,3,RJ,BRADESCO - PRUDENCIAL,173,29748615.95
2025-04-01,3,RJ,SANTANDER - PRUDENCIAL,14,273207.7
2025-04-01,3,RN,BCO DO NORDESTE DO BRASIL S.A. - PRUDENCIAL,1,5443.66
2025-04-01,3,RN,BRADESCO - PRUDENCIAL,14,1967629.67
2025-04-01,3,RO,BRADESCO - PRUDENCIAL,12,1807079.76
2025-04-01,3,RR,BRADESCO - PRUDENCIAL,2,487387.81
2025-04-01,3,RR,SANTANDER - PRUDENCIAL,1,9819.0
2025-04-01,3,RS,BRADESCO - PRUDENCIAL,2,246878.64
2025-04-01,3,RS,SANTANDER - PRUDENCIAL,1,28654.5
2025-04-01,3,SC,BRADESCO - PRUDENCIAL,106,22827880.47
2025-04-01,3,SC,SANTANDER - PRUDENCIAL,3,59452.33
2025-04-01,3,SE,BRADESCO - PRUDENCIAL,4,247939.8
2025-04-01,3,SP,BRADESCO - PRUDENCIAL,825,128909685.85
2025-04-01,3,SP,SANTANDER - PRUDENCIAL,21,459650.57
2025-04-01,3,TO,BRADESCO - PRUDENCIAL,12,3541972.38
2025-05-01,1,AC,SANTANDER - PRUDENCIAL,1,872.51
2025-05-01,1,AL,BANCO C6 - PRUDENCIAL,1,209.35
2025-05-01,1,AL,BTG PACTUAL - PRUDENCIAL,1,99.17
2025-05-01,1,AL,NU PAGAMENTOS - PRUDENCIAL,4,296.75
2025-05-01,1,AL,SANTANDER - PRUDENCIAL,3,3357.0
2025-05-01,1,AM,BRADESCO - PRUDENCIAL,1,218.73
2025-05-01,1,AM,INTER - PRUDENCIAL,1,154.73
2025-05-01,1,AM,ITAU - PRUDENCIAL,2,600.81
2025-05-01,1,AM,NU PAGAMENTOS - PRUDENCIAL,2,131.26
2025-05-01,1,AM,SANTANDER - PRUDENCIAL,9,8520.94
2025-05-01,1,AP,SANTANDER - PRUDENCIAL,1,1384.17
2025-05-01,1,BA,BRADESCO - PRUDENCIAL,1,234.28
2025-05-01,1,BA,INTER - PRUDENCIAL,3,404.2
2025-05-01,1,BA,ITAU - PRUDENCIAL,5,685.23
2025-05-01,1,BA,NU PAGAMENTOS - PRUDENCIAL,5,578.36
2025-05-01,1,BA,SANTANDER - PRUDENCIAL,17,18848.94
2025-05-01,1,CE,BANCO C6 - PRUDENCIAL,2,718.22
2025-05-01,1,CE,BRADESCO - PRUDENCIAL,1,13.7
2025-05-01,1,CE,INTER - PRUDENCIAL,1,119.23
2025-05-01,1,CE,ITAU - PRUDENCIAL,1,3.3
2025-05-01,1,CE,NU PAGAMENTOS - PRUDENCIAL,7,996.65
2025-05-01,1,CE,SANTANDER - PRUDENCIAL,23,22048.52
2025-05-01,1,DF,ITAU - PRUDENCIAL,2,214.09
2025-05-01,1,DF,NU PAGAMENTOS - PRUDENCIAL,2,179.57
2025-05-01,1,DF,SANTANDER - PRUDENCIAL,8,16728.75
2025-05-01,1,ES,BRADESCO - PRUDENCIAL,1,202.88
2025-05-01,1,ES,BTG PACTUAL - PRUDENCIAL,1,50.13
2025-05-01,1,ES,ITAU - PRUDENCIAL,1,105.99
2025-05-01,1,ES,NU PAGAMENTOS - PRUDENCIAL,2,267.52
2025-05-01,1,ES,SANTANDER - PRUDENCIAL,3,1028.51
2025-05-01,1,GO,BRADESCO - PRUDENCIAL,3,2233.98
2025-05-01,1,GO,BTG PACTUAL - PRUDENCIAL,2,299.81
2025-05-01,1,GO,INTER - PRUDENCIAL,1,99.92
2025-05-01,1,GO,ITAU - PRUDENCIAL,1,207.65
2025-05-01,1,GO,NU PAGAMENTOS - PRUDENCIAL,1,99.78
2025-05-01,1,GO,SANTANDER - PRUDENCIAL,8,11089.94
2025-05-01,1,MA,BB - PRUDENCIAL,1,201.77
2025-05-01,1,MA,NU PAGAMENTOS - PRUDENCIAL,2,139.05
2025-05-01,1,MA,SANTANDER - PRUDENCIAL,3,6650.56
2025-05-01,1,MG,BB - PRUDENCIAL,1,200.92
2025-05-01,1,MG,INTER - PRUDENCIAL,1,129.38
2025-05-01,1,MG,ITAU - PRUDENCIAL,2,104.58
2025-05-01,1,MG,NU PAGAMENTOS - PRUDENCIAL,8,1023.6
2025-05-01,1,MG,SANTANDER - PRUDENCIAL,30,41425.54
2025-05-01,1,MS,ITAU - PRUDENCIAL,2,255.84
2025-05-01,1,MS,NU PAGAMENTOS - PRUDENCIAL,2,231.44
2025-05-01,1,MS,SANTANDER - PRUDENCIAL,11,14446.74
2025-05-01,1,MT,INTER - PRUDENCIAL,2,100.88
2025-05-01,1,MT,NU PAGAMENTOS - PRUDENCIAL,1,90.53
2025-05-01,1,MT,SANTANDER - PRUDENCIAL,4,9536.08
2025-05-01,1,PA,BANCO C6 - PRUDENCIAL,1,254.13
2025-05-01,1,PA,INTER - PRUDENCIAL,1,200.23
2025-05-01,1,PA,NU PAGAMENTOS - PRUDENCIAL,4,274.85
2025-05-01,1,PA,SANTANDER - PRUDENCIAL,8,13894.9
2025-05-01,1,PB,NU PAGAMENTOS - PRUDENCIAL,2,98.36
2025-05-01,1,PB,SANTANDER - PRUDENCIAL,8,7232.33
2025-05-01,1,PE,INTER - PRUDENCIAL,1,208.52
2025-05-01,1,PE,ITAU - PRUDENCIAL,1,200.01
2025-05-01,1,PE,NU PAGAMENTOS - PRUDENCIAL,3,311.75
2025-05-01,1,PE,SANTANDER - PRUDENCIAL,15,25127.3
2025-05-01,1,PI,NU PAGAMENTOS - PRUDENCIAL,6,508.88
2025-05-01,1,PR,BANCOOB - PRUDENCIAL,1,201.98
2025-05-01,1,PR,BMG - PRUDENCIAL,1,202.5
2025-05-01,1,PR,BRADESCO - PRUDENCIAL,4,1415.12
2025-05-01,1,PR,BTG PACTUAL - PRUDENCIAL,1,159.82
2025-05-01,1,PR,INTER - PRUDENCIAL,2,253.74
2025-05-01,1,PR,ITAU - PRUDENCIAL,6,294.18
2025-05-01,1,PR,NU PAGAMENTOS - PRUDENCIAL,6,491.23
2025-05-01,1,PR,SANTANDER - PRUDENCIAL,11,17275.41
2025-05-01,1,RJ,BRADESCO - PRUDENCIAL,2,507.31
2025-05-01,1,RJ,BTG PACTUAL - PRUDENCIAL,5,729.05
2025-05-01,1,RJ,INTER - PRUDENCIAL,2,402.25
2025-05-01,1,RJ,ITAU - PRUDENCIAL,9,950.9
2025-05-01,1,RJ,NU PAGAMENTOS - PRUDENCIAL,15,1321.58
2025-05-01,1,RJ,SANTANDER - PRUDENCIAL,46,68526.65
2025-05-01,1,RN,INTER - PRUDENCIAL,1,200.9
2025-05-01,1,RN,ITAU - PRUDENCIAL,1,203.37
2025-05-01,1,RN,NU PAGAMENTOS - PRUDENCIAL,1,140.33
2025-05-01,1,RN,SANTANDER - PRUDENCIAL,4,6701.96
2025-05-01,1,RO,BTG PACTUAL - PRUDENCIAL,1,102.4
2025-05-01,1,RO,NU PAGAMENTOS - PRUDENCIAL,2,190.74
2025-05-01,1,RO,SANTANDER - PRUDENCIAL,1,1154.68
2025-05-01,1,RR,NU PAGAMENTOS - PRUDENCIAL,1,96.62
2025-05-01,1,RR,SANTANDER - PRUDENCIAL,2,531.72
2025-05-01,1,RS,BANRISUL - PRUDENCIAL,1,203.26
2025-05-01,1,RS,BMG - PRUDENCIAL,1,202.13
2025-05-01,1,RS,BRADESCO - PRUDENCIAL,1,208.81
2025-05-01,1,RS,BTG PACTUAL - PRUDENCIAL,2,301.2
2025-05-01,1,RS,ITAU - PRUDENCIAL,3,340.18
2025-05-01,1,RS,NU PAGAMENTOS - PRUDENCIAL,7,577.33
2025-05-01,1,RS,SANTANDER - PRUDENCIAL,7,3720.33
2025-05-01,1,SC,BB - PRUDENCIAL,1,50.13
2025-05-01,1,SC,BTG PACTUAL - PRUDENCIAL,4,703.91
2025-05-01,1,SC,ITAU - PRUDENCIAL,2,278.3
2025-05-01,1,SC,NU PAGAMENTOS - PRUDENCIAL,1,82.55
2025-05-01,1,SC,SANTANDER - PRUDENCIAL,7,6309.82
2025-05-01,1,SE,INTER - PRUDENCIAL,1,102.59
2025-05-01,1,SE,SANTANDER - PRUDENCIAL,1,2785.88
2025-05-01,1,SP,BANCO C6 - PRUDENCIAL,5,889.35
2025-05-01,1,SP,BB - PRUDENCIAL,3,430.75
2025-05-01,1,SP,BRADESCO - PRUDENCIAL,2,313.72
2025-05-01,1,SP,BTG PACTUAL - PRUDENCIAL,8,1047.12
2025-05-01,1,SP,INTER - PRUDENCIAL,6,506.94
2025-05-01,1,SP,ITAU - PRUDENCIAL,24,3109.45
2025-05-01,1,SP,NU PAGAMENTOS - PRUDENCIAL,35,3482.92
2025-05-01,1,SP,SANTANDER - PRUDENCIAL,108,102381.38
2025-05-01,1,TO,BANCOOB - PRUDENCIAL,1,214.02
2025-05-01,1,TO,SANTANDER - PRUDENCIAL,2,2357.75
2025-05-01,2,AC,VOTORANTIM - PRUDENCIAL,1,902.07
2025-05-01,2,AL,BANCO C6 - PRUDENCIAL,1,237.59
2025-05-01,2,AL,BRADESCO - PRUDENCIAL,1,574.45
2025-05-01,2,AM,BTG PACTUAL - PRUDENCIAL,1,1912.32
2025-05-01,2,BA,BANCO C6 - PRUDENCIAL,3,484.7
2025-05-01,2,BA,BCO DO NORDESTE DO BRASIL S.A. - PRUDENCIAL,18,178831.03
2025-05-01,2,BA,BRADESCO - PRUDENCIAL,2,3728.97
2025-05-01,2,BA,VOTORANTIM - PRUDENCIAL,2,7348.54
2025-05-01,2,CE,BANCO C6 - PRUDENCIAL,1,214.77
2025-05-01,2,CE,BCO DO NORDESTE DO BRASIL S.A. - PRUDENCIAL,15,77525.09
2025-05-01,2,DF,BANCO C6 - PRUDENCIAL,2,622.0
2025-05-01,2,DF,VOTORANTIM - PRUDENCIAL,1,1027.81
2025-05-01,2,ES,BRADESCO - PRUDENCIAL,1,4913.44
2025-05-01,2,ES,VOTORANTIM - PRUDENCIAL,2,2566.59
2025-05-01,2,GO,BRADESCO - PRUDENCIAL,1,4105.36
2025-05-01,2,GO,VOTORANTIM - PRUDENCIAL,1,1153.67
2025-05-01,2,MA,BB - PRUDENCIAL,1,201.83
2025-05-01,2,MA,BCO DO NORDESTE DO BRASIL S.A. - PRUDENCIAL,5,45497.14
2025-05-01,2,MA,VOTORANTIM - PRUDENCIAL,2,3163.24
2025-05-01,2,MG,BANCO C6 - PRUDENCIAL,1,136.28
2025-05-01,2,MG,BRADESCO - PRUDENCIAL,2,5882.3
2025-05-01,2,MG,ITAU - PRUDENCIAL,1,64.2
2025-05-01,2,MG,VOTORANTIM - PRUDENCIAL,5,14045.03
2025-05-01,2,MT,VOTORANTIM - PRUDENCIAL,1,210.75
2025-05-01,2,PA,BRADESCO - PRUDENCIAL,1,1299.67
2025-05-01,2,PA,VOTORANTIM - PRUDENCIAL,1,2463.92
2025-05-01,2,PB,BCO DO NORDESTE DO BRASIL S.A. - PRUDENCIAL,1,9235.08
2025-05-01,2,PB,BRADESCO - PRUDENCIAL,1,8606.76
2025-05-01,2,PE,BRADESCO - PRUDENCIAL,2,26763.51
2025-05-01,2,PE,VOTORANTIM - PRUDENCIAL,1,3231.19
2025-05-01,2,PI,VOTORANTIM - PRUDENCIAL,1,1709.13
2025-05-01,2,PR,BRADESCO - PRUDENCIAL,3,16173.86
2025-05-01,2,PR,VOTORANTIM - PRUDENCIAL,3,11635.93
2025-05-01,2,RJ,BANCO C6 - PRUDENCIAL,1,130.94
2025-05-01,2,RJ,BRADESCO - PRUDENCIAL,3,12646.09
2025-05-01,2,RJ,BTG PACTUAL - PRUDENCIAL,3,4596.86
2025-05-01,2,RJ,VOTORANTIM - PRUDENCIAL,5,8698.66
2025-05-01,2,RN,BRADESCO - PRUDENCIAL,1,1478.31
2025-05-01,2,RN,BTG PACTUAL - PRUDENCIAL,1,1295.32
2025-05-01,2,RS,BANRISUL - PRUDENCIAL,2,303.03
2025-05-01,2,RS,BRADESCO - PRUDENCIAL,2,28060.47
2025-05-01,2,RS,VOTORANTIM - PRUDENCIAL,4,9429.15
2025-05-01,2,SC,BRADESCO - PRUDENCIAL,1,9921.9
2025-05-01,2,SC,BTG PACTUAL - PRUDENCIAL,2,6550.83
2025-05-01,2,SC,VOTORANTIM - PRUDENCIAL,1,630.71
2025-05-01,2,SE,VOTORANTIM - PRUDENCIAL,1,1684.48
2025-05-01,2,SP,BANCO C6 - PRUDENCIAL,6,9383.79
2025-05-01,2,SP,BRADESCO - PRUDENCIAL,9,33748.81
2025-05-01,2,SP,BTG PACTUAL - PRUDENCIAL,1,688.13
2025-05-01,2,SP,VOTORANTIM - PRUDENCIAL,25,39037.68
2025-05-01,2,TO,BRADESCO - PRUDENCIAL,1,25118.33
2025-05-01,3,AC,BRADESCO - PRUDENCIAL,2,530595.0
2025-05-01,3,AL,BRADESCO - PRUDENCIAL,12,1731033.89
2025-05-01,3,AL,SANTANDER - PRUDENCIAL,1,43691.2
2025-05-01,3,AM,BRADESCO - PRUDENCIAL,30,5385046.52
2025-05-01,3,AM,SANTANDER - PRUDENCIAL,2,27827.17
2025-05-01,3,AP,BRADESCO - PRUDENCIAL,5,350461.65
2025-05-01,3,BA,BRADESCO - PRUDENCIAL,47,8209956.42
2025-05-01,3,BA,SANTANDER - PRUDENCIAL,6,148888.09
2025-05-01,3,CE,BRADESCO - PRUDENCIAL,24,3239554.78
2025-05-01,3,DF,BRADESCO - PRUDENCIAL,9,1600137.76
2025-05-01,3,DF,SANTANDER - PRUDENCIAL,1,26712.39
2025-05-01,3,ES,BRADESCO - PRUDENCIAL,9,2081248.35
2025-05-01,3,ES,SANTANDER - PRUDENCIAL,1,2749.18
2025-05-01,3,GO,BRADESCO - PRUDENCIAL,37,7515048.4
2025-05-01,3,GO,SANTANDER - PRUDENCIAL,2,90399.97
2025-05-01,3,MA,BRADESCO - PRUDENCIAL,28,6066848.51
2025-05-01,3,MA,SANTANDER - PRUDENCIAL,1,17954.37
2025-05-01,3,MG,BRADESCO - PRUDENCIAL,69,12449697.79
2025-05-01,3,MG,SANTANDER - PRUDENCIAL,7,141896.47
2025-05-01,3,MS,BRADESCO - PRUDENCIAL,31,3797174.52
2025-05-01,3,MS,SANTANDER - PRUDENCIAL,2,49733.23
2025-05-01,3,MT,BRADESCO - PRUDENCIAL,31,2747616.86
2025-05-01,3,MT,SANTANDER - PRUDENCIAL,4,212888.05
2025-05-01,3,PA,BRADESCO - PRUDENCIAL,35,7950041.4
2025-05-01,3,PA,SANTANDER - PRUDENCIAL,1,226.6
2025-05-01,3,PB,BRADESCO - PRUDENCIAL,11,1458632.86
2025-05-01,3,PE,BRADESCO - PRUDENCIAL,30,5571515.94
2025-05-01,3,PE,SANTANDER - PRUDENCIAL,4,27932.75
2025-05-01,3,PI,BRADESCO - PRUDENCIAL,6,909570.55
2025-05-01,3,PR,BRADESCO - PRUDENCIAL,67,10621126.28
2025-05-01,3,PR,SANTANDER - PRUDENCIAL,3,39360.16
2025-05-01,3,RJ,BRADESCO - PRUDENCIAL,109,18706783.94
2025-05-01,3,RJ,SANTANDER - PRUDENCIAL,18,389590.51
2025-05-01,3,RN,BRADESCO - PRUDENCIAL,10,1365900.36
2025-05-01,3,RO,BRADESCO - PRUDENCIAL,8,1250299.73
2025-05-01,3,RR,BRADESCO - PRUDENCIAL,2,487387.81
2025-05-01,3,RS,BRADESCO - PRUDENCIAL,72,15360070.22
2025-05-01,3,RS,SANTANDER - PRUDENCIAL,1,38539.79
2025-05-01,3,SC,BRADESCO - PRUDENCIAL,67,16154836.61
2025-05-01,3,SC,SANTANDER - PRUDENCIAL,3,43817.11
2025-05-01,3,SE,BRADESCO - PRUDENCIAL,4,245516.87
2025-05-01,3,SP,BRADESCO - PRUDENCIAL,514,82139778.11
2025-05-01,3,SP,SANTANDER - PRUDENCIAL,36,686931.63
2025-05-01,3,TO,BRADESCO - PRUDENCIAL,5,2590826.07
2025-06-01,1,AC,NU PAGAMENTOS - PRUDENCIAL,1,89.35
2025-06-01,1,AC,SANTANDER - PRUDENCIAL,2,1954.67
2025-06-01,1,AL,NU PAGAMENTOS - PRUDENCIAL,1,48.61
2025-06-01,1,AL,SANTANDER - PRUDENCIAL,8,14483.96
2025-06-01,1,AM,BMG - PRUDENCIAL,1,201.42
2025-06-01,1,AM,BTG PACTUAL - PRUDENCIAL,1,135.56
2025-06-01,1,AM,COOP CENTRO NORTE BRASILEIRO,1,3145.05
2025-06-01,1,AM,ITAU - PRUDENCIAL,3,517.26
2025-06-01,1,AM,NU PAGAMENTOS - PRUDENCIAL,4,420.2
2025-06-01,1,AM,SANTANDER - PRUDENCIAL,27,35511.85
2025-06-01,1,AP,BB - PRUDENCIAL,1,203.18
2025-06-01,1,AP,BRADESCO - PRUDENCIAL,1,300.9
2025-06-01,1,AP,INTER - PRUDENCIAL,1,151.39
2025-06-01,1,AP,NU PAGAMENTOS - PRUDENCIAL,2,147.2
2025-06-01,1,AP,SANTANDER - PRUDENCIAL,4,5098.85
2025-06-01,1,BA,BB - PRUDENCIAL,1,25.49
2025-06-01,1,BA,BRADESCO - PRUDENCIAL,1,448.89
2025-06-01,1,BA,BTG PACTUAL - PRUDENCIAL,1,200.32
2025-06-01,1,BA,INTER - PRUDENCIAL,1,51.19
2025-06-01,1,BA,ITAU - PRUDENCIAL,1,81.67
2025-06-01,1,BA,NU PAGAMENTOS - PRUDENCIAL,12,1034.5
2025-06-01,1,BA,SANTANDER - PRUDENCIAL,43,46837.29
2025-06-01,1,CE,ITAU - PRUDENCIAL,2,385.1
2025-06-01,1,CE,NU PAGAMENTOS - PRUDENCIAL,6,486.68
2025-06-01,1,CE,SANTANDER - PRUDENCIAL,30,40982.1
2025-06-01,1,DF,BANCO SICOOB - PRUDENCIAL,1,213.92
2025-06-01,1,DF,INTER - PRUDENCIAL,1,101.49
2025-06-01,1,DF,ITAU - PRUDENCIAL,1,305.79
2025-06-01,1,DF,NU PAGAMENTOS - PRUDENCIAL,2,224.57
2025-06-01,1,DF,SANTANDER - PRUDENCIAL,18,27060.41
2025-06-01,1,ES,BANCO SICOOB - PRUDENCIAL,1,201.42
2025-06-01,1,ES,ITAU - PRUDENCIAL,1,0.14
2025-06-01,1,ES,SANTANDER - PRUDENCIAL,13,14496.59
2025-06-01,1,GO,BRADESCO - PRUDENCIAL,1,7.99
2025-06-01,1,GO,ITAU - PRUDENCIAL,4,470.71
2025-06-01,1,GO,NU PAGAMENTOS - PRUDENCIAL,1,89.62
2025-06-01,1,GO,SANTANDER - PRUDENCIAL,27,32922.43
2025-06-01,1,MA,BTG PACTUAL - PRUDENCIAL,2,373.15
2025-06-01,1,MA,INTER - PRUDENCIAL,1,112.82
2025-06-01,1,MA,ITAU - PRUDENCIAL,2,311.78
2025-06-01,1,MA,NU PAGAMENTOS - PRUDENCIAL,2,155.49
2025-06-01,1,MA,SANTANDER - PRUDENCIAL,12,7957.69
2025-06-01,1,MG,BMG - PRUDENCIAL,1,200.97
2025-06-01,1,MG,BRADESCO - PRUDENCIAL,2,369.1
2025-06-01,1,MG,BTG PACTUAL - PRUDENCIAL,3,471.74
2025-06-01,1,MG,INTER - PRUDENCIAL,5,999.5
2025-06-01,1,MG,ITAU - PRUDENCIAL,7,1732.2
2025-06-01,1,MG,NU PAGAMENTOS - PRUDENCIAL,5,407.41
2025-06-01,1,MG,SANTANDER - PRUDENCIAL,66,86601.83
2025-06-01,1,MS,BANCO C6 - PRUDENCIAL,1,8.57
2025-06-01,1,MS,BTG PACTUAL - PRUDENCIAL,1,200.57
2025-06-01,1,MS,ITAU - PRUDENCIAL,2,377.05
2025-06-01,1,MS,NU PAGAMENTOS - PRUDENCIAL,4,408.91
2025-06-01,1,MS,SANTANDER - PRUDENCIAL,17,24568.45
2025-06-01,1,MT,BANCO SICOOB - PRUDENCIAL,1,208.4
2025-06-01,1,MT,NU PAGAMENTOS - PRUDENCIAL,6,708.63
2025-06-01,1,MT,SANTANDER - PRUDENCIAL,12,19965.41
2025-06-01,1,PA,INTER - PRUDENCIAL,2,244.69
2025-06-01,1,PA,NU PAGAMENTOS - PRUDENCIAL,4,408.29
2025-06-01,1,PA,SANTANDER - PRUDENCIAL,20,26354.31
2025-06-01,1,PB,BTG PACTUAL - PRUDENCIAL,2,254.33
2025-06-01,1,PB,INTER - PRUDENCIAL,1,154.42
2025-06-01,1,PB,SANTANDER - PRUDENCIAL,20,25651.91
2025-06-01,1,PE,BTG PACTUAL - PRUDENCIAL,2,194.46
2025-06-01,1,PE,INTER - PRUDENCIAL,1,161.5
2025-06-01,1,PE,ITAU - PRUDENCIAL,2,346.09
2025-06-01,1,PE,NU PAGAMENTOS - PRUDENCIAL,2,231.61
2025-06-01,1,PE,SANTANDER - PRUDENCIAL,59,76307.55
2025-06-01,1,PI,BB - PRUDENCIAL,1,148.06
2025-06-01,1,PI,BTG PACTUAL - PRUDENCIAL,1,201.24
2025-06-01,1,PI,NU PAGAMENTOS - PRUDENCIAL,2,134.74
2025-06-01,1,PI,SANTANDER - PRUDENCIAL,8,13376.6
2025-06-01,1,PR,BANCO C6 - PRUDENCIAL,1,117.33
2025-06-01,1,PR,BTG PACTUAL - PRUDENCIAL,3,324.45
2025-06-01,1,PR,ITAU - PRUDENCIAL,1,290.67
2025-06-01,1,PR,NU PAGAMENTOS - PRUDENCIAL,2,276.81
2025-06-01,1,PR,SANTANDER - PRUDENCIAL,29,32392.08
2025-06-01,1,RJ,BANCO C6 - PRUDENCIAL,1,124.53
2025-06-01,1,RJ,BRADESCO - PRUDENCIAL,2,228.34
2025-06-01,1,RJ,BTG PACTUAL - PRUDENCIAL,1,99.2
2025-06-01,1,RJ,INTER - PRUDENCIAL,3,352.26
2025-06-01,1,RJ,ITAU - PRUDENCIAL,10,1140.62
2025-06-01,1,RJ,NU PAGAMENTOS - PRUDENCIAL,18,1435.38
2025-06-01,1,RJ,SANTANDER - PRUDENCIAL,154,169933.27
2025-06-01,1,RN,NU PAGAMENTOS - PRUDENCIAL,2,227.9
2025-06-01,1,RN,SANTANDER - PRUDENCIAL,15,12628.1
2025-06-01,1,RO,CC INVESTIMENTO SICOOB CENTRO,1,24.53
2025-06-01,1,RO,ITAU - PRUDENCIAL,1,213.04
2025-06-01,1,RO,NU PAGAMENTOS - PRUDENCIAL,1,133.96
2025-06-01,1,RO,SANTANDER - PRUDENCIAL,8,17223.18
2025-06-01,1,RR,SANTANDER - PRUDENCIAL,3,6304.05
2025-06-01,1,RS,BANCO C6 - PRUDENCIAL,1,115.75
2025-06-01,1,RS,BTG PACTUAL - PRUDENCIAL,2,251.71
2025-06-01,1,RS,ITAU - PRUDENCIAL,2,202.03
2025-06-01,1,RS,NU PAGAMENTOS - PRUDENCIAL,5,512.16
2025-06-01,1,RS,SANTANDER - PRUDENCIAL,29,32166.14
2025-06-01,1,SC,BB - PRUDENCIAL,1,147.4
2025-06-01,1,SC,BMG - PRUDENCIAL,1,200.1
2025-06-01,1,SC,BTG PACTUAL - PRUDENCIAL,1,143.21
2025-06-01,1,SC,ITAU - PRUDENCIAL,1,207.35
2025-06-01,1,SC,NU PAGAMENTOS - PRUDENCIAL,3,240.83
2025-06-01,1,SC,SANTANDER - PRUDENCIAL,14,19856.95
2025-06-01,1,SE,BTG PACTUAL - PRUDENCIAL,1,202.4
2025-06-01,1,SE,SANTANDER - PRUDENCIAL,5,5561.14
2025-06-01,1,SP,BANCO C6 - PRUDENCIAL,3,429.42
2025-06-01,1,SP,BB - PRUDENCIAL,2,350.08
2025-06-01,1,SP,BRADESCO - PRUDENCIAL,3,1815.05
2025-06-01,1,SP,BTG PACTUAL - PRUDENCIAL,6,882.24
2025-06-01,1,SP,INTER - PRUDENCIAL,5,955.32
2025-06-01,1,SP,ITAU - PRUDENCIAL,23,3562.79
2025-06-01,1,SP,NU PAGAMENTOS - PRUDENCIAL,22,2091.67
2025-06-01,1,SP,SANTANDER - PRUDENCIAL,272,306760.82
2025-06-01,1,TO,SANTANDER - PRUDENCIAL,3,4678.89
2025-06-01,2,AL,BANCO C6 - PRUDENCIAL,2,1606.07
2025-06-01,2,AM,BANCO C6 - PRUDENCIAL,3,1489.38
2025-06-01,2,AM,BRADESCO - PRUDENCIAL,1,8154.65
2025-06-01,2,AM,VOTORANTIM - PRUDENCIAL,1,3860.0
2025-06-01,2,AP,BANCO C6 - PRUDENCIAL,2,1865.26
2025-06-01,2,BA,BANCO C6 - PRUDENCIAL,13,15273.83
2025-06-01,2,BA,BB - PRUDENCIAL,1,120.14
2025-06-01,2,BA,BRADESCO - PRUDENCIAL,2,3242.61
2025-06-01,2,BA,ITAU - PRUDENCIAL,1,18.47
2025-06-01,2,BA,VOTORANTIM - PRUDENCIAL,1,1655.35
2025-06-01,2,CE,BANCO C6 - PRUDENCIAL,7,9293.98
2025-06-01,2,CE,BRADESCO - PRUDENCIAL,2,23288.21
2025-06-01,2,CE,VOTORANTIM - PRUDENCIAL,1,2823.62
2025-06-01,2,DF,BANCO C6 - PRUDENCIAL,5,6957.96
2025-06-01,2,ES,BANCO C6 - PRUDENCIAL,2,1429.51
2025-06-01,2,GO,BANCO C6 - PRUDENCIAL,13,17166.6
2025-06-01,2,GO,BRADESCO - PRUDENCIAL,1,8827.12
2025-06-01,2,GO,VOTORANTIM - PRUDENCIAL,3,6581.33
2025-06-01,2,MA,BANCO C6 - PRUDENCIAL,2,1579.34
2025-06-01,2,MA,BCO DO NORDESTE DO BRASIL S.A. - PRUDENCIAL,1,2512.16
2025-06-01,2,MG,BANCO C6 - PRUDENCIAL,26,28467.5
2025-06-01,2,MG,BRADESCO - PRUDENCIAL,3,7057.22
2025-06-01,2,MG,VOTORANTIM - PRUDENCIAL,3,12189.71
2025-06-01,2,MS,BANCO C6 - PRUDENCIAL,2,5537.73
2025-06-01,2,MS,BRADESCO - PRUDENCIAL,1,1738.04
2025-06-01,2,MS,VOTORANTIM - PRUDENCIAL,1,1133.58
2025-06-01,2,MT,BANCO C6 - PRUDENCIAL,1,808.36
2025-06-01,2,MT,BRADESCO - PRUDENCIAL,1,4122.8
2025-06-01,2,MT,VOTORANTIM - PRUDENCIAL,1,265.84
2025-06-01,2,PA,BANCO C6 - PRUDENCIAL,8,12539.67
2025-06-01,2,PA,BRADESCO - PRUDENCIAL,1,13973.39
2025-06-01,2,PB,BANCO C6 - PRUDENCIAL,1,2193.4
2025-06-01,2,PB,VOTORANTIM - PRUDENCIAL,2,4188.93
2025-06-01,2,PE,BANCO C6 - PRUDENCIAL,10,17881.25
2025-06-01,2,PE,BRADESCO - PRUDENCIAL,1,19736.76
2025-06-01,2,PE,VOTORANTIM - PRUDENCIAL,1,1485.64
2025-06-01,2,PI,BANCO C6 - PRUDENCIAL,3,1427.53
2025-06-01,2,PR,BANCO C6 - PRUDENCIAL,20,28717.96
2025-06-01,2,PR,BRADESCO - PRUDENCIAL,1,10620.23
2025-06-01,2,PR,ITAU - PRUDENCIAL,2,113.22
2025-06-01,2,PR,VOTORANTIM - PRUDENCIAL,6,50162.68
2025-06-01,2,RJ,BANCO C6 - PRUDENCIAL,28,25958.15
2025-06-01,2,RJ,BRADESCO - PRUDENCIAL,2,2731.91
2025-06-01,2,RJ,ITAU - PRUDENCIAL,1,34.16
2025-06-01,2,RJ,VOTORANTIM - PRUDENCIAL,5,3067.21
2025-06-01,2,RN,BANCO C6 - PRUDENCIAL,3,2263.31
2025-06-01,2,RO,BRADESCO - PRUDENCIAL,1,4027.13
2025-06-01,2,RO,BTG PACTUAL - PRUDENCIAL,1,2925.64
2025-06-01,2,RS,BANCO C6 - PRUDENCIAL,7,3643.83
2025-06-01,2,RS,BANRISUL - PRUDENCIAL,3,605.09
2025-06-01,2,RS,BRADESCO - PRUDENCIAL,2,7850.24
2025-06-01,2,RS,VOTORANTIM - PRUDENCIAL,4,14024.79
2025-06-01,2,SC,BANCO C6 - PRUDENCIAL,12,13221.71
2025-06-01,2,SC,VOTORANTIM - PRUDENCIAL,3,13751.37
2025-06-01,2,SE,BANCO C6 - PRUDENCIAL,1,2185.94
2025-06-01,2,SP,BANCO C6 - PRUDENCIAL,59,110453.3
2025-06-01,2,SP,BRADESCO - PRUDENCIAL,3,16763.41
2025-06-01,2,SP,ITAU - PRUDENCIAL,4,266.41
2025-06-01,2,SP,VOTORANTIM - PRUDENCIAL,14,33326.26
2025-06-01,3,AC,BRADESCO - PRUDENCIAL,2,128704.34
2025-06-01,3,AL,BCO DO NORDESTE DO BRASIL S.A. - PRUDENCIAL,2,24917.78
2025-06-01,3,AL,BRADESCO - PRUDENCIAL,5,818716.36
2025-06-01,3,AM,BRADESCO - PRUDENCIAL,11,1382087.94
2025-06-01,3,AP,BRADESCO - PRUDENCIAL,1,86197.17
2025-06-01,3,BA,BCO DO NORDESTE DO BRASIL S.A. - PRUDENCIAL,29,900549.46
2025-06-01,3,BA,BRADESCO - PRUDENCIAL,20,2859996.78
2025-06-01,3,BA,SANTANDER - PRUDENCIAL,2,38257.89
2025-06-01,3,CE,BCO DO NORDESTE DO BRASIL S.A. - PRUDENCIAL,36,417193.47
2025-06-01,3,CE,BRADESCO - PRUDENCIAL,22,2224285.9
2025-06-01,3,CE,SANTANDER - PRUDENCIAL,5,87257.41
2025-06-01,3,DF,BRADESCO - PRUDENCIAL,6,784095.43
2025-06-01,3,DF,SANTANDER - PRUDENCIAL,1,5796.49
2025-06-01,3,ES,BCO DO NORDESTE DO BRASIL S.A. - PRUDENCIAL,3,5027.53
2025-06-01,3,ES,BRADESCO - PRUDENCIAL,3,1122359.55
2025-06-01,3,ES,SANTANDER - PRUDENCIAL,3,32742.6
2025-06-01,3,GO,BRADESCO - PRUDENCIAL,26,2648011.41
2025-06-01,3,GO,SANTANDER - PRUDENCIAL,5,35470.45
2025-06-01,3,MA,BCO DO NORDESTE DO BRASIL S.A. - PRUDENCIAL,18,585018.48
2025-06-01,3,MA,BRADESCO - PRUDENCIAL,14,1388998.3
2025-06-01,3,MA,SANTANDER - PRUDENCIAL,1,15590.59
2025-06-01,3,MG,BCO DO NORDESTE DO BRASIL S.A. - PRUDENCIAL,11,126286.9
2025-06-01,3,MG,BRADESCO - PRUDENCIAL,36,4592993.7
2025-06-01,3,MG,SANTANDER - PRUDENCIAL,20,88001.72
2025-06-01,3,MS,BRADESCO - PRUDENCIAL,11,1425748.91
2025-06-01,3,MS,SANTANDER - PRUDENCIAL,4,44839.33
2025-06-01,3,MT,BRADESCO - PRUDENCIAL,13,1035100.76
2025-06-01,3,PA,BRADESCO - PRUDENCIAL,21,4119146.64
2025-06-01,3,PA,SANTANDER - PRUDENCIAL,2,42501.87
2025-06-01,3,PB,BCO DO NORDESTE DO BRASIL S.A. - PRUDENCIAL,15,249701.63
2025-06-01,3,PB,BRADESCO - PRUDENCIAL,4,462418.9
2025-06-01,3,PE,BCO DO NORDESTE DO BRASIL S.A. - PRUDENCIAL,18,743281.33
2025-06-01,3,PE,BRADESCO - PRUDENCIAL,13,2232405.38
2025-06-01,3,PI,BCO DO NORDESTE DO BRASIL S.A. - PRUDENCIAL,15,319478.69
2025-06-01,3,PI,BRADESCO - PRUDENCIAL,9,1028983.81
2025-06-01,3,PR,BRADESCO - PRUDENCIAL,60,8487781.4
2025-06-01,3,RJ,BRADESCO - PRUDENCIAL,66,11830019.73
2025-06-01,3,RJ,SANTANDER - PRUDENCIAL,5,158816.52
2025-06-01,3,RN,BCO DO NORDESTE DO BRASIL S.A. - PRUDENCIAL,18,294885.66
2025-06-01,3,RN,BRADESCO - PRUDENCIAL,4,599623.5
2025-06-01,3,RO,BRADESCO - PRUDENCIAL,4,548866.88
2025-06-01,3,RR,SANTANDER - PRUDENCIAL,1,45142.42
2025-06-01,3,RS,BRADESCO - PRUDENCIAL,1,198586.74
2025-06-01,3,RS,SANTANDER - PRUDENCIAL,6,82815.76
2025-06-01,3,SC,BRADESCO - PRUDENCIAL,38,6281910.27
2025-06-01,3,SC,SANTANDER - PRUDENCIAL,1,24140.24
2025-06-01,3,SE,BCO DO NORDESTE DO BRASIL S.A. - PRUDENCIAL,2,107914.66
2025-06-01,3,SE,SANTANDER - PRUDENCIAL,1,5073.57
2025-06-01,3,SP,BRADESCO - PRUDENCIAL,311,45677050.35
2025-06-01,3,SP,SANTANDER - PRUDENCIAL,33,779295.75
2025-06-01,3,TO,BRADESCO - PRUDENCIAL,7,956965.73
2025-06-01,3,TO,SANTANDER - PRUDENCIAL,1,18507.39
2025-07-01,1,AC,NU PAGAMENTOS - PRUDENCIAL,2,204.86
2025-07-01,1,AC,SANTANDER - PRUDENCIAL,1,4647.73
2025-07-01,1,AL,NU PAGAMENTOS - PRUDENCIAL,2,154.46
2025-07-01,1,AL,SANTANDER - PRUDENCIAL,3,2825.86
2025-07-01,1,AM,ITAU - PRUDENCIAL,2,480.97
2025-07-01,1,AM,NU PAGAMENTOS - PRUDENCIAL,4,308.42
2025-07-01,1,AM,SANTANDER - PRUDENCIAL,13,19933.23
2025-07-01,1,AP,NU PAGAMENTOS - PRUDENCIAL,1,50.19
2025-07-01,1,AP,SANTANDER - PRUDENCIAL,3,2028.06
2025-07-01,1,BA,BANCO C6 - PRUDENCIAL,1,348.98
2025-07-01,1,BA,BB - PRUDENCIAL,1,67.81
2025-07-01,1,BA,BTG PACTUAL - PRUDENCIAL,1,200.21
2025-07-01,1,BA,INTER - PRUDENCIAL,1,147.78
2025-07-01,1,BA,ITAU - PRUDENCIAL,3,640.44
2025-07-01,1,BA,NU PAGAMENTOS - PRUDENCIAL,11,1312.32
2025-07-01,1,BA,SANTANDER - PRUDENCIAL,27,22679.34
2025-07-01,1,CE,BTG PACTUAL - PRUDENCIAL,2,293.53
2025-07-01,1,CE,INTER - PRUDENCIAL,1,200.71
2025-07-01,1,CE,NU PAGAMENTOS - PRUDENCIAL,11,1347.24
2025-07-01,1,CE,SANTANDER - PRUDENCIAL,28,33448.03
2025-07-01,1,DF,BB - PRUDENCIAL,1,202.89
2025-07-01,1,DF,BRADESCO - PRUDENCIAL,1,228.52
2025-07-01,1,DF,ITAU - PRUDENCIAL,1,203.63
2025-07-01,1,DF,NU PAGAMENTOS - PRUDENCIAL,4,326.7
2025-07-01,1,DF,SANTANDER - PRUDENCIAL,14,14199.02
2025-07-01,1,ES,BANCO SICOOB - PRUDENCIAL,1,9.91
2025-07-01,1,ES,BTG PACTUAL - PRUDENCIAL,1,54.32
2025-07-01,1,ES,SANTANDER - PRUDENCIAL,3,5181.42
2025-07-01,1,GO,BB - PRUDENCIAL,1,102.11
2025-07-01,1,GO,BTG PACTUAL - PRUDENCIAL,2,199.48
2025-07-01,1,GO,ITAU - PRUDENCIAL,1,240.73
2025-07-01,1,GO,NU PAGAMENTOS - PRUDENCIAL,1,200.9
2025-07-01,1,GO,SANTANDER - PRUDENCIAL,9,14477.06
2025-07-01,1,MA,BTG PACTUAL - PRUDENCIAL,1,147.52
2025-07-01,1,MA,NU PAGAMENTOS - PRUDENCIAL,1,150.81
2025-07-01,1,MA,SANTANDER - PRUDENCIAL,4,4160.53
2025-07-01,1,MG,BANCO C6 - PRUDENCIAL,1,60.68
2025-07-01,1,MG,BANCO SICOOB - PRUDENCIAL,4,655.39
2025-07-01,1,MG,BB - PRUDENCIAL,4,622.85
2025-07-01,1,MG,BRADESCO - PRUDENCIAL,3,524.08
2025-07-01,1,MG,BTG PACTUAL - PRUDENCIAL,1,176.63
2025-07-01,1,MG,INTER - PRUDENCIAL,3,264.54
2025-07-01,1,MG,ITAU - PRUDENCIAL,1,1.0
2025-07-01,1,MG,NU PAGAMENTOS - PRUDENCIAL,7,653.79
2025-07-01,1,MG,SANTANDER - PRUDENCIAL,43,54143.84
2025-07-01,1,MS,BRADESCO - PRUDENCIAL,2,262.45
2025-07-01,1,MS,BTG PACTUAL - PRUDENCIAL,1,98.68
2025-07-01,1,MS,NU PAGAMENTOS - PRUDENCIAL,3,199.44
2025-07-01,1,MS,SANTANDER - PRUDENCIAL,6,8165.46
2025-07-01,1,MT,BRADESCO - PRUDENCIAL,3,624.43
2025-07-01,1,MT,NU PAGAMENTOS - PRUDENCIAL,4,277.47
2025-07-01,1,MT,SANTANDER - PRUDENCIAL,10,8990.33
2025-07-01,1,PA,BRADESCO - PRUDENCIAL,2,270.1
2025-07-01,1,PA,NU PAGAMENTOS - PRUDENCIAL,3,404.83
2025-07-01,1,PA,SANTANDER - PRUDENCIAL,12,7225.39
2025-07-01,1,PB,BANCO SICOOB - PRUDENCIAL,1,3.14
2025-07-01,1,PB,BRADESCO - PRUDENCIAL,1,10.96
2025-07-01,1,PB,ITAU - PRUDENCIAL,1,201.18
2025-07-01,1,PB,SANTANDER - PRUDENCIAL,6,7521.8
2025-07-01,1,PE,BANCO C6 - PRUDENCIAL,1,187.82
2025-07-01,1,PE,BTG PACTUAL - PRUDENCIAL,1,203.14
2025-07-01,1,PE,INTER - PRUDENCIAL,1,97.85
2025-07-01,1,PE,ITAU - PRUDENCIAL,2,205.48
2025-07-01,1,PE,NU PAGAMENTOS - PRUDENCIAL,4,321.18
2025-07-01,1,PE,SANTANDER - PRUDENCIAL,18,21563.87
2025-07-01,1,PI,NU PAGAMENTOS - PRUDENCIAL,5,492.49
2025-07-01,1,PI,SANTANDER - PRUDENCIAL,4,2450.01
2025-07-01,1,PR,BANCO C6 - PRUDENCIAL,1,95.75
2025-07-01,1,PR,BANCO SICOOB - PRUDENCIAL,2,209.03
2025-07-01,1,PR,BB - PRUDENCIAL,1,202.55
2025-07-01,1,PR,BTG PACTUAL - PRUDENCIAL,2,232.26
2025-07-01,1,PR,INTER - PRUDENCIAL,1,102.85
2025-07-01,1,PR,ITAU - PRUDENCIAL,1,152.06
2025-07-01,1,PR,NU PAGAMENTOS - PRUDENCIAL,9,1154.54
2025-07-01,1,PR,SANTANDER - PRUDENCIAL,18,23894.78
2025-07-01,1,RJ,BANCO C6 - PRUDENCIAL,3,330.4
2025-07-01,1,RJ,BANCO SICOOB - PRUDENCIAL,1,220.62
2025-07-01,1,RJ,BRADESCO - PRUDENCIAL,1,1939.63
2025-07-01,1,RJ,BTG PACTUAL - PRUDENCIAL,7,961.49
2025-07-01,1,RJ,INTER - PRUDENCIAL,2,210.01
2025-07-01,1,RJ,ITAU - PRUDENCIAL,6,1377.36
2025-07-01,1,RJ,NU PAGAMENTOS - PRUDENCIAL,18,1434.45
2025-07-01,1,RJ,SANTANDER - PRUDENCIAL,68,76590.29
2025-07-01,1,RN,BRADESCO - PRUDENCIAL,1,91.36
2025-07-01,1,RN,BTG PACTUAL - PRUDENCIAL,1,201.08
2025-07-01,1,RN,NU PAGAMENTOS - PRUDENCIAL,2,357.26
2025-07-01,1,RN,SANTANDER - PRUDENCIAL,5,2243.38
2025-07-01,1,RO,BMG - PRUDENCIAL,1,121.47
2025-07-01,1,RO,ITAU - PRUDENCIAL,1,1.0
2025-07-01,1,RO,NU PAGAMENTOS - PRUDENCIAL,2,249.71
2025-07-01,1,RO,SANTANDER - PRUDENCIAL,7,4050.92
2025-07-01,1,RR,BTG PACTUAL - PRUDENCIAL,1,104.28
2025-07-01,1,RR,SANTANDER - PRUDENCIAL,1,357.1
2025-07-01,1,RS,BANCO C6 - PRUDENCIAL,2,338.38
2025-07-01,1,RS,BRADESCO - PRUDENCIAL,1,265.29
2025-07-01,1,RS,BTG PACTUAL - PRUDENCIAL,3,438.95
2025-07-01,1,RS,CCLA MAXI ALFA,1,203.04
2025-07-01,1,RS,ITAU - PRUDENCIAL,1,116.0
2025-07-01,1,RS,NU PAGAMENTOS - PRUDENCIAL,8,560.64
2025-07-01,1,RS,SANTANDER - PRUDENCIAL,18,18474.52
2025-07-01,1,SC,BANCO C6 - PRUDENCIAL,1,224.83
2025-07-01,1,SC,CC LITORÂNEA,1,54.05
2025-07-01,1,SC,CCLA SICOOB VALCREDI SUL,1,472.92
2025-07-01,1,SC,ITAU - PRUDENCIAL,3,472.17
2025-07-01,1,SC,NU PAGAMENTOS - PRUDENCIAL,5,548.92
2025-07-01,1,SC,SANTANDER - PRUDENCIAL,12,13388.26
2025-07-01,1,SE,BB - PRUDENCIAL,1,202.71
2025-07-01,1,SE,SANTANDER - PRUDENCIAL,1,1026.63
2025-07-01,1,SP,BANCO C6 - PRUDENCIAL,4,562.13
2025-07-01,1,SP,BANCO SICOOB - PRUDENCIAL,1,256.55
2025-07-01,1,SP,BB - PRUDENCIAL,1,51.58
2025-07-01,1,SP,BMG - PRUDENCIAL,1,202.78
2025-07-01,1,SP,BRADESCO - PRUDENCIAL,10,1335.56
2025-07-01,1,SP,BTG PACTUAL - PRUDENCIAL,7,1113.29
2025-07-01,1,SP,INTER - PRUDENCIAL,5,485.95
2025-07-01,1,SP,ITAU - PRUDENCIAL,7,850.7
2025-07-01,1,SP,NU PAGAMENTOS - PRUDENCIAL,37,3690.46
2025-07-01,1,SP,SANTANDER - PRUDENCIAL,163,162097.63
2025-07-01,1,TO,NU PAGAMENTOS - PRUDENCIAL,1,54.0
2025-07-01,2,AL,VOTORANTIM - PRUDENCIAL,1,4068.3
2025-07-01,2,BA,BANCO C6 - PRUDENCIAL,1,111.92
2025-07-01,2,BA,BRADESCO - PRUDENCIAL,2,806.05
2025-07-01,2,CE,BRADESCO - PRUDENCIAL,1,3052.52
2025-07-01,2,CE,VOTORANTIM - PRUDENCIAL,4,4708.61
2025-07-01,2,DF,BANCO C6 - PRUDENCIAL,1,371.94
2025-07-01,2,DF,BB - PRUDENCIAL,1,2714.58
2025-07-01,2,ES,VOTORANTIM - PRUDENCIAL,1,227.97
2025-07-01,2,GO,BB - PRUDENCIAL,1,1958.55
2025-07-01,2,GO,BRADESCO - PRUDENCIAL,1,282.22
2025-07-01,2,GO,VOTORANTIM - PRUDENCIAL,1,5199.26
2025-07-01,2,MA,BCO DO NORDESTE DO BRASIL S.A. - PRUDENCIAL,7,29053.38
2025-07-01,2,MA,BRADESCO - PRUDENCIAL,1,3278.92
2025-07-01,2,MA,VOTORANTIM - PRUDENCIAL,2,1630.15
2025-07-01,2,MG,BRADESCO - PRUDENCIAL,3,9391.92
2025-07-01,2,MG,SANTANDER - PRUDENCIAL,2,646.67
2025-07-01,2,MG,VOTORANTIM - PRUDENCIAL,8,34231.54
2025-07-01,2,MS,VOTORANTIM - PRUDENCIAL,5,11140.16
2025-07-01,2,MT,VOTORANTIM - PRUDENCIAL,1,3391.2
2025-07-01,2,PA,VOTORANTIM - PRUDENCIAL,1,8483.11
2025-07-01,2,PB,BRADESCO - PRUDENCIAL,1,1512.91
2025-07-01,2,PB,VOTORANTIM - PRUDENCIAL,2,2998.76
2025-07-01,2,PE,BRADESCO - PRUDENCIAL,4,25083.64
2025-07-01,2,PR,BRADESCO - PRUDENCIAL,3,6750.95
2025-07-01,2,PR,SANTANDER - PRUDENCIAL,1,173.57
2025-07-01,2,PR,VOTORANTIM - PRUDENCIAL,4,9171.4
2025-07-01,2,RJ,BRADESCO - PRUDENCIAL,5,13266.41
2025-07-01,2,RJ,SANTANDER - PRUDENCIAL,3,404.81
2025-07-01,2,RJ,VOTORANTIM - PRUDENCIAL,4,5000.95
2025-07-01,2,RN,BRADESCO - PRUDENCIAL,1,4713.18
2025-07-01,2,RN,VOTORANTIM - PRUDENCIAL,2,9919.91
2025-07-01,2,RS,BANRISUL - PRUDENCIAL,1,202.76
2025-07-01,2,RS,VOTORANTIM - PRUDENCIAL,5,15630.65
2025-07-01,2,SC,BANCO C6 - PRUDENCIAL,1,268.92
2025-07-01,2,SC,BRADESCO - PRUDENCIAL,1,252.85
2025-07-01,2,SC,VOTORANTIM - PRUDENCIAL,3,18401.47
2025-07-01,2,SP,BANCO C6 - PRUDENCIAL,6,1443.42
2025-07-01,2,SP,BRADESCO - PRUDENCIAL,10,94107.57
2025-07-01,2,SP,ITAU - PRUDENCIAL,6,1307.31
2025-07-01,2,SP,SANTANDER - PRUDENCIAL,6,478.41
2025-07-01,2,SP,VOTORANTIM - PRUDENCIAL,25,51455.07
2025-07-01,3,AM,SANTANDER - PRUDENCIAL,2,43100.44
2025-07-01,3,BA,BCO DO NORDESTE DO BRASIL S.A. - PRUDENCIAL,2,49804.8
2025-07-01,3,BA,SANTANDER - PRUDENCIAL,8,145191.52
2025-07-01,3,CE,SANTANDER - PRUDENCIAL,4,19392.66
2025-07-01,3,DF,SANTANDER - PRUDENCIAL,1,32243.71
2025-07-01,3,ES,SANTANDER - PRUDENCIAL,2,48267.54
2025-07-01,3,MA,BCO DO NORDESTE DO BRASIL S.A. - PRUDENCIAL,2,28035.68
2025-07-01,3,MA,SANTANDER - PRUDENCIAL,1,2528.66
2025-07-01,3,MG,SANTANDER - PRUDENCIAL,2,4448.28
2025-07-01,3,MS,SANTANDER - PRUDENCIAL,3,20520.96
2025-07-01,3,MT,SANTANDER - PRUDENCIAL,1,3249.39
2025-07-01,3,PB,SANTANDER - PRUDENCIAL,1,4651.43
2025-07-01,3,PE,SANTANDER - PRUDENCIAL,3,111913.39
2025-07-01,3,PI,SANTANDER - PRUDENCIAL,1,16530.48
2025-07-01,3,PR,SANTANDER - PRUDENCIAL,2,12205.07
2025-07-01,3,RJ,SANTANDER - PRUDENCIAL,8,109413.82
2025-07-01,3,RN,BCO DO NORDESTE DO BRASIL S.A. - PRUDENCIAL,1,68149.41
2025-07-01,3,RN,SANTANDER - PRUDENCIAL,2,43848.36
2025-07-01,3,SP,SANTANDER - PRUDENCIAL,29,346288.17
2025-08-01,1,AC,NU PAGAMENTOS - PRUDENCIAL,1,56.61
2025-08-01,1,AC,SANTANDER - PRUDENCIAL,1,299.24
2025-08-01,1,AL,NU PAGAMENTOS - PRUDENCIAL,1,44.17
2025-08-01,1,AL,SANTANDER - PRUDENCIAL,2,2020.25
2025-08-01,1,AM,BANCO C6 - PRUDENCIAL,1,197.24
2025-08-01,1,AM,BB - PRUDENCIAL,1,75.33
2025-08-01,1,AM,BRADESCO - PRUDENCIAL,1,204.87
2025-08-01,1,AM,NU PAGAMENTOS - PRUDENCIAL,1,89.86
2025-08-01,1,AM,SANTANDER - PRUDENCIAL,9,11847.27
2025-08-01,1,AP,SANTANDER - PRUDENCIAL,1,3960.13
2025-08-01,1,BA,BTG PACTUAL - PRUDENCIAL,2,310.39
2025-08-01,1,BA,INTER - PRUDENCIAL,1,200.25
2025-08-01,1,BA,ITAU - PRUDENCIAL,1,240.71
2025-08-01,1,BA,NU PAGAMENTOS - PRUDENCIAL,5,397.62
2025-08-01,1,BA,SANTANDER - PRUDENCIAL,10,12349.42
2025-08-01,1,CE,BTG PACTUAL - PRUDENCIAL,1,105.84
2025-08-01,1,CE,CAIXA ECONÔMICA FEDERAL - PRUDENCIAL,1,203.45
2025-08-01,1,CE,INTER - PRUDENCIAL,1,150.03
2025-08-01,1,CE,ITAU - PRUDENCIAL,2,410.09
2025-08-01,1,CE,NU PAGAMENTOS - PRUDENCIAL,4,378.53
2025-08-01,1,CE,SANTANDER - PRUDENCIAL,11,12630.24
2025-08-01,1,DF,BANCO SICOOB - PRUDENCIAL,1,203.15
2025-08-01,1,DF,NU PAGAMENTOS - PRUDENCIAL,2,199.89
2025-08-01,1,DF,SANTANDER - PRUDENCIAL,4,5384.71
2025-08-01,1,ES,NU PAGAMENTOS - PRUDENCIAL,3,184.86
2025-08-01,1,ES,SANTANDER - PRUDENCIAL,5,3461.42
2025-08-01,1,GO,BANCO C6 - PRUDENCIAL,1,115.51
2025-08-01,1,GO,BMG - PRUDENCIAL,1,200.49
2025-08-01,1,GO,ITAU - PRUDENCIAL,1,237.55
2025-08-01,1,GO,NU PAGAMENTOS - PRUDENCIAL,3,225.38
2025-08-01,1,GO,SANTANDER - PRUDENCIAL,7,9142.04
2025-08-01,1,MA,INTER - PRUDENCIAL,3,451.29
2025-08-01,1,MA,ITAU - PRUDENCIAL,1,101.85
2025-08-01,1,MA,NU PAGAMENTOS - PRUDENCIAL,1,35.53
2025-08-01,1,MA,SANTANDER - PRUDENCIAL,1,756.29
2025-08-01,1,MG,BANCO C6 - PRUDENCIAL,2,129.34
2025-08-01,1,MG,BANCO SICOOB - PRUDENCIAL,1,205.74
2025-08-01,1,MG,BRADESCO - PRUDENCIAL,4,3388.51
2025-08-01,1,MG,BTG PACTUAL - PRUDENCIAL,3,486.92
2025-08-01,1,MG,ITAU - PRUDENCIAL,1,1.0
2025-08-01,1,MG,NU PAGAMENTOS - PRUDENCIAL,9,684.18
2025-08-01,1,MG,SANTANDER - PRUDENCIAL,19,24655.0
2025-08-01,1,MS,ITAU - PRUDENCIAL,1,387.25
2025-08-01,1,MS,NU PAGAMENTOS - PRUDENCIAL,1,188.87
2025-08-01,1,MS,SANTANDER - PRUDENCIAL,3,77.82
2025-08-01,1,MT,BTG PACTUAL - PRUDENCIAL,1,200.55
2025-08-01,1,MT,NU PAGAMENTOS - PRUDENCIAL,1,174.29
2025-08-01,1,MT,SANTANDER - PRUDENCIAL,2,22.33
2025-08-01,1,PA,BANCO C6 - PRUDENCIAL,1,174.43
2025-08-01,1,PA,INTER - PRUDENCIAL,2,402.35
2025-08-01,1,PA,ITAU - PRUDENCIAL,2,305.91
2025-08-01,1,PA,NU PAGAMENTOS - PRUDENCIAL,8,759.24
2025-08-01,1,PA,SANTANDER - PRUDENCIAL,10,11735.74
2025-08-01,1,PB,INTER - PRUDENCIAL,1,154.42
2025-08-01,1,PB,NU PAGAMENTOS - PRUDENCIAL,3,134.18
2025-08-01,1,PB,SANTANDER - PRUDENCIAL,3,1314.2
2025-08-01,1,PE,BMG - PRUDENCIAL,1,201.39
2025-08-01,1,PE,BTG PACTUAL - PRUDENCIAL,1,202.14
2025-08-01,1,PE,ITAU - PRUDENCIAL,2,184.62
2025-08-01,1,PE,NU PAGAMENTOS - PRUDENCIAL,5,425.89
2025-08-01,1,PE,SANTANDER - PRUDENCIAL,9,11475.04
2025-08-01,1,PR,BRADESCO - PRUDENCIAL,1,2541.23
2025-08-01,1,PR,NU PAGAMENTOS - PRUDENCIAL,3,140.43
2025-08-01,1,PR,SANTANDER - PRUDENCIAL,13,11253.98
2025-08-01,1,RJ,BRADESCO - PRUDENCIAL,3,90.2
2025-08-01,1,RJ,BTG PACTUAL - PRUDENCIAL,2,402.8
2025-08-01,1,RJ,INTER - PRUDENCIAL,3,2605.12
2025-08-01,1,RJ,ITAU - PRUDENCIAL,4,261.57
2025-08-01,1,RJ,NU PAGAMENTOS - PRUDENCIAL,17,1579.22
2025-08-01,1,RJ,SANTANDER - PRUDENCIAL,32,33195.64
2025-08-01,1,RN,BTG PACTUAL - PRUDENCIAL,1,200.5
2025-08-01,1,RN,ITAU - PRUDENCIAL,1,209.42
2025-08-01,1,RN,NU PAGAMENTOS - PRUDENCIAL,3,155.29
2025-08-01,1,RN,SANTANDER - PRUDENCIAL,2,1682.41
2025-08-01,1,RO,SANTANDER - PRUDENCIAL,1,516.1
2025-08-01,1,RR,SANTANDER - PRUDENCIAL,2,67.66
2025-08-01,1,RS,BB - PRUDENCIAL,1,148.6
2025-08-01,1,RS,BTG PACTUAL - PRUDENCIAL,2,307.16
2025-08-01,1,RS,ITAU - PRUDENCIAL,1,54.14
2025-08-01,1,RS,NU PAGAMENTOS - PRUDENCIAL,5,492.81
2025-08-01,1,RS,SANTANDER - PRUDENCIAL,10,8576.27
2025-08-01,1,SC,BB - PRUDENCIAL,1,98.67
2025-08-01,1,SC,BRADESCO - PRUDENCIAL,2,482.85
2025-08-01,1,SC,CCLAA SICOOB MAXICRÉDITO,1,370.93
2025-08-01,1,SC,INTER - PRUDENCIAL,1,149.27
2025-08-01,1,SC,SANTANDER - PRUDENCIAL,7,4106.4
2025-08-01,1,SE,NU PAGAMENTOS - PRUDENCIAL,1,88.99
2025-08-01,1,SE,SANTANDER - PRUDENCIAL,2,475.34
2025-08-01,1,SP,BANCO C6 - PRUDENCIAL,6,726.89
2025-08-01,1,SP,BRADESCO - PRUDENCIAL,9,2314.09
2025-08-01,1,SP,BTG PACTUAL - PRUDENCIAL,8,1119.27
2025-08-01,1,SP,INTER - PRUDENCIAL,3,440.23
2025-08-01,1,SP,ITAU - PRUDENCIAL,8,561.31
2025-08-01,1,SP,NU PAGAMENTOS - PRUDENCIAL,24,4381.59
2025-08-01,1,SP,SANTANDER - PRUDENCIAL,69,65429.7
2025-08-01,1,TO,BB - PRUDENCIAL,1,203.81
2025-08-01,1,TO,NU PAGAMENTOS - PRUDENCIAL,2,260.89
2025-08-01,1,TO,SANTANDER - PRUDENCIAL,1,1078.36
2025-08-01,2,AC,BRADESCO - PRUDENCIAL,1,12612.91
2025-08-01,2,AC,ITAU - PRUDENCIAL,68,211813.59
2025-08-01,2,AL,ITAU - PRUDENCIAL,619,1547605.87
2025-08-01,2,AM,ITAU - PRUDENCIAL,412,1089944.08
2025-08-01,2,AP,ITAU - PRUDENCIAL,54,113148.04
2025-08-01,2,BA,BB - PRUDENCIAL,1,5474.51
2025-08-01,2,BA,BCO DO NORDESTE DO BRASIL S.A. - PRUDENCIAL,2,9105.79
2025-08-01,2,BA,BRADESCO - PRUDENCIAL,3,19763.52
2025-08-01,2,BA,ITAU - PRUDENCIAL,2615,6535537.6
2025-08-01,2,BA,VOTORANTIM - PRUDENCIAL,2,2761.38
2025-08-01,2,CE,ITAU - PRUDENCIAL,1593,4203284.52
2025-08-01,2,CE,VOTORANTIM - PRUDENCIAL,1,748.69
2025-08-01,2,DF,ITAU - PRUDENCIAL,797,2001692.74
2025-08-01,2,ES,ITAU - PRUDENCIAL,518,1248892.49
2025-08-01,2,ES,VOTORANTIM - PRUDENCIAL,1,669.99
2025-08-01,2,GO,BRADESCO - PRUDENCIAL,1,3053.31
2025-08-01,2,GO,ITAU - PRUDENCIAL,1118,2616016.67
2025-08-01,2,MA,BRADESCO - PRUDENCIAL,2,4914.32
2025-08-01,2,MA,ITAU - PRUDENCIAL,479,1131156.99
2025-08-01,2,MG,BRADESCO - PRUDENCIAL,3,7892.24
2025-08-01,2,MG,ITAU - PRUDENCIAL,3744,9024230.85
2025-08-01,2,MG,VOTORANTIM - PRUDENCIAL,4,7802.0
2025-08-01,2,MS,BRADESCO - PRUDENCIAL,1,7332.42
2025-08-01,2,MS,ITAU - PRUDENCIAL,448,1252489.51
2025-08-01,2,MT,ITAU - PRUDENCIAL,308,682711.86
2025-08-01,2,MT,VOTORANTIM - PRUDENCIAL,1,247.32
2025-08-01,2,PA,BRADESCO - PRUDENCIAL,1,4400.87
2025-08-01,2,PA,ITAU - PRUDENCIAL,711,1734735.01
2025-08-01,2,PA,VOTORANTIM - PRUDENCIAL,1,12258.59
2025-08-01,2,PB,ITAU - PRUDENCIAL,911,2957741.86
2025-08-01,2,PE,BANCO C6 - PRUDENCIAL,1,1065.52
2025-08-01,2,PE,BRADESCO - PRUDENCIAL,1,3842.6
2025-08-01,2,PE,ITAU - PRUDENCIAL,2182,5815607.35
2025-08-01,2,PI,ITAU - PRUDENCIAL,350,866779.73
2025-08-01,2,PR,BANCO C6 - PRUDENCIAL,1,14366.61
2025-08-01,2,PR,ITAU - PRUDENCIAL,2060,5111909.49
2025-08-01,2,PR,VOTORANTIM - PRUDENCIAL,2,4215.56
2025-08-01,2,RJ,BANCO C6 - PRUDENCIAL,1,216.86
2025-08-01,2,RJ,BRADESCO - PRUDENCIAL,2,11084.05
2025-08-01,2,RJ,ITAU - PRUDENCIAL,5817,11969459.78
2025-08-01,2,RJ,VOTORANTIM - PRUDENCIAL,2,6458.91
2025-08-01,2,RN,ITAU - PRUDENCIAL,750,2003256.54
2025-08-01,2,RN,VOTORANTIM - PRUDENCIAL,1,3162.32
2025-08-01,2,RO,ITAU - PRUDENCIAL,111,259784.23
2025-08-01,2,RR,ITAU - PRUDENCIAL,55,125244.75
2025-08-01,2,RS,ITAU - PRUDENCIAL,1767,4161849.3
2025-08-01,2,RS,VOTORANTIM - PRUDENCIAL,1,9013.29
2025-08-01,2,SC,BANCO C6 - PRUDENCIAL,1,224.21
2025-08-01,2,SC,BRADESCO - PRUDENCIAL,1,9625.71
2025-08-01,2,SC,ITAU - PRUDENCIAL,1240,3398378.24
2025-08-01,2,SC,VOTORANTIM - PRUDENCIAL,3,4010.05
2025-08-01,2,SE,ITAU - PRUDENCIAL,390,939040.48
2025-08-01,2,SP,BANCO C6 - PRUDENCIAL,6,86415.15
2025-08-01,2,SP,BRADESCO - PRUDENCIAL,5,80989.59
2025-08-01,2,SP,SANTANDER - PRUDENCIAL,1,4021.43
2025-08-01,2,SP,VOTORANTIM - PRUDENCIAL,13,26200.1
2025-08-01,2,TO,ITAU - PRUDENCIAL,78,187198.4
2025-08-01,3,AC,BRADESCO - PRUDENCIAL,2,23472.23
2025-08-01,3,AC,ITAU - PRUDENCIAL,3,35116.52
2025-08-01,3,AC,SANTANDER - PRUDENCIAL,2,15588.25
2025-08-01,3,AL,BRADESCO - PRUDENCIAL,21,1015259.07
2025-08-01,3,AL,ITAU - PRUDENCIAL,15,96333.96
2025-08-01,3,AM,BRADESCO - PRUDENCIAL,24,827924.11
2025-08-01,3,AM,ITAU - PRUDENCIAL,19,252732.08
2025-08-01,3,AP,BRADESCO - PRUDENCIAL,2,30694.56
2025-08-01,3,AP,ITAU - PRUDENCIAL,3,21505.03
2025-08-01,3,BA,BRADESCO - PRUDENCIAL,50,2273447.53
2025-08-01,3,BA,ITAU - PRUDENCIAL,71,326502.85
2025-08-01,3,BA,SANTANDER - PRUDENCIAL,5,94124.73
2025-08-01,3,CE,BRADESCO - PRUDENCIAL,29,1570724.09
2025-08-01,3,CE,ITAU - PRUDENCIAL,41,226418.94
2025-08-01,3,CE,SANTANDER - PRUDENCIAL,1,11317.87
2025-08-01,3,DF,BRADESCO - PRUDENCIAL,9,1364695.46
2025-08-01,3,DF,ITAU - PRUDENCIAL,37,192871.92
2025-08-01,3,DF,SANTANDER - PRUDENCIAL,1,76641.79
2025-08-01,3,ES,BRADESCO - PRUDENCIAL,15,716603.12
2025-08-01,3,ES,ITAU - PRUDENCIAL,17,54505.18
2025-08-01,3,GO,BRADESCO - PRUDENCIAL,32,3646708.03
2025-08-01,3,GO,ITAU - PRUDENCIAL,98,622451.1
2025-08-01,3,GO,SANTANDER - PRUDENCIAL,2,9832.33
2025-08-01,3,MA,BRADESCO - PRUDENCIAL,25,1473450.73
2025-08-01,3,MA,ITAU - PRUDENCIAL,9,51116.17
2025-08-01,3,MA,SANTANDER - PRUDENCIAL,1,9402.12
2025-08-01,3,MG,BRADESCO - PRUDENCIAL,64,2421331.65
2025-08-01,3,MG,ITAU - PRUDENCIAL,102,659177.9
2025-08-01,3,MS,BRADESCO - PRUDENCIAL,22,921807.28
2025-08-01,3,MS,ITAU - PRUDENCIAL,12,78803.95
2025-08-01,3,MT,BRADESCO - PRUDENCIAL,17,489025.6
2025-08-01,3,MT,ITAU - PRUDENCIAL,15,67499.46
2025-08-01,3,MT,SANTANDER - PRUDENCIAL,3,18969.59
2025-08-01,3,PA,BRADESCO - PRUDENCIAL,20,1237271.44
2025-08-01,3,PA,ITAU - PRUDENCIAL,20,89422.7
2025-08-01,3,PB,BRADESCO - PRUDENCIAL,14,289040.57
2025-08-01,3,PB,ITAU - PRUDENCIAL,8,45240.02
2025-08-01,3,PE,BRADESCO - PRUDENCIAL,28,1014713.14
2025-08-01,3,PE,ITAU - PRUDENCIAL,37,137389.93
2025-08-01,3,PE,SANTANDER - PRUDENCIAL,1,26801.74
2025-08-01,3,PI,BRADESCO - PRUDENCIAL,10,514475.59
2025-08-01,3,PI,ITAU - PRUDENCIAL,4,38865.26
2025-08-01,3,PR,BRADESCO - PRUDENCIAL,54,2367817.11
2025-08-01,3,PR,ITAU - PRUDENCIAL,93,532912.54
2025-08-01,3,PR,SANTANDER - PRUDENCIAL,3,66610.92
2025-08-01,3,RJ,BRADESCO - PRUDENCIAL,91,9024200.41
2025-08-01,3,RJ,ITAU - PRUDENCIAL,204,1036809.58
2025-08-01,3,RJ,SANTANDER - PRUDENCIAL,15,368237.72
2025-08-01,3,RN,BRADESCO - PRUDENCIAL,8,1024774.4
2025-08-01,3,RN,ITAU - PRUDENCIAL,20,143912.48
2025-08-01,3,RO,BRADESCO - PRUDENCIAL,8,322885.74
2025-08-01,3,RO,ITAU - PRUDENCIAL,6,66976.62
2025-08-01,3,RR,BRADESCO - PRUDENCIAL,1,149908.76
2025-08-01,3,RR,ITAU - PRUDENCIAL,3,7374.57
2025-08-01,3,RR,SANTANDER - PRUDENCIAL,1,44840.31
2025-08-01,3,RS,BRADESCO - PRUDENCIAL,22,1206508.23
2025-08-01,3,RS,ITAU - PRUDENCIAL,36,256793.61
2025-08-01,3,SC,BRADESCO - PRUDENCIAL,20,1453729.29
2025-08-01,3,SC,ITAU - PRUDENCIAL,37,256205.18
2025-08-01,3,SE,BRADESCO - PRUDENCIAL,6,36733.19
2025-08-01,3,SE,ITAU - PRUDENCIAL,2,17593.86
2025-08-01,3,SP,BRADESCO - PRUDENCIAL,335,20249993.47
2025-08-01,3,SP,ITAU - PRUDENCIAL,548,3801528.93
2025-08-01,3,SP,SANTANDER - PRUDENCIAL,11,121787.54
2025-08-01,3,TO,BRADESCO - PRUDENCIAL,4,74758.28
2025-08-01,3,TO,ITAU - PRUDENCIAL,8,29551.81
2025-09-01,1,AC,NU PAGAMENTOS - PRUDENCIAL,1,90.22
2025-09-01,1,AL,NU PAGAMENTOS - PRUDENCIAL,1,1292.72
2025-09-01,1,AL,SANTANDER - PRUDENCIAL,3,1850.23
2025-09-01,1,AM,BMG - PRUDENCIAL,1,200.01
2025-09-01,1,AM,ITAU - PRUDENCIAL,2,352.11
2025-09-01,1,AM,NU PAGAMENTOS - PRUDENCIAL,1,52.11
2025-09-01,1,AM,SANTANDER - PRUDENCIAL,3,3983.68
2025-09-01,1,AP,SANTANDER - PRUDENCIAL,1,288.87
2025-09-01,1,BA,BRADESCO - PRUDENCIAL,2,2712.14
2025-09-01,1,BA,BTG PACTUAL - PRUDENCIAL,1,91.63
2025-09-01,1,BA,INTER - PRUDENCIAL,1,117.2
2025-09-01,1,BA,ITAU - PRUDENCIAL,1,202.59
2025-09-01,1,BA,NU PAGAMENTOS - PRUDENCIAL,3,1180.29
2025-09-01,1,BA,SANTANDER - PRUDENCIAL,9,9606.63
2025-09-01,1,CE,BB - PRUDENCIAL,1,201.85
2025-09-01,1,CE,BRADESCO - PRUDENCIAL,1,429.62
2025-09-01,1,CE,INTER - PRUDENCIAL,1,99.63
2025-09-01,1,CE,NU PAGAMENTOS - PRUDENCIAL,5,5521.05
2025-09-01,1,CE,SANTANDER - PRUDENCIAL,8,12206.25
2025-09-01,1,DF,BTG PACTUAL - PRUDENCIAL,2,284.6
2025-09-01,1,DF,ITAU - PRUDENCIAL,1,181.34
2025-09-01,1,DF,NU PAGAMENTOS - PRUDENCIAL,2,129.33
2025-09-01,1,DF,SANTANDER - PRUDENCIAL,6,12473.25
2025-09-01,1,ES,BRADESCO - PRUDENCIAL,1,143.53
2025-09-01,1,ES,BTG PACTUAL - PRUDENCIAL,2,154.36
2025-09-01,1,ES,NU PAGAMENTOS - PRUDENCIAL,1,54.87
2025-09-01,1,ES,SANTANDER - PRUDENCIAL,1,2135.28
2025-09-01,1,GO,BTG PACTUAL - PRUDENCIAL,1,186.76
2025-09-01,1,GO,ITAU - PRUDENCIAL,4,609.47
2025-09-01,1,GO,SANTANDER - PRUDENCIAL,9,15556.77
2025-09-01,1,MA,ITAU - PRUDENCIAL,2,364.3
2025-09-01,1,MA,NU PAGAMENTOS - PRUDENCIAL,2,189.28
2025-09-01,1,MA,SANTANDER - PRUDENCIAL,3,4213.24
2025-09-01,1,MG,BANCO C6 - PRUDENCIAL,2,312.82
2025-09-01,1,MG,BMG - PRUDENCIAL,1,202.15
2025-09-01,1,MG,BRADESCO - PRUDENCIAL,2,1256.63
2025-09-01,1,MG,BTG PACTUAL - PRUDENCIAL,2,402.46
2025-09-01,1,MG,INTER - PRUDENCIAL,1,50.91
2025-09-01,1,MG,ITAU - PRUDENCIAL,4,821.36
2025-09-01,1,MG,NU PAGAMENTOS - PRUDENCIAL,6,1142.35
2025-09-01,1,MG,SANTANDER - PRUDENCIAL,12,12089.01
2025-09-01,1,MS,BTG PACTUAL - PRUDENCIAL,1,160.87
2025-09-01,1,MS,NU PAGAMENTOS - PRUDENCIAL,4,352.2
2025-09-01,1,MS,SANTANDER - PRUDENCIAL,4,2430.41
2025-09-01,1,MT,BB - PRUDENCIAL,1,111.67
2025-09-01,1,MT,BTG PACTUAL - PRUDENCIAL,1,202.2
2025-09-01,1,MT,NU PAGAMENTOS - PRUDENCIAL,2,128.84
2025-09-01,1,MT,SANTANDER - PRUDENCIAL,2,7490.15
2025-09-01,1,PA,INTER - PRUDENCIAL,1,202.01
2025-09-01,1,PA,NU PAGAMENTOS - PRUDENCIAL,2,299.19
2025-09-01,1,PA,SANTANDER - PRUDENCIAL,5,5869.98
2025-09-01,1,PB,ITAU - PRUDENCIAL,1,100.0
2025-09-01,1,PB,NU PAGAMENTOS - PRUDENCIAL,2,1340.79
2025-09-01,1,PB,SANTANDER - PRUDENCIAL,3,2405.82
2025-09-01,1,PE,BTG PACTUAL - PRUDENCIAL,2,315.68
2025-09-01,1,PE,INTER - PRUDENCIAL,2,328.71
2025-09-01,1,PE,ITAU - PRUDENCIAL,1,208.18
2025-09-01,1,PE,NU PAGAMENTOS - PRUDENCIAL,4,334.06
2025-09-01,1,PE,SANTANDER - PRUDENCIAL,7,12259.68
2025-09-01,1,PI,INTER - PRUDENCIAL,1,83.71
2025-09-01,1,PI,ITAU - PRUDENCIAL,1,149.59
2025-09-01,1,PI,SANTANDER - PRUDENCIAL,2,1261.36
2025-09-01,1,PR,BANCO C6 - PRUDENCIAL,1,169.96
2025-09-01,1,PR,BTG PACTUAL - PRUDENCIAL,2,332.06
2025-09-01,1,PR,INTER - PRUDENCIAL,1,49.59
2025-09-01,1,PR,ITAU - PRUDENCIAL,3,561.0
2025-09-01,1,PR,NU PAGAMENTOS - PRUDENCIAL,3,248.93
2025-09-01,1,PR,SANTANDER - PRUDENCIAL,9,11811.65
2025-09-01,1,RJ,BTG PACTUAL - PRUDENCIAL,3,527.88
2025-09-01,1,RJ,ITAU - PRUDENCIAL,3,492.58
2025-09-01,1,RJ,NU PAGAMENTOS - PRUDENCIAL,9,636.93
2025-09-01,1,RJ,SANTANDER - PRUDENCIAL,36,34323.74
2025-09-01,1,RN,BB - PRUDENCIAL,1,131.25
2025-09-01,1,RN,BTG PACTUAL - PRUDENCIAL,1,201.79
2025-09-01,1,RN,NU PAGAMENTOS - PRUDENCIAL,5,771.83
2025-09-01,1,RN,SANTANDER - PRUDENCIAL,1,1813.6
2025-09-01,1,RO,BANCO C6 - PRUDENCIAL,1,256.75
2025-09-01,1,RO,BB - PRUDENCIAL,1,28.45
2025-09-01,1,RO,BTG PACTUAL - PRUDENCIAL,1,51.2
2025-09-01,1,RO,NU PAGAMENTOS - PRUDENCIAL,1,110.73
2025-09-01,1,RO,SANTANDER - PRUDENCIAL,5,10129.08
2025-09-01,1,RS,BB - PRUDENCIAL,2,333.51
2025-09-01,1,RS,BRADESCO - PRUDENCIAL,3,968.7
2025-09-01,1,RS,BTG PACTUAL - PRUDENCIAL,2,252.23
2025-09-01,1,RS,INTER - PRUDENCIAL,1,200.19
2025-09-01,1,RS,ITAU - PRUDENCIAL,1,200.63
2025-09-01,1,RS,NU PAGAMENTOS - PRUDENCIAL,6,723.25
2025-09-01,1,RS,SANTANDER - PRUDENCIAL,10,11592.05
2025-09-01,1,SC,CCLAA SICOOB MAXICRÉDITO,2,295.73
2025-09-01,1,SC,NU PAGAMENTOS - PRUDENCIAL,3,332.18
2025-09-01,1,SC,SANTANDER - PRUDENCIAL,2,5274.75
2025-09-01,1,SE,SANTANDER - PRUDENCIAL,3,2268.53
2025-09-01,1,SP,BANCO C6 - PRUDENCIAL,2,248.99
2025-09-01,1,SP,BMG - PRUDENCIAL,1,202.11
2025-09-01,1,SP,BRADESCO - PRUDENCIAL,5,2252.85
2025-09-01,1,SP,BTG PACTUAL - PRUDENCIAL,7,550.2
2025-09-01,1,SP,INTER - PRUDENCIAL,3,555.99
2025-09-01,1,SP,ITAU - PRUDENCIAL,14,1292.17
2025-09-01,1,SP,NU PAGAMENTOS - PRUDENCIAL,29,3713.66
2025-09-01,1,SP,SANTANDER - PRUDENCIAL,51,64424.1
2025-09-01,1,TO,ITAU - PRUDENCIAL,1,203.8
2025-09-01,1,TO,SANTANDER - PRUDENCIAL,2,1989.88
2025-09-01,2,AL,BRADESCO - PRUDENCIAL,1,4840.64
2025-09-01,2,AM,VOTORANTIM - PRUDENCIAL,1,762.33
2025-09-01,2,BA,BCO DO NORDESTE DO BRASIL S.A. - PRUDENCIAL,2,10263.9
2025-09-01,2,BA,BRADESCO - PRUDENCIAL,4,22828.84
2025-09-01,2,BA,ITAU - PRUDENCIAL,1,3055.55
2025-09-01,2,BA,VOTORANTIM - PRUDENCIAL,1,11024.42
2025-09-01,2,CE,BANCO C6 - PRUDENCIAL,1,232.63
2025-09-01,2,CE,BCO DO NORDESTE DO BRASIL S.A. - PRUDENCIAL,1,775.69
2025-09-01,2,CE,SANTANDER - PRUDENCIAL,1,12.43
2025-09-01,2,CE,VOTORANTIM - PRUDENCIAL,3,8573.39
2025-09-01,2,DF,BRADESCO - PRUDENCIAL,1,6556.78
2025-09-01,2,GO,BB - PRUDENCIAL,2,5467.8
2025-09-01,2,GO,VOTORANTIM - PRUDENCIAL,1,727.47
2025-09-01,2,MA,VOTORANTIM - PRUDENCIAL,1,492.39
2025-09-01,2,MG,BRADESCO - PRUDENCIAL,2,849.2
2025-09-01,2,MG,VOTORANTIM - PRUDENCIAL,5,11459.17
2025-09-01,2,MS,VOTORANTIM - PRUDENCIAL,1,1064.12
2025-09-01,2,MT,BANCO C6 - PRUDENCIAL,1,170.77
2025-09-01,2,MT,VOTORANTIM - PRUDENCIAL,1,989.97
2025-09-01,2,PA,BB - PRUDENCIAL,1,674.82
2025-09-01,2,PA,BRADESCO - PRUDENCIAL,2,4940.31
2025-09-01,2,PA,VOTORANTIM - PRUDENCIAL,1,5405.87
2025-09-01,2,PE,BRADESCO - PRUDENCIAL,1,5362.48
2025-09-01,2,PE,VOTORANTIM - PRUDENCIAL,1,1027.67
2025-09-01,2,PR,BANCO C6 - PRUDENCIAL,1,108.85
2025-09-01,2,PR,BRADESCO - PRUDENCIAL,1,10950.24
2025-09-01,2,PR,VOTORANTIM - PRUDENCIAL,3,5934.19
2025-09-01,2,RJ,BANCO C6 - PRUDENCIAL,4,10813.83
2025-09-01,2,RJ,BRADESCO - PRUDENCIAL,2,35849.77
2025-09-01,2,RJ,BTG PACTUAL - PRUDENCIAL,2,2816.97
2025-09-01,2,RJ,ITAU - PRUDENCIAL,2,218.85
2025-09-01,2,RJ,VOTORANTIM - PRUDENCIAL,2,2340.32
2025-09-01,2,RO,BTG PACTUAL - PRUDENCIAL,1,2925.64
2025-09-01,2,RS,BB - PRUDENCIAL,1,706.48
2025-09-01,2,RS,BRADESCO - PRUDENCIAL,1,3691.35
2025-09-01,2,RS,VOTORANTIM - PRUDENCIAL,3,4073.32
2025-09-01,2,SC,BRADESCO - PRUDENCIAL,1,1545.08
2025-09-01,2,SC,BTG PACTUAL - PRUDENCIAL,2,6550.83
2025-09-01,2,SC,VOTORANTIM - PRUDENCIAL,1,5794.56
2025-09-01,2,SE,VOTORANTIM - PRUDENCIAL,1,1635.12
2025-09-01,2,SP,BANCO C6 - PRUDENCIAL,3,532.9
2025-09-01,2,SP,BRADESCO - PRUDENCIAL,10,59055.13
2025-09-01,2,SP,BTG PACTUAL - PRUDENCIAL,1,648.69
2025-09-01,2,SP,VOTORANTIM - PRUDENCIAL,23,52145.01
2025-09-01,2,TO,BRADESCO - PRUDENCIAL,1,36431.19
2025-09-01,2,TO,VOTORANTIM - PRUDENCIAL,1,2083.49
2025-09-01,3,AC,BRADESCO - PRUDENCIAL,1,306980.63
2025-09-01,3,AL,BCO DO NORDESTE DO BRASIL S.A. - PRUDENCIAL,2,25209.59
2025-09-01,3,AL,BRADESCO - PRUDENCIAL,2,23803.61
2025-09-01,3,AM,BRADESCO - PRUDENCIAL,1,29372.7
2025-09-01,3,BA,BCO DO NORDESTE DO BRASIL S.A. - PRUDENCIAL,33,883214.15
2025-09-01,3,BA,BRADESCO - PRUDENCIAL,23,833489.79
2025-09-01,3,BA,SANTANDER - PRUDENCIAL,2,65991.15
2025-09-01,3,CE,BCO DO NORDESTE DO BRASIL S.A. - PRUDENCIAL,36,399129.13
2025-09-01,3,CE,BRADESCO - PRUDENCIAL,10,261582.13
2025-09-01,3,DF,BRADESCO - PRUDENCIAL,2,45660.11
2025-09-01,3,ES,BCO DO NORDESTE DO BRASIL S.A. - PRUDENCIAL,2,3198.67
2025-09-01,3,ES,BRADESCO - PRUDENCIAL,4,79878.25
2025-09-01,3,GO,BRADESCO - PRUDENCIAL,8,170857.25
2025-09-01,3,MA,BCO DO NORDESTE DO BRASIL S.A. - PRUDENCIAL,20,585974.62
2025-09-01,3,MA,BRADESCO - PRUDENCIAL,4,265832.18
2025-09-01,3,MA,SANTANDER - PRUDENCIAL,1,810.19
2025-09-01,3,MG,BCO DO NORDESTE DO BRASIL S.A. - PRUDENCIAL,10,97880.85
2025-09-01,3,MG,BRADESCO - PRUDENCIAL,19,821878.09
2025-09-01,3,MG,SANTANDER - PRUDENCIAL,2,3929.74
2025-09-01,3,MS,BRADESCO - PRUDENCIAL,5,168464.5
2025-09-01,3,MT,BRADESCO - PRUDENCIAL,4,39274.45
2025-09-01,3,MT,SANTANDER - PRUDENCIAL,1,13218.67
2025-09-01,3,PA,BRADESCO - PRUDENCIAL,9,300242.66
2025-09-01,3,PA,SANTANDER - PRUDENCIAL,1,15444.91
2025-09-01,3,PB,BCO DO NORDESTE DO BRASIL S.A. - PRUDENCIAL,19,286310.81
2025-09-01,3,PB,BRADESCO - PRUDENCIAL,2,13819.06
2025-09-01,3,PE,BCO DO NORDESTE DO BRASIL S.A. - PRUDENCIAL,19,825159.68
2025-09-01,3,PE,BRADESCO - PRUDENCIAL,9,505776.18
2025-09-01,3,PE,SANTANDER - PRUDENCIAL,2,47116.16
2025-09-01,3,PI,BB - PRUDENCIAL,1,389.8
2025-09-01,3,PI,BCO DO NORDESTE DO BRASIL S.A. - PRUDENCIAL,14,249071.51
2025-09-01,3,PI,BRADESCO - PRUDENCIAL,1,60891.73
2025-09-01,3,PR,BRADESCO - PRUDENCIAL,24,767402.65
2025-09-01,3,PR,SANTANDER - PRUDENCIAL,2,67192.19
2025-09-01,3,RJ,BRADESCO - PRUDENCIAL,11,534559.78
2025-09-01,3,RJ,SANTANDER - PRUDENCIAL,4,37794.1
2025-09-01,3,RN,BCO DO NORDESTE DO BRASIL S.A. - PRUDENCIAL,19,347656.21
2025-09-01,3,RN,BRADESCO - PRUDENCIAL,5,183198.53
2025-09-01,3,RO,BRADESCO - PRUDENCIAL,1,60931.3
2025-09-01,3,RS,BRADESCO - PRUDENCIAL,11,130962.29
2025-09-01,3,RS,SANTANDER - PRUDENCIAL,2,19936.29
2025-09-01,3,SC,BRADESCO - PRUDENCIAL,4,443698.01
2025-09-01,3,SC,SANTANDER - PRUDENCIAL,1,20150.74
2025-09-01,3,SE,BCO DO NORDESTE DO BRASIL S.A. - PRUDENCIAL,2,104474.22
2025-09-01,3,SP,BRADESCO - PRUDENCIAL,78,4865030.33
2025-09-01,3,SP,SANTANDER - PRUDENCIAL,12,104529.67
2025-09-01,3,TO,BRADESCO - PRUDENCIAL,2,34732.94
2025-10-01,1,AC,BTG PACTUAL - PRUDENCIAL,1,99.78
2025-10-01,1,AC,CAIXA ECONÔMICA FEDERAL - PRUDENCIAL,694,845906.39
2025-10-01,1,AL,CAIXA ECONÔMICA FEDERAL - PRUDENCIAL,2142,2274146.37
2025-10-01,1,AL,ITAU - PRUDENCIAL,1,210.26
2025-10-01,1,AL,NU PAGAMENTOS - PRUDENCIAL,2,200.39
2025-10-01,1,AL,SANTANDER - PRUDENCIAL,1,209.15
2025-10-01,1,AM,BTG PACTUAL - PRUDENCIAL,1,119.34
2025-10-01,1,AM,CAIXA ECONÔMICA FEDERAL - PRUDENCIAL,4175,5325895.87
2025-10-01,1,AM,NU PAGAMENTOS - PRUDENCIAL,4,2432.81
2025-10-01,1,AM,SANTANDER - PRUDENCIAL,1,3911.14
2025-10-01,1,AP,CAIXA ECONÔMICA FEDERAL - PRUDENCIAL,352,392979.08
2025-10-01,1,BA,CAIXA ECONÔMICA FEDERAL - PRUDENCIAL,8043,9147442.98
2025-10-01,1,BA,ITAU - PRUDENCIAL,1,306.24
2025-10-01,1,BA,NU PAGAMENTOS - PRUDENCIAL,5,362.75
2025-10-01,1,BA,SANTANDER - PRUDENCIAL,5,5667.82
2025-10-01,1,CE,BANCO C6 - PRUDENCIAL,1,160.12
2025-10-01,1,CE,BMG - PRUDENCIAL,1,202.68
2025-10-01,1,CE,BTG PACTUAL - PRUDENCIAL,1,202.41
2025-10-01,1,CE,CAIXA ECONÔMICA FEDERAL - PRUDENCIAL,6231,6724685.9
2025-10-01,1,CE,INTER - PRUDENCIAL,1,76.97
2025-10-01,1,CE,NU PAGAMENTOS - PRUDENCIAL,6,2163.09
2025-10-01,1,CE,SANTANDER - PRUDENCIAL,6,10918.8
2025-10-01,1,DF,CAIXA ECONÔMICA FEDERAL - PRUDENCIAL,2320,2878856.78
2025-10-01,1,DF,INTER - PRUDENCIAL,1,99.27
2025-10-01,1,DF,NU PAGAMENTOS - PRUDENCIAL,1,59.91
2025-10-01,1,DF,SANTANDER - PRUDENCIAL,2,685.73
2025-10-01,1,ES,BANCO C6 - PRUDENCIAL,1,178.46
2025-10-01,1,ES,BTG PACTUAL - PRUDENCIAL,1,93.77
2025-10-01,1,ES,CAIXA ECONÔMICA FEDERAL - PRUDENCIAL,2245,2846038.62
2025-10-01,1,GO,BRADESCO - PRUDENCIAL,1,97.28
2025-10-01,1,GO,BTG PACTUAL - PRUDENCIAL,1,200.65
2025-10-01,1,GO,CAIXA ECONÔMICA FEDERAL - PRUDENCIAL,3316,3691940.75
2025-10-01,1,GO,ITAU - PRUDENCIAL,1,216.29
2025-10-01,1,GO,NU PAGAMENTOS - PRUDENCIAL,5,503.7
2025-10-01,1,GO,SANTANDER - PRUDENCIAL,2,951.43
2025-10-01,1,MA,BTG PACTUAL - PRUDENCIAL,1,203.07
2025-10-01,1,MA,CAIXA ECONÔMICA FEDERAL - PRUDENCIAL,2479,2621943.59
2025-10-01,1,MA,SANTANDER - PRUDENCIAL,1,268.31
2025-10-01,1,MG,BANCO SICOOB - PRUDENCIAL,2,217.06
2025-10-01,1,MG,BB - PRUDENCIAL,1,47.84
2025-10-01,1,MG,BRADESCO - PRUDENCIAL,1,200.25
2025-10-01,1,MG,BTG PACTUAL - PRUDENCIAL,3,256.88
2025-10-01,1,MG,ITAU - PRUDENCIAL,3,661.01
2025-10-01,1,MG,NU PAGAMENTOS - PRUDENCIAL,11,947.08
2025-10-01,1,MG,SANTANDER - PRUDENCIAL,21,18956.45
2025-10-01,1,MS,CAIXA ECONÔMICA FEDERAL - PRUDENCIAL,2939,3688920.3
2025-10-01,1,MS,INTER - PRUDENCIAL,1,197.75
2025-10-01,1,MS,NU PAGAMENTOS - PRUDENCIAL,1,116.86
2025-10-01,1,MS,SANTANDER - PRUDENCIAL,3,391.61
2025-10-01,1,MT,BRADESCO - PRUDENCIAL,1,203.28
2025-10-01,1,MT,CAIXA ECONÔMICA FEDERAL - PRUDENCIAL,1934,3060957.08
2025-10-01,1,MT,NU PAGAMENTOS - PRUDENCIAL,2,3959.5
2025-10-01,1,MT,SANTANDER - PRUDENCIAL,3,4195.77
2025-10-01,1,PA,BANCO C6 - PRUDENCIAL,1,155.27
2025-10-01,1,PA,BB - PRUDENCIAL,1,201.35
2025-10-01,1,PA,CAIXA ECONÔMICA FEDERAL - PRUDENCIAL,3600,3550474.74
2025-10-01,1,PA,ITAU - PRUDENCIAL,1,169.64
2025-10-01,1,PA,NU PAGAMENTOS - PRUDENCIAL,4,1640.94
2025-10-01,1,PA,SANTANDER - PRUDENCIAL,8,9211.28
2025-10-01,1,PB,BMG - PRUDENCIAL,1,183.56
2025-10-01,1,PB,CAIXA ECONÔMICA FEDERAL - PRUDENCIAL,2712,3012501.55
2025-10-01,1,PB,NU PAGAMENTOS - PRUDENCIAL,3,313.64
2025-10-01,1,PB,SANTANDER - PRUDENCIAL,3,1632.31
2025-10-01,1,PE,CAIXA ECONÔMICA FEDERAL - PRUDENCIAL,6078,6637444.35
2025-10-01,1,PE,ITAU - PRUDENCIAL,1,211.8
2025-10-01,1,PE,NU PAGAMENTOS - PRUDENCIAL,2,84.59
2025-10-01,1,PE,SANTANDER - PRUDENCIAL,3,205.66
2025-10-01,1,PE,VOTORANTIM - PRUDENCIAL,1,103.05
2025-10-01,1,PI,CAIXA ECONÔMICA FEDERAL - PRUDENCIAL,2103,2421864.73
2025-10-01,1,PI,NU PAGAMENTOS - PRUDENCIAL,1,127.09
2025-10-01,1,PR,BMG - PRUDENCIAL,1,201.47
2025-10-01,1,PR,BTG PACTUAL - PRUDENCIAL,1,154.78
2025-10-01,1,PR,CAIXA ECONÔMICA FEDERAL - PRUDENCIAL,6087,7474396.74
2025-10-01,1,PR,ITAU - PRUDENCIAL,2,245.19
2025-10-01,1,PR,NU PAGAMENTOS - PRUDENCIAL,2,198.12
2025-10-01,1,PR,SANTANDER - PRUDENCIAL,6,7099.35
2025-10-01,1,PR,VOTORANTIM - PRUDENCIAL,1,200.2
2025-10-01,1,RJ,BANCO C6 - PRUDENCIAL,4,637.17
2025-10-01,1,RJ,BMG - PRUDENCIAL,1,200.84
2025-10-01,1,RJ,BRADESCO - PRUDENCIAL,2,255.94
2025-10-01,1,RJ,BTG PACTUAL - PRUDENCIAL,4,605.98
2025-10-01,1,RJ,INTER - PRUDENCIAL,2,103.84
2025-10-01,1,RJ,ITAU - PRUDENCIAL,7,1188.02
2025-10-01,1,RJ,NU PAGAMENTOS - PRUDENCIAL,11,5234.29
2025-10-01,1,RJ,SANTANDER - PRUDENCIAL,17,10952.45
2025-10-01,1,RN,BANCO C6 - PRUDENCIAL,1,348.83
2025-10-01,1,RN,CAIXA ECONÔMICA FEDERAL - PRUDENCIAL,2084,2347178.15
2025-10-01,1,RN,NU PAGAMENTOS - PRUDENCIAL,4,465.37
2025-10-01,1,RO,CAIXA ECONÔMICA FEDERAL - PRUDENCIAL,1581,2145722.44
2025-10-01,1,RO,NU PAGAMENTOS - PRUDENCIAL,1,165.87
2025-10-01,1,RO,SANTANDER - PRUDENCIAL,1,753.36
2025-10-01,1,RR,CAIXA ECONÔMICA FEDERAL - PRUDENCIAL,399,463455.85
2025-10-01,1,RR,SANTANDER - PRUDENCIAL,2,1730.33
2025-10-01,1,RS,BB - PRUDENCIAL,1,48.12
2025-10-01,1,RS,BRADESCO - PRUDENCIAL,1,201.67
2025-10-01,1,RS,CAIXA ECONÔMICA FEDERAL - PRUDENCIAL,8244,9833573.96
2025-10-01,1,RS,ITAU - PRUDENCIAL,3,518.71
2025-10-01,1,RS,NU PAGAMENTOS - PRUDENCIAL,6,533.69
2025-10-01,1,RS,SANTANDER - PRUDENCIAL,4,1951.51
2025-10-01,1,SC,CAIXA ECONÔMICA FEDERAL - PRUDENCIAL,3613,5067005.16
2025-10-01,1,SC,INTER - PRUDENCIAL,1,196.18
2025-10-01,1,SC,ITAU - PRUDENCIAL,1,101.45
2025-10-01,1,SC,NU PAGAMENTOS - PRUDENCIAL,4,241.11
2025-10-01,1,SC,SANTANDER - PRUDENCIAL,3,234.94
2025-10-01,1,SE,CAIXA ECONÔMICA FEDERAL - PRUDENCIAL,1404,1596309.36
2025-10-01,1,SE,NU PAGAMENTOS - PRUDENCIAL,1,98.31
2025-10-01,1,SE,SANTANDER - PRUDENCIAL,1,456.31
2025-10-01,1,SP,BANCO C6 - PRUDENCIAL,4,322.13
2025-10-01,1,SP,BANCO SICOOB - PRUDENCIAL,1,206.76
2025-10-01,1,SP,BB - PRUDENCIAL,3,476.58
2025-10-01,1,SP,BRADESCO - PRUDENCIAL,3,427.62
2025-10-01,1,SP,BTG PACTUAL - PRUDENCIAL,7,900.17
2025-10-01,1,SP,INTER - PRUDENCIAL,3,290.58
2025-10-01,1,SP,ITAU - PRUDENCIAL,11,1658.37
2025-10-01,1,SP,NU PAGAMENTOS - PRUDENCIAL,22,3041.71
2025-10-01,1,SP,SANTANDER - PRUDENCIAL,51,47657.21
2025-10-01,1,TO,BB - PRUDENCIAL,1,201.25
2025-10-01,1,TO,CAIXA ECONÔMICA FEDERAL - PRUDENCIAL,524,614309.24
2025-10-01,1,TO,ITAU - PRUDENCIAL,1,106.77
2025-10-01,1,TO,NU PAGAMENTOS - PRUDENCIAL,1,147.92
2025-10-01,1,TO,SANTANDER - PRUDENCIAL,1,1288.52
2025-10-01,2,AL,VOTORANTIM - PRUDENCIAL,1,901.18
2025-10-01,2,AM,BRADESCO - PRUDENCIAL,2,28959.1
2025-10-01,2,AP,BANCO C6 - PRUDENCIAL,1,274.42
2025-10-01,2,AP,BRADESCO - PRUDENCIAL,1,2384.81
2025-10-01,2,BA,BRADESCO - PRUDENCIAL,1,30736.85
2025-10-01,2,BA,CAIXA ECONÔMICA FEDERAL - PRUDENCIAL,4,8503.07
2025-10-01,2,BA,VOTORANTIM - PRUDENCIAL,2,3915.52
2025-10-01,2,CE,BANCO C6 - PRUDENCIAL,1,382.02
2025-10-01,2,CE,VOTORANTIM - PRUDENCIAL,1,4699.42
2025-10-01,2,DF,ITAU - PRUDENCIAL,1,2182.17
2025-10-01,2,ES,BRADESCO - PRUDENCIAL,2,11098.41
2025-10-01,2,ES,CAIXA ECONÔMICA FEDERAL - PRUDENCIAL,3,9321.1
2025-10-01,2,ES,VOTORANTIM - PRUDENCIAL,1,2202.49
2025-10-01,2,GO,CAIXA ECONÔMICA FEDERAL - PRUDENCIAL,1,4487.75
2025-10-01,2,GO,ITAU - PRUDENCIAL,1,169.55
2025-10-01,2,GO,VOTORANTIM - PRUDENCIAL,1,1058.03
2025-10-01,2,MA,CAIXA ECONÔMICA FEDERAL - PRUDENCIAL,1,623.73
2025-10-01,2,MA,VOTORANTIM - PRUDENCIAL,1,3629.98
2025-10-01,2,MG,CAIXA ECONÔMICA FEDERAL - PRUDENCIAL,2,3289.09
2025-10-01,2,MG,ITAU - PRUDENCIAL,3,359.97
2025-10-01,2,MG,VOTORANTIM - PRUDENCIAL,7,20270.79
2025-10-01,2,MT,VOTORANTIM - PRUDENCIAL,1,382.95
2025-10-01,2,PA,BRADESCO - PRUDENCIAL,2,3400.98
2025-10-01,2,PA,VOTORANTIM - PRUDENCIAL,1,1847.93
2025-10-01,2,PB,BRADESCO - PRUDENCIAL,1,12603.44
2025-10-01,2,PB,VOTORANTIM - PRUDENCIAL,1,1819.14
2025-10-01,2,PE,BRADESCO - PRUDENCIAL,1,2833.78
2025-10-01,2,PE,CAIXA ECONÔMICA FEDERAL - PRUDENCIAL,2,6471.02
2025-10-01,2,PE,VOTORANTIM - PRUDENCIAL,2,803.79
2025-10-01,2,PR,BRADESCO - PRUDENCIAL,2,3202.7
2025-10-01,2,PR,CAIXA ECONÔMICA FEDERAL - PRUDENCIAL,4,6632.27
2025-10-01,2,PR,VOTORANTIM - PRUDENCIAL,2,6218.82
2025-10-01,2,RJ,BANCO C6 - PRUDENCIAL,1,115.78
2025-10-01,2,RJ,BRADESCO - PRUDENCIAL,6,20369.57
2025-10-01,2,RJ,CAIXA ECONÔMICA FEDERAL - PRUDENCIAL,2,1727.72
2025-10-01,2,RJ,ITAU - PRUDENCIAL,2,75.95
2025-10-01,2,RJ,VOTORANTIM - PRUDENCIAL,5,15501.34
2025-10-01,2,RN,BANCO C6 - PRUDENCIAL,1,304.63
2025-10-01,2,RN,BRADESCO - PRUDENCIAL,2,3455.99
2025-10-01,2,RN,CAIXA ECONÔMICA FEDERAL - PRUDENCIAL,1,7099.28
2025-10-01,2,RS,BANRISUL - PRUDENCIAL,1,94.96
2025-10-01,2,RS,BRADESCO - PRUDENCIAL,2,12277.28
2025-10-01,2,RS,CAIXA ECONÔMICA FEDERAL - PRUDENCIAL,6,8130.16
2025-10-01,2,RS,VOTORANTIM - PRUDENCIAL,3,12247.4
2025-10-01,2,SC,BANCO C6 - PRUDENCIAL,1,3259.39
2025-10-01,2,SC,CAIXA ECONÔMICA FEDERAL - PRUDENCIAL,3,8167.79
2025-10-01,2,SC,VOTORANTIM - PRUDENCIAL,3,23073.11
2025-10-01,2,SP,BANCO C6 - PRUDENCIAL,3,796.1
2025-10-01,2,SP,BB - PRUDENCIAL,1,8815.36
2025-10-01,2,SP,BRADESCO - PRUDENCIAL,13,118314.22
2025-10-01,2,SP,CAIXA ECONÔMICA FEDERAL - PRUDENCIAL,12,25734.51
2025-10-01,2,SP,ITAU - PRUDENCIAL,3,111.22
2025-10-01,2,SP,SANTANDER - PRUDENCIAL,2,1564.77
2025-10-01,2,SP,VOTORANTIM - PRUDENCIAL,9,35101.91
2025-10-01,3,AC,CAIXA ECONÔMICA FEDERAL - PRUDENCIAL,1,63587.6
2025-10-01,3,AL,BRADESCO - PRUDENCIAL,2,74735.96
2025-10-01,3,AL,CAIXA ECONÔMICA FEDERAL - PRUDENCIAL,3,76867.08
2025-10-01,3,AM,BRADESCO - PRUDENCIAL,9,172807.16
2025-10-01,3,AM,CAIXA ECONÔMICA FEDERAL - PRUDENCIAL,1,60348.8
2025-10-01,3,AP,BRADESCO - PRUDENCIAL,1,16792.92
2025-10-01,3,AP,CAIXA ECONÔMICA FEDERAL - PRUDENCIAL,3,150724.29
2025-10-01,3,BA,BRADESCO - PRUDENCIAL,25,454198.34
2025-10-01,3,BA,CAIXA ECONÔMICA FEDERAL - PRUDENCIAL,27,1028512.66
2025-10-01,3,BA,SANTANDER - PRUDENCIAL,1,9040.74
2025-10-01,3,CE,BRADESCO - PRUDENCIAL,7,107469.93
2025-10-01,3,CE,CAIXA ECONÔMICA FEDERAL - PRUDENCIAL,11,695298.25
2025-10-01,3,CE,SANTANDER - PRUDENCIAL,1,16128.65
2025-10-01,3,DF,BRADESCO - PRUDENCIAL,1,35883.37
2025-10-01,3,DF,CAIXA ECONÔMICA FEDERAL - PRUDENCIAL,4,148252.97
2025-10-01,3,ES,BRADESCO - PRUDENCIAL,2,13495.63
2025-10-01,3,ES,CAIXA ECONÔMICA FEDERAL - PRUDENCIAL,10,398454.94
2025-10-01,3,GO,BRADESCO - PRUDENCIAL,17,228002.75
2025-10-01,3,GO,CAIXA ECONÔMICA FEDERAL - PRUDENCIAL,13,335088.73
2025-10-01,3,GO,SANTANDER - PRUDENCIAL,1,969.74
2025-10-01,3,MA,BCO DO NORDESTE DO BRASIL S.A. - PRUDENCIAL,1,3719.21
2025-10-01,3,MA,BRADESCO - PRUDENCIAL,4,48363.39
2025-10-01,3,MA,CAIXA ECONÔMICA FEDERAL - PRUDENCIAL,4,70029.16
2025-10-01,3,MA,SANTANDER - PRUDENCIAL,1,17954.37
2025-10-01,3,MG,BRADESCO - PRUDENCIAL,26,584112.98
2025-10-01,3,MG,CAIXA ECONÔMICA FEDERAL - PRUDENCIAL,27,1045170.11
2025-10-01,3,MG,SANTANDER - PRUDENCIAL,2,14578.22
2025-10-01,3,MS,BRADESCO - PRUDENCIAL,9,187089.5
2025-10-01,3,MS,CAIXA ECONÔMICA FEDERAL - PRUDENCIAL,5,359575.01
2025-10-01,3,MS,SANTANDER - PRUDENCIAL,1,11239.4
2025-10-01,3,MT,BRADESCO - PRUDENCIAL,7,80366.46
2025-10-01,3,MT,CAIXA ECONÔMICA FEDERAL - PRUDENCIAL,8,223257.09
2025-10-01,3,MT,SANTANDER - PRUDENCIAL,1,8479.71
2025-10-01,3,PA,BRADESCO - PRUDENCIAL,13,283284.7
2025-10-01,3,PA,CAIXA ECONÔMICA FEDERAL - PRUDENCIAL,5,125000.6
2025-10-01,3,PA,SANTANDER - PRUDENCIAL,1,6907.95
2025-10-01,3,PB,BCO DO NORDESTE DO BRASIL S.A. - PRUDENCIAL,1,2008.25
2025-10-01,3,PB,BRADESCO - PRUDENCIAL,2,76598.86
2025-10-01,3,PB,CAIXA ECONÔMICA FEDERAL - PRUDENCIAL,4,164146.19
2025-10-01,3,PE,BRADESCO - PRUDENCIAL,13,310359.31
2025-10-01,3,PE,CAIXA ECONÔMICA FEDERAL - PRUDENCIAL,10,539815.34
2025-10-01,3,PE,SANTANDER - PRUDENCIAL,1,8524.05
2025-10-01,3,PI,BRADESCO - PRUDENCIAL,3,16226.54
2025-10-01,3,PI,CAIXA ECONÔMICA FEDERAL - PRUDENCIAL,5,124450.9
2025-10-01,3,PR,BRADESCO - PRUDENCIAL,24,459562.34
2025-10-01,3,PR,CAIXA ECONÔMICA FEDERAL - PRUDENCIAL,26,706294.37
2025-10-01,3,RJ,BRADESCO - PRUDENCIAL,29,696113.15
2025-10-01,3,RJ,CAIXA ECONÔMICA FEDERAL - PRUDENCIAL,29,2290093.09
2025-10-01,3,RJ,SANTANDER - PRUDENCIAL,5,58531.26
2025-10-01,3,RN,BRADESCO - PRUDENCIAL,6,67114.21
2025-10-01,3,RN,CAIXA ECONÔMICA FEDERAL - PRUDENCIAL,4,73364.17
2025-10-01,3,RO,BRADESCO - PRUDENCIAL,2,24918.45
2025-10-01,3,RO,CAIXA ECONÔMICA FEDERAL - PRUDENCIAL,2,10899.18
2025-10-01,3,RR,CAIXA ECONÔMICA FEDERAL - PRUDENCIAL,3,146999.28
2025-10-01,3,RS,CAIXA ECONÔMICA FEDERAL - PRUDENCIAL,37,2553455.19
2025-10-01,3,SC,BRADESCO - PRUDENCIAL,18,309629.81
2025-10-01,3,SC,CAIXA ECONÔMICA FEDERAL - PRUDENCIAL,16,369213.14
2025-10-01,3,SE,BRADESCO - PRUDENCIAL,5,75024.61
2025-10-01,3,SE,CAIXA ECONÔMICA FEDERAL - PRUDENCIAL,2,123943.16
2025-10-01,3,SP,BRADESCO - PRUDENCIAL,78,1678862.95
2025-10-01,3,SP,CAIXA ECONÔMICA FEDERAL - PRUDENCIAL,52,3328774.06
2025-10-01,3,SP,SANTANDER - PRUDENCIAL,8,208353.8
2025-10-01,3,TO,BRADESCO - PRUDENCIAL,6,199170.86
2025-11-01,1,AC,CAIXA ECONÔMICA FEDERAL - PRUDENCIAL,3,342.27
2025-11-01,1,AC,NU PAGAMENTOS - PRUDENCIAL,2,2391.92
2025-11-01,1,AL,CAIXA ECONÔMICA FEDERAL - PRUDENCIAL,5,729.54
2025-11-01,1,AL,INTER - PRUDENCIAL,1,127.57
2025-11-01,1,AL,ITAU - PRUDENCIAL,2,204.83
2025-11-01,1,AL,NU PAGAMENTOS - PRUDENCIAL,1,145.12
2025-11-01,1,AL,SANTANDER - PRUDENCIAL,1,27.22
2025-11-01,1,AM,CAIXA ECONÔMICA FEDERAL - PRUDENCIAL,9,1261.12
2025-11-01,1,AM,ITAU - PRUDENCIAL,1,120.73
2025-11-01,1,AM,NU PAGAMENTOS - PRUDENCIAL,4,361.68
2025-11-01,1,AM,SANTANDER - PRUDENCIAL,3,8875.84
2025-11-01,1,AP,CAIXA ECONÔMICA FEDERAL - PRUDENCIAL,1,134.07
2025-11-01,1,BA,BB - PRUDENCIAL,1,54.01
2025-11-01,1,BA,BTG PACTUAL - PRUDENCIAL,1,200.57
2025-11-01,1,BA,CAIXA ECONÔMICA FEDERAL - PRUDENCIAL,35,4929.2
2025-11-01,1,BA,INTER - PRUDENCIAL,1,50.12
2025-11-01,1,BA,ITAU - PRUDENCIAL,2,465.5
2025-11-01,1,BA,NU PAGAMENTOS - PRUDENCIAL,13,4644.18
2025-11-01,1,BA,SANTANDER - PRUDENCIAL,6,8304.94
2025-11-01,1,CE,BANCO C6 - PRUDENCIAL,1,168.69
2025-11-01,1,CE,BTG PACTUAL - PRUDENCIAL,1,202.16
2025-11-01,1,CE,CAIXA ECONÔMICA FEDERAL - PRUDENCIAL,21,3147.89
2025-11-01,1,CE,INTER - PRUDENCIAL,3,486.95
2025-11-01,1,CE,NU PAGAMENTOS - PRUDENCIAL,14,5182.41
2025-11-01,1,CE,SANTANDER - PRUDENCIAL,5,2386.75
2025-11-01,1,DF,CAIXA ECONÔMICA FEDERAL - PRUDENCIAL,7,1050.69
2025-11-01,1,DF,ITAU - PRUDENCIAL,2,389.63
2025-11-01,1,DF,NU PAGAMENTOS - PRUDENCIAL,2,1691.65
2025-11-01,1,ES,BTG PACTUAL - PRUDENCIAL,1,201.29
2025-11-01,1,ES,CAIXA ECONÔMICA FEDERAL - PRUDENCIAL,6,742.92
2025-11-01,1,ES,ITAU - PRUDENCIAL,1,326.5
2025-11-01,1,ES,NU PAGAMENTOS - PRUDENCIAL,1,48.9
2025-11-01,1,ES,SANTANDER - PRUDENCIAL,3,1242.37
2025-11-01,1,GO,CAIXA ECONÔMICA FEDERAL - PRUDENCIAL,10,1316.8
2025-11-01,1,GO,INTER - PRUDENCIAL,2,349.74
2025-11-01,1,GO,ITAU - PRUDENCIAL,1,242.82
2025-11-01,1,GO,SANTANDER - PRUDENCIAL,4,1565.71
2025-11-01,1,MA,CAIXA ECONÔMICA FEDERAL - PRUDENCIAL,9,1169.21
2025-11-01,1,MA,ITAU - PRUDENCIAL,1,253.92
2025-11-01,1,MA,NU PAGAMENTOS - PRUDENCIAL,2,241.49
2025-11-01,1,MA,SANTANDER - PRUDENCIAL,2,851.34
2025-11-01,1,MG,BB - PRUDENCIAL,1,49.75
2025-11-01,1,MG,BRADESCO - PRUDENCIAL,2,443.26
2025-11-01,1,MG,BTG PACTUAL - PRUDENCIAL,2,404.22
2025-11-01,1,MG,CAIXA ECONÔMICA FEDERAL - PRUDENCIAL,25,3726.65
2025-11-01,1,MG,INTER - PRUDENCIAL,1,201.2
2025-11-01,1,MG,NU PAGAMENTOS - PRUDENCIAL,1,51.61
2025-11-01,1,MG,SANTANDER - PRUDENCIAL,12,13569.62
2025-11-01,1,MS,BMG - PRUDENCIAL,1,200.11
2025-11-01,1,MS,CAIXA ECONÔMICA FEDERAL - PRUDENCIAL,5,741.23
2025-11-01,1,MS,ITAU - PRUDENCIAL,2,507.9
2025-11-01,1,MS,NU PAGAMENTOS - PRUDENCIAL,3,233.38
2025-11-01,1,MT,CAIXA ECONÔMICA FEDERAL - PRUDENCIAL,4,697.88
2025-11-01,1,MT,ITAU - PRUDENCIAL,1,1.0
2025-11-01,1,MT,NU PAGAMENTOS - PRUDENCIAL,3,8171.06
2025-11-01,1,MT,SANTANDER - PRUDENCIAL,2,1526.17
2025-11-01,1,PA,BB - PRUDENCIAL,1,200.4
2025-11-01,1,PA,CAIXA ECONÔMICA FEDERAL - PRUDENCIAL,14,1873.85
2025-11-01,1,PA,ITAU - PRUDENCIAL,1,1.0
2025-11-01,1,PA,NU PAGAMENTOS - PRUDENCIAL,4,281.16
2025-11-01,1,PA,SANTANDER - PRUDENCIAL,8,9187.95
2025-11-01,1,PB,CAIXA ECONÔMICA FEDERAL - PRUDENCIAL,8,1189.36
2025-11-01,1,PB,NU PAGAMENTOS - PRUDENCIAL,2,355.41
2025-11-01,1,PB,SANTANDER - PRUDENCIAL,1,341.78
2025-11-01,1,PE,BB - PRUDENCIAL,1,201.63
2025-11-01,1,PE,CAIXA ECONÔMICA FEDERAL - PRUDENCIAL,10,1328.02
2025-11-01,1,PE,INTER - PRUDENCIAL,2,251.06
2025-11-01,1,PE,ITAU - PRUDENCIAL,1,149.07
2025-11-01,1,PE,NU PAGAMENTOS - PRUDENCIAL,1,129.49
2025-11-01,1,PE,SANTANDER - PRUDENCIAL,2,1669.17
2025-11-01,1,PI,BB - PRUDENCIAL,1,28.55
2025-11-01,1,PI,CAIXA ECONÔMICA FEDERAL - PRUDENCIAL,10,1580.21
2025-11-01,1,PI,NU PAGAMENTOS - PRUDENCIAL,2,3694.51
2025-11-01,1,PR,BANCO C6 - PRUDENCIAL,2,118.25
2025-11-01,1,PR,BB - PRUDENCIAL,1,99.04
2025-11-01,1,PR,BTG PACTUAL - PRUDENCIAL,2,401.97
2025-11-01,1,PR,CAIXA ECONÔMICA FEDERAL - PRUDENCIAL,8,1144.4
2025-11-01,1,PR,NU PAGAMENTOS - PRUDENCIAL,9,7842.68
2025-11-01,1,PR,SANTANDER - PRUDENCIAL,10,6145.8
2025-11-01,1,RJ,BTG PACTUAL - PRUDENCIAL,1,200.65
2025-11-01,1,RJ,CAIXA ECONÔMICA FEDERAL - PRUDENCIAL,21,2987.9
2025-11-01,1,RJ,ITAU - PRUDENCIAL,4,613.82
2025-11-01,1,RJ,NU PAGAMENTOS - PRUDENCIAL,12,2748.32
2025-11-01,1,RJ,SANTANDER - PRUDENCIAL,22,18426.38
2025-11-01,1,RN,CAIXA ECONÔMICA FEDERAL - PRUDENCIAL,7,789.76
2025-11-01,1,RN,NU PAGAMENTOS - PRUDENCIAL,4,296.53
2025-11-01,1,RN,SANTANDER - PRUDENCIAL,3,3891.67
2025-11-01,1,RO,CAIXA ECONÔMICA FEDERAL - PRUDENCIAL,6,842.42
2025-11-01,1,RO,NU PAGAMENTOS - PRUDENCIAL,1,147.25
2025-11-01,1,RO,SANTANDER - PRUDENCIAL,4,12763.63
2025-11-01,1,RR,CAIXA ECONÔMICA FEDERAL - PRUDENCIAL,1,115.74
2025-11-01,1,RR,NU PAGAMENTOS - PRUDENCIAL,2,275.5
2025-11-01,1,RS,BANCO C6 - PRUDENCIAL,1,115.75
2025-11-01,1,RS,BRADESCO - PRUDENCIAL,1,3469.99
2025-11-01,1,RS,CAIXA ECONÔMICA FEDERAL - PRUDENCIAL,9,1256.21
2025-11-01,1,RS,ITAU - PRUDENCIAL,1,191.15
2025-11-01,1,RS,NU PAGAMENTOS - PRUDENCIAL,8,1309.91
2025-11-01,1,RS,SANTANDER - PRUDENCIAL,3,4932.48
2025-11-01,1,SC,BB - PRUDENCIAL,1,88.39
2025-11-01,1,SC,BRADESCO - PRUDENCIAL,1,918.68
2025-11-01,1,SC,BTG PACTUAL - PRUDENCIAL,1,200.17
2025-11-01,1,SC,CAIXA ECONÔMICA FEDERAL - PRUDENCIAL,4,603.1
2025-11-01,1,SC,ITAU - PRUDENCIAL,1,316.93
2025-11-01,1,SC,NU PAGAMENTOS - PRUDENCIAL,3,353.91
2025-11-01,1,SC,SANTANDER - PRUDENCIAL,3,3903.22
2025-11-01,1,SE,CAIXA ECONÔMICA FEDERAL - PRUDENCIAL,3,247.51
2025-11-01,1,SE,ITAU - PRUDENCIAL,1,1.0
2025-11-01,1,SE,NU PAGAMENTOS - PRUDENCIAL,3,308.8
2025-11-01,1,SE,SANTANDER - PRUDENCIAL,2,170.93
2025-11-01,1,SP,BANCO C6 - PRUDENCIAL,16,18496.94
2025-11-01,1,SP,BRADESCO - PRUDENCIAL,3,523.49
2025-11-01,1,SP,BTG PACTUAL - PRUDENCIAL,3,470.74
2025-11-01,1,SP,CAIXA ECONÔMICA FEDERAL - PRUDENCIAL,36,5083.58
2025-11-01,1,SP,INTER - PRUDENCIAL,1,201.6
2025-11-01,1,SP,ITAU - PRUDENCIAL,8,1134.35
2025-11-01,1,SP,NU PAGAMENTOS - PRUDENCIAL,29,2805.62
2025-11-01,1,SP,SANTANDER - PRUDENCIAL,38,28624.17
2025-11-01,2,AC,VOTORANTIM - PRUDENCIAL,1,686.37
2025-11-01,2,AL,VOTORANTIM - PRUDENCIAL,2,3272.54
2025-11-01,2,BA,ITAU - PRUDENCIAL,1,1881.69
2025-11-01,2,CE,BCO DO NORDESTE DO BRASIL S.A. - PRUDENCIAL,1,3280.83
2025-11-01,2,CE,CAIXA ECONÔMICA FEDERAL - PRUDENCIAL,1,89.94
2025-11-01,2,CE,VOTORANTIM - PRUDENCIAL,2,2507.11
2025-11-01,2,GO,BRADESCO - PRUDENCIAL,1,4141.67
2025-11-01,2,GO,VOTORANTIM - PRUDENCIAL,1,5362.25
2025-11-01,2,MG,BB - PRUDENCIAL,1,1212.36
2025-11-01,2,MG,BRADESCO - PRUDENCIAL,1,3376.95
2025-11-01,2,MG,VOTORANTIM - PRUDENCIAL,2,25451.02
2025-11-01,2,MS,VOTORANTIM - PRUDENCIAL,2,26285.27
2025-11-01,2,MT,BRADESCO - PRUDENCIAL,1,4713.84
2025-11-01,2,PA,BRADESCO - PRUDENCIAL,1,7726.77
2025-11-01,2,PA,VOTORANTIM - PRUDENCIAL,2,8675.23
2025-11-01,2,PB,VOTORANTIM - PRUDENCIAL,1,8283.61
2025-11-01,2,PE,BRADESCO - PRUDENCIAL,2,44660.59
2025-11-01,2,PI,BANCO C6 - PRUDENCIAL,1,194.85
2025-11-01,2,PI,CAIXA ECONÔMICA FEDERAL - PRUDENCIAL,1,152.78
2025-11-01,2,PR,CAIXA ECONÔMICA FEDERAL - PRUDENCIAL,1,3135.85
2025-11-01,2,PR,VOTORANTIM - PRUDENCIAL,4,20774.95
2025-11-01,2,RJ,BRADESCO - PRUDENCIAL,3,43926.44
2025-11-01,2,RJ,VOTORANTIM - PRUDENCIAL,3,4367.6
2025-11-01,2,RN,VOTORANTIM - PRUDENCIAL,1,5142.55
2025-11-01,2,RS,BRADESCO - PRUDENCIAL,1,2734.02
2025-11-01,2,RS,ITAU - PRUDENCIAL,1,95.8
2025-11-01,2,RS,VOTORANTIM - PRUDENCIAL,2,3007.58
2025-11-01,2,SE,VOTORANTIM - PRUDENCIAL,1,785.08
2025-11-01,2,SP,BANCO C6 - PRUDENCIAL,2,1341.5
2025-11-01,2,SP,BRADESCO - PRUDENCIAL,6,56499.16
2025-11-01,2,SP,CAIXA ECONÔMICA FEDERAL - PRUDENCIAL,2,12781.63
2025-11-01,2,SP,ITAU - PRUDENCIAL,1,1633.1
2025-11-01,2,SP,VOTORANTIM - PRUDENCIAL,14,31098.88
2025-11-01,3,AL,BRADESCO - PRUDENCIAL,1,5407.84
2025-11-01,3,AM,BRADESCO - PRUDENCIAL,3,163651.3
2025-11-01,3,BA,BRADESCO - PRUDENCIAL,5,248408.0
2025-11-01,3,CE,BRADESCO - PRUDENCIAL,3,224945.81
2025-11-01,3,ES,BRADESCO - PRUDENCIAL,1,391.85
2025-11-01,3,GO,BRADESCO - PRUDENCIAL,2,59741.2
2025-11-01,3,MA,BRADESCO - PRUDENCIAL,4,456374.57
2025-11-01,3,MG,BRADESCO - PRUDENCIAL,10,207529.95
2025-11-01,3,MG,SANTANDER - PRUDENCIAL,1,44864.75
2025-11-01,3,MS,BRADESCO - PRUDENCIAL,3,100744.37
2025-11-01,3,MT,BRADESCO - PRUDENCIAL,2,25552.23
2025-11-01,3,PA,BRADESCO - PRUDENCIAL,5,181341.17
2025-11-01,3,PB,BRADESCO - PRUDENCIAL,2,4796.58
2025-11-01,3,PE,BRADESCO - PRUDENCIAL,1,5288.9
2025-11-01,3,PR,BRADESCO - PRUDENCIAL,10,1496565.49
2025-11-01,3,PR,SANTANDER - PRUDENCIAL,2,370444.68
2025-11-01,3,RJ,BRADESCO - PRUDENCIAL,5,35663.06
2025-11-01,3,RN,BRADESCO - PRUDENCIAL,1,14359.54
2025-11-01,3,RO,BRADESCO - PRUDENCIAL,1,36514.59
2025-11-01,3,RS,BRADESCO - PRUDENCIAL,4,89996.14
2025-11-01,3,SC,BRADESCO - PRUDENCIAL,4,207196.43
2025-11-01,3,SP,BRADESCO - PRUDENCIAL,43,3235565.32
2025-11-01,3,SP,SANTANDER - PRUDENCIAL,3,33849.61
2025-11-01,3,TO,BRADESCO - PRUDENCIAL,1,2790.42
2025-12-01,1,AL,BB - PRUDENCIAL,1,200.97
2025-12-01,1,AL,NU PAGAMENTOS - PRUDENCIAL,1,40.99
2025-12-01,1,AM,BRADESCO - PRUDENCIAL,1,558.83
2025-12-01,1,AM,ITAU - PRUDENCIAL,2,401.03
2025-12-01,1,AM,NU PAGAMENTOS - PRUDENCIAL,2,167.55
2025-12-01,1,AM,SANTANDER - PRUDENCIAL,1,1108.41
2025-12-01,1,BA,BB - PRUDENCIAL,1,207.03
2025-12-01,1,BA,BTG PACTUAL - PRUDENCIAL,1,200.09
2025-12-01,1,BA,NU PAGAMENTOS - PRUDENCIAL,1,121.04
2025-12-01,1,BA,SANTANDER - PRUDENCIAL,6,1608.32
2025-12-01,1,CE,BTG PACTUAL - PRUDENCIAL,2,403.32
2025-12-01,1,CE,NU PAGAMENTOS - PRUDENCIAL,9,617.74
2025-12-01,1,CE,SANTANDER - PRUDENCIAL,4,2664.61
2025-12-01,1,DF,BRADESCO - PRUDENCIAL,1,85.92
2025-12-01,1,DF,NU PAGAMENTOS - PRUDENCIAL,1,121.49
2025-12-01,1,DF,SANTANDER - PRUDENCIAL,2,6.46
2025-12-01,1,ES,BANCO C6 - PRUDENCIAL,1,178.46
2025-12-01,1,ES,NU PAGAMENTOS - PRUDENCIAL,1,121.64
2025-12-01,1,ES,SANTANDER - PRUDENCIAL,1,26.8
2025-12-01,1,GO,BB - PRUDENCIAL,1,126.86
2025-12-01,1,GO,BTG PACTUAL - PRUDENCIAL,1,149.95
2025-12-01,1,GO,NU PAGAMENTOS - PRUDENCIAL,3,285.95
2025-12-01,1,GO,SANTANDER - PRUDENCIAL,3,3622.69
2025-12-01,1,MA,BB - PRUDENCIAL,1,34.74
2025-12-01,1,MA,NU PAGAMENTOS - PRUDENCIAL,2,188.01
2025-12-01,1,MA,SANTANDER - PRUDENCIAL,2,3032.24
2025-12-01,1,MG,BANCO C6 - PRUDENCIAL,1,60.68
2025-12-01,1,MG,BB - PRUDENCIAL,1,200.81
2025-12-01,1,MG,BTG PACTUAL - PRUDENCIAL,1,203.07
2025-12-01,1,MG,ITAU - PRUDENCIAL,2,580.79
2025-12-01,1,MG,NU PAGAMENTOS - PRUDENCIAL,5,452.2
2025-12-01,1,MG,SANTANDER - PRUDENCIAL,14,13243.95
2025-12-01,1,MS,CAIXA ECONÔMICA FEDERAL - PRUDENCIAL,1,132.59
2025-12-01,1,MS,NU PAGAMENTOS - PRUDENCIAL,1,100.96
2025-12-01,1,MS,SANTANDER - PRUDENCIAL,3,1406.7
2025-12-01,1,MT,NU PAGAMENTOS - PRUDENCIAL,4,354.75
2025-12-01,1,PA,CAIXA ECONÔMICA FEDERAL - PRUDENCIAL,1,189.32
2025-12-01,1,PA,NU PAGAMENTOS - PRUDENCIAL,1,122.77
2025-12-01,1,PA,SANTANDER - PRUDENCIAL,5,5478.36
2025-12-01,1,PB,INTER - PRUDENCIAL,1,154.42
2025-12-01,1,PB,NU PAGAMENTOS - PRUDENCIAL,2,163.09
2025-12-01,1,PB,SANTANDER - PRUDENCIAL,1,2.32
2025-12-01,1,PE,BB - PRUDENCIAL,1,220.56
2025-12-01,1,PE,NU PAGAMENTOS - PRUDENCIAL,1,81.32
2025-12-01,1,PE,SANTANDER - PRUDENCIAL,3,7595.85
2025-12-01,1,PI,NU PAGAMENTOS - PRUDENCIAL,1,57.13
2025-12-01,1,PI,SANTANDER - PRUDENCIAL,1,1108.16
2025-12-01,1,PR,BANCO C6 - PRUDENCIAL,1,114.33
2025-12-01,1,PR,BTG PACTUAL - PRUDENCIAL,2,319.12
2025-12-01,1,PR,CAIXA ECONÔMICA FEDERAL - PRUDENCIAL,1,205.46
2025-12-01,1,PR,NU PAGAMENTOS - PRUDENCIAL,6,574.24
2025-12-01,1,PR,SANTANDER - PRUDENCIAL,3,2797.65
2025-12-01,1,RJ,BANCO C6 - PRUDENCIAL,2,240.68
2025-12-01,1,RJ,BTG PACTUAL - PRUDENCIAL,1,50.16
2025-12-01,1,RJ,INTER - PRUDENCIAL,1,102.24
2025-12-01,1,RJ,ITAU - PRUDENCIAL,2,516.06
2025-12-01,1,RJ,NU PAGAMENTOS - PRUDENCIAL,6,414.56
2025-12-01,1,RJ,SANTANDER - PRUDENCIAL,12,17535.09
2025-12-01,1,RN,ITAU - PRUDENCIAL,1,83.07
2025-12-01,1,RN,NU PAGAMENTOS - PRUDENCIAL,1,82.33
2025-12-01,1,RN,SANTANDER - PRUDENCIAL,2,196.88
2025-12-01,1,RO,CAIXA ECONÔMICA FEDERAL - PRUDENCIAL,1,200.58
2025-12-01,1,RO,SANTANDER - PRUDENCIAL,2,241.15
2025-12-01,1,RS,BB - PRUDENCIAL,1,221.83
2025-12-01,1,RS,BTG PACTUAL - PRUDENCIAL,1,99.51
2025-12-01,1,RS,CAIXA ECONÔMICA FEDERAL - PRUDENCIAL,2,400.88
2025-12-01,1,RS,ITAU - PRUDENCIAL,2,402.35
2025-12-01,1,RS,NU PAGAMENTOS - PRUDENCIAL,4,280.93
2025-12-01,1,RS,SANTANDER - PRUDENCIAL,4,5710.41
2025-12-01,1,SC,BANCO C6 - PRUDENCIAL,1,1.98
2025-12-01,1,SC,BTG PACTUAL - PRUDENCIAL,1,200.17
2025-12-01,1,SC,NU PAGAMENTOS - PRUDENCIAL,2,160.89
2025-12-01,1,SC,SANTANDER - PRUDENCIAL,2,1675.9
2025-12-01,1,SE,NU PAGAMENTOS - PRUDENCIAL,1,82.49
2025-12-01,1,SP,BANCO C6 - PRUDENCIAL,2,366.64
2025-12-01,1,SP,BTG PACTUAL - PRUDENCIAL,3,453.52
2025-12-01,1,SP,CAIXA ECONÔMICA FEDERAL - PRUDENCIAL,6,1042.23
2025-12-01,1,SP,INTER - PRUDENCIAL,1,146.56
2025-12-01,1,SP,ITAU - PRUDENCIAL,9,1683.83
2025-12-01,1,SP,NU PAGAMENTOS - PRUDENCIAL,20,1979.5
2025-12-01,1,SP,SANTANDER - PRUDENCIAL,33,35854.15
2025-12-01,1,TO,ITAU - PRUDENCIAL,1,202.21
2025-12-01,2,AC,BANCO C6 - PRUDENCIAL,1,2901.1
2025-12-01,2,AL,BANCO C6 - PRUDENCIAL,1,118.98
2025-12-01,2,AM,BRADESCO - PRUDENCIAL,1,8435.4
2025-12-01,2,AP,CAIXA ECONÔMICA FEDERAL - PRUDENCIAL,1,8280.96
2025-12-01,2,BA,BANCO C6 - PRUDENCIAL,2,109.55
2025-12-01,2,BA,BCO DO NORDESTE DO BRASIL S.A. - PRUDENCIAL,1,1346.62
2025-12-01,2,BA,BRADESCO - PRUDENCIAL,3,46653.66
2025-12-01,2,BA,VOTORANTIM - PRUDENCIAL,2,10529.71
2025-12-01,2,CE,BANCO C6 - PRUDENCIAL,1,2044.55
2025-12-01,2,CE,BCO DO NORDESTE DO BRASIL S.A. - PRUDENCIAL,3,27756.94
2025-12-01,2,CE,BRADESCO - PRUDENCIAL,1,2656.24
2025-12-01,2,CE,VOTORANTIM - PRUDENCIAL,1,4054.1
2025-12-01,2,DF,BRADESCO - PRUDENCIAL,1,39409.2
2025-12-01,2,ES,BRADESCO - PRUDENCIAL,1,8393.5
2025-12-01,2,GO,VOTORANTIM - PRUDENCIAL,3,3241.84
2025-12-01,2,MA,BCO DO NORDESTE DO BRASIL S.A. - PRUDENCIAL,2,83536.1
2025-12-01,2,MA,VOTORANTIM - PRUDENCIAL,1,2804.85
2025-12-01,2,MG,BANCO C6 - PRUDENCIAL,2,97705.7
2025-12-01,2,MG,BRADESCO - PRUDENCIAL,1,11897.37
2025-12-01,2,MG,CAIXA ECONÔMICA FEDERAL - PRUDENCIAL,2,1039.82
2025-12-01,2,MG,VOTORANTIM - PRUDENCIAL,4,9575.48
2025-12-01,2,MS,BRADESCO - PRUDENCIAL,1,592.45
2025-12-01,2,MS,VOTORANTIM - PRUDENCIAL,4,9443.26
2025-12-01,2,PA,BB - PRUDENCIAL,2,3049.51
2025-12-01,2,PA,BRADESCO - PRUDENCIAL,1,2981.37
2025-12-01,2,PB,BCO DO NORDESTE DO BRASIL S.A. - PRUDENCIAL,1,14446.53
2025-12-01,2,PB,VOTORANTIM - PRUDENCIAL,1,3558.39
2025-12-01,2,PE,BANCO C6 - PRUDENCIAL,1,200.06
2025-12-01,2,PE,VOTORANTIM - PRUDENCIAL,1,342.99
2025-12-01,2,PI,BANCO C6 - PRUDENCIAL,1,1.56
2025-12-01,2,PI,BRADESCO - PRUDENCIAL,1,1265.67
2025-12-01,2,PR,BANCO C6 - PRUDENCIAL,1,99.96
2025-12-01,2,PR,BRADESCO - PRUDENCIAL,1,1352.67
2025-12-01,2,PR,CAIXA ECONÔMICA FEDERAL - PRUDENCIAL,1,1176.74
2025-12-01,2,PR,VOTORANTIM - PRUDENCIAL,6,25982.71
2025-12-01,2,RJ,BANCO C6 - PRUDENCIAL,1,168.59
2025-12-01,2,RJ,BRADESCO - PRUDENCIAL,2,3806.99
2025-12-01,2,RJ,VOTORANTIM - PRUDENCIAL,6,11601.96
2025-12-01,2,RN,BRADESCO - PRUDENCIAL,2,3455.99
2025-12-01,2,RN,VOTORANTIM - PRUDENCIAL,1,2744.94
2025-12-01,2,RS,BRADESCO - PRUDENCIAL,1,11551.08
2025-12-01,2,RS,CAIXA ECONÔMICA FEDERAL - PRUDENCIAL,1,1810.61
2025-12-01,2,SC,BB - PRUDENCIAL,1,283.66
2025-12-01,2,SC,VOTORANTIM - PRUDENCIAL,3,10393.27
2025-12-01,2,SP,BANCO C6 - PRUDENCIAL,6,10446.46
2025-12-01,2,SP,BRADESCO - PRUDENCIAL,5,23619.61
2025-12-01,2,SP,CAIXA ECONÔMICA FEDERAL - PRUDENCIAL,2,2429.1
2025-12-01,2,SP,SANTANDER - PRUDENCIAL,1,1766.31
2025-12-01,2,SP,VOTORANTIM - PRUDENCIAL,18,43549.6
2025-12-01,3,AL,BCO DO NORDESTE DO BRASIL S.A. - PRUDENCIAL,2,25221.56
2025-12-01,3,AL,BRADESCO - PRUDENCIAL,4,96174.06
2025-12-01,3,AM,BRADESCO - PRUDENCIAL,3,613497.94
2025-12-01,3,AP,BRADESCO - PRUDENCIAL,1,18262.01
2025-12-01,3,BA,BCO DO NORDESTE DO BRASIL S.A. - PRUDENCIAL,30,774110.99
2025-12-01,3,BA,BRADESCO - PRUDENCIAL,28,824143.43
2025-12-01,3,CE,BCO DO NORDESTE DO BRASIL S.A. - PRUDENCIAL,34,450529.26
2025-12-01,3,CE,BRADESCO - PRUDENCIAL,5,156632.64
2025-12-01,3,CE,SANTANDER - PRUDENCIAL,1,2244.51
2025-12-01,3,ES,BCO DO NORDESTE DO BRASIL S.A. - PRUDENCIAL,4,11857.82
2025-12-01,3,ES,BRADESCO - PRUDENCIAL,4,38738.31
2025-12-01,3,GO,BRADESCO - PRUDENCIAL,9,202642.88
2025-12-01,3,MA,BCO DO NORDESTE DO BRASIL S.A. - PRUDENCIAL,23,561916.18
2025-12-01,3,MA,BRADESCO - PRUDENCIAL,8,656882.37
2025-12-01,3,MG,BCO DO NORDESTE DO BRASIL S.A. - PRUDENCIAL,10,93387.1
2025-12-01,3,MG,BRADESCO - PRUDENCIAL,20,787938.47
2025-12-01,3,MS,BRADESCO - PRUDENCIAL,8,265880.14
2025-12-01,3,MT,BRADESCO - PRUDENCIAL,5,340944.06
2025-12-01,3,PA,BRADESCO - PRUDENCIAL,11,569350.53
2025-12-01,3,PB,BCO DO NORDESTE DO BRASIL S.A. - PRUDENCIAL,20,285863.78
2025-12-01,3,PB,BRADESCO - PRUDENCIAL,5,99430.38
2025-12-01,3,PE,BCO DO NORDESTE DO BRASIL S.A. - PRUDENCIAL,18,540951.24
2025-12-01,3,PE,BRADESCO - PRUDENCIAL,8,188764.75
2025-12-01,3,PI,BCO DO NORDESTE DO BRASIL S.A. - PRUDENCIAL,14,238980.59
2025-12-01,3,PI,BRADESCO - PRUDENCIAL,5,99133.51
2025-12-01,3,PR,BRADESCO - PRUDENCIAL,26,978073.06
2025-12-01,3,RJ,BRADESCO - PRUDENCIAL,18,1249283.4
2025-12-01,3,RJ,SANTANDER - PRUDENCIAL,2,15899.7
2025-12-01,3,RN,BCO DO NORDESTE DO BRASIL S.A. - PRUDENCIAL,20,349344.62
2025-12-01,3,RN,BRADESCO - PRUDENCIAL,3,23262.6
2025-12-01,3,RS,BRADESCO - PRUDENCIAL,8,488489.53
2025-12-01,3,RS,SANTANDER - PRUDENCIAL,1,849.0
2025-12-01,3,SC,BRADESCO - PRUDENCIAL,7,83575.3
2025-12-01,3,SE,BCO DO NORDESTE DO BRASIL S.A. - PRUDENCIAL,2,102970.62
2025-12-01,3,SE,BRADESCO - PRUDENCIAL,5,63132.95
2025-12-01,3,SP,BRADESCO - PRUDENCIAL,90,6573831.74
2025-12-01,3,SP,SANTANDER - PRUDENCIAL,3,17835.73
2025-12-01,3,TO,BRADESCO - PRUDENCIAL,4,177807.41
2026-01-01,1,AC,INTER - PRUDENCIAL,1,201.96
2026-01-01,1,AC,NU PAGAMENTOS - PRUDENCIAL,2,2250.45
2026-01-01,1,AC,SANTANDER - PRUDENCIAL,1,888.27
2026-01-01,1,AL,CAIXA ECONÔMICA FEDERAL - PRUDENCIAL,1,201.26
2026-01-01,1,AL,NU PAGAMENTOS - PRUDENCIAL,3,197.52
2026-01-01,1,AL,SANTANDER - PRUDENCIAL,3,2437.89
2026-01-01,1,AM,BRADESCO - PRUDENCIAL,1,206.02
2026-01-01,1,AM,BTG PACTUAL - PRUDENCIAL,1,101.55
2026-01-01,1,AM,ITAU - PRUDENCIAL,1,363.53
2026-01-01,1,AM,SANTANDER - PRUDENCIAL,3,201.87
2026-01-01,1,AP,NU PAGAMENTOS - PRUDENCIAL,1,147.15
2026-01-01,1,BA,BB - PRUDENCIAL,3,347.27
2026-01-01,1,BA,BTG PACTUAL - PRUDENCIAL,2,264.65
2026-01-01,1,BA,CAIXA ECONÔMICA FEDERAL - PRUDENCIAL,3,607.29
2026-01-01,1,BA,ITAU - PRUDENCIAL,1,207.09
2026-01-01,1,BA,NU PAGAMENTOS - PRUDENCIAL,7,2381.47
2026-01-01,1,BA,SANTANDER - PRUDENCIAL,10,3084.35
2026-01-01,1,CE,BRADESCO - PRUDENCIAL,1,99.16
2026-01-01,1,CE,INTER - PRUDENCIAL,1,200.48
2026-01-01,1,CE,NU PAGAMENTOS - PRUDENCIAL,6,4420.47
2026-01-01,1,CE,SANTANDER - PRUDENCIAL,8,3006.39
2026-01-01,1,DF,ITAU - PRUDENCIAL,1,101.39
2026-01-01,1,DF,NU PAGAMENTOS - PRUDENCIAL,1,156.84
2026-01-01,1,DF,SANTANDER - PRUDENCIAL,6,2692.33
2026-01-01,1,ES,BTG PACTUAL - PRUDENCIAL,1,201.91
2026-01-01,1,ES,NU PAGAMENTOS - PRUDENCIAL,1,117.74
2026-01-01,1,ES,SANTANDER - PRUDENCIAL,2,353.29
2026-01-01,1,GO,BB - PRUDENCIAL,1,0.01
2026-01-01,1,GO,INTER - PRUDENCIAL,1,148.62
2026-01-01,1,GO,ITAU - PRUDENCIAL,2,387.21
2026-01-01,1,GO,NU PAGAMENTOS - PRUDENCIAL,3,399.81
2026-01-01,1,GO,SANTANDER - PRUDENCIAL,7,1937.87
2026-01-01,1,MA,NU PAGAMENTOS - PRUDENCIAL,3,492.68
2026-01-01,1,MA,SANTANDER - PRUDENCIAL,1,989.66
2026-01-01,1,MG,BTG PACTUAL - PRUDENCIAL,2,401.27
2026-01-01,1,MG,CAIXA ECONÔMICA FEDERAL - PRUDENCIAL,1,201.02
2026-01-01,1,MG,INTER - PRUDENCIAL,2,100.24
2026-01-01,1,MG,ITAU - PRUDENCIAL,3,377.18
2026-01-01,1,MG,NU PAGAMENTOS - PRUDENCIAL,2,185.99
2026-01-01,1,MG,SANTANDER - PRUDENCIAL,15,8102.18
2026-01-01,1,MS,NU PAGAMENTOS - PRUDENCIAL,1,46.06
2026-01-01,1,MS,SANTANDER - PRUDENCIAL,5,1798.01
2026-01-01,1,MT,NU PAGAMENTOS - PRUDENCIAL,3,4213.27
2026-01-01,1,MT,SANTANDER - PRUDENCIAL,5,2930.68
2026-01-01,1,PA,BTG PACTUAL - PRUDENCIAL,2,404.28
2026-01-01,1,PA,CAIXA ECONÔMICA FEDERAL - PRUDENCIAL,1,128.04
2026-01-01,1,PA,ITAU - PRUDENCIAL,1,1.0
2026-01-01,1,PA,SANTANDER - PRUDENCIAL,4,575.12
2026-01-01,1,PB,NU PAGAMENTOS - PRUDENCIAL,6,565.58
2026-01-01,1,PB,SANTANDER - PRUDENCIAL,4,5082.06
2026-01-01,1,PE,BRADESCO - PRUDENCIAL,2,250.05
2026-01-01,1,PE,NU PAGAMENTOS - PRUDENCIAL,8,835.71
2026-01-01,1,PE,SANTANDER - PRUDENCIAL,11,6234.56
2026-01-01,1,PI,BRADESCO - PRUDENCIAL,1,1916.81
2026-01-01,1,PI,BTG PACTUAL - PRUDENCIAL,1,98.29
2026-01-01,1,PI,NU PAGAMENTOS - PRUDENCIAL,3,3769.99
2026-01-01,1,PI,SANTANDER - PRUDENCIAL,2,1829.81
2026-01-01,1,PR,BANCO C6 - PRUDENCIAL,1,136.29
2026-01-01,1,PR,BRADESCO - PRUDENCIAL,1,2176.2
2026-01-01,1,PR,BTG PACTUAL - PRUDENCIAL,2,317.03
2026-01-01,1,PR,CAIXA ECONÔMICA FEDERAL - PRUDENCIAL,1,165.84
2026-01-01,1,PR,ITAU - PRUDENCIAL,2,125.65
2026-01-01,1,PR,NU PAGAMENTOS - PRUDENCIAL,7,4732.31
2026-01-01,1,PR,SANTANDER - PRUDENCIAL,8,6335.92
2026-01-01,1,RJ,BRADESCO - PRUDENCIAL,3,606.94
2026-01-01,1,RJ,CAIXA ECONÔMICA FEDERAL - PRUDENCIAL,2,250.67
2026-01-01,1,RJ,ITAU - PRUDENCIAL,3,268.81
2026-01-01,1,RJ,NU PAGAMENTOS - PRUDENCIAL,14,3387.23
2026-01-01,1,RJ,SANTANDER - PRUDENCIAL,31,21189.97
2026-01-01,1,RN,SANTANDER - PRUDENCIAL,4,443.15
2026-01-01,1,RO,BB - PRUDENCIAL,2,334.55
2026-01-01,1,RO,NU PAGAMENTOS - PRUDENCIAL,1,40.11
2026-01-01,1,RO,SANTANDER - PRUDENCIAL,3,410.78
2026-01-01,1,RR,SANTANDER - PRUDENCIAL,1,181.07
2026-01-01,1,RS,BMG - PRUDENCIAL,1,200.55
2026-01-01,1,RS,BTG PACTUAL - PRUDENCIAL,1,201.36
2026-01-01,1,RS,INTER - PRUDENCIAL,1,149.05
2026-01-01,1,RS,ITAU - PRUDENCIAL,2,294.98
2026-01-01,1,RS,NU PAGAMENTOS - PRUDENCIAL,6,711.4
2026-01-01,1,RS,SANTANDER - PRUDENCIAL,20,3987.77
2026-01-01,1,SC,BANCO C6 - PRUDENCIAL,1,214.01
2026-01-01,1,SC,INTER - PRUDENCIAL,1,200.63
2026-01-01,1,SC,ITAU - PRUDENCIAL,1,451.77
2026-01-01,1,SC,NU PAGAMENTOS - PRUDENCIAL,4,420.11
2026-01-01,1,SC,SANTANDER - PRUDENCIAL,6,5598.39
2026-01-01,1,SE,BTG PACTUAL - PRUDENCIAL,1,49.42
2026-01-01,1,SE,NU PAGAMENTOS - PRUDENCIAL,2,91.97
2026-01-01,1,SE,SANTANDER - PRUDENCIAL,1,833.01
2026-01-01,1,SP,BANCO C6 - PRUDENCIAL,1,188.26
2026-01-01,1,SP,BRADESCO - PRUDENCIAL,3,659.25
2026-01-01,1,SP,BTG PACTUAL - PRUDENCIAL,4,650.26
2026-01-01,1,SP,CAIXA ECONÔMICA FEDERAL - PRUDENCIAL,5,696.44
2026-01-01,1,SP,ITAU - PRUDENCIAL,6,932.12
2026-01-01,1,SP,NU PAGAMENTOS - PRUDENCIAL,23,3399.44
2026-01-01,1,SP,SANTANDER - PRUDENCIAL,66,19561.14
2026-01-01,1,TO,INTER - PRUDENCIAL,1,161.68
2026-01-01,1,TO,SANTANDER - PRUDENCIAL,1,50.2
2026-01-01,2,AL,VOTORANTIM - PRUDENCIAL,1,1102.19
2026-01-01,2,AM,SANTANDER - PRUDENCIAL,4,7944.54
2026-01-01,2,AM,VOTORANTIM - PRUDENCIAL,1,983.39
2026-01-01,2,BA,BCO DO NORDESTE DO BRASIL S.A. - PRUDENCIAL,3,72832.17
2026-01-01,2,BA,BRADESCO - PRUDENCIAL,3,10512.74
2026-01-01,2,BA,VOTORANTIM - PRUDENCIAL,1,2905.9
2026-01-01,2,CE,BANCO C6 - PRUDENCIAL,1,202.72
2026-01-01,2,CE,VOTORANTIM - PRUDENCIAL,3,5448.87
2026-01-01,2,ES,VOTORANTIM - PRUDENCIAL,2,1019.96
2026-01-01,2,GO,BB - PRUDENCIAL,1,8581.2
2026-01-01,2,GO,CAIXA ECONÔMICA FEDERAL - PRUDENCIAL,1,3458.96
2026-01-01,2,GO,SANTANDER - PRUDENCIAL,3,1046.92
2026-01-01,2,GO,VOTORANTIM - PRUDENCIAL,1,456.63
2026-01-01,2,MA,VOTORANTIM - PRUDENCIAL,2,2299.75
2026-01-01,2,MG,BANCO C6 - PRUDENCIAL,1,276.33
2026-01-01,2,MG,BB - PRUDENCIAL,1,1613.81
2026-01-01,2,MG,SANTANDER - PRUDENCIAL,2,1011.95
2026-01-01,2,MG,VOTORANTIM - PRUDENCIAL,5,10921.7
2026-01-01,2,MS,BRADESCO - PRUDENCIAL,1,14807.06
2026-01-01,2,MT,BRADESCO - PRUDENCIAL,1,644.38
2026-01-01,2,MT,VOTORANTIM - PRUDENCIAL,1,248.34
2026-01-01,2,PA,BRADESCO - PRUDENCIAL,1,1053.12
2026-01-01,2,PA,VOTORANTIM - PRUDENCIAL,1,1690.04
2026-01-01,2,PB,BRADESCO - PRUDENCIAL,2,4756.84
2026-01-01,2,PE,BRADESCO - PRUDENCIAL,1,216.83
2026-01-01,2,PI,BRADESCO - PRUDENCIAL,1,1882.63
2026-01-01,2,PI,VOTORANTIM - PRUDENCIAL,1,10281.12
2026-01-01,2,PR,BRADESCO - PRUDENCIAL,3,7515.26
2026-01-01,2,PR,SANTANDER - PRUDENCIAL,1,84722.78
2026-01-01,2,PR,VOTORANTIM - PRUDENCIAL,1,401.2
2026-01-01,2,RJ,VOTORANTIM - PRUDENCIAL,3,4738.09
2026-01-01,2,RN,VOTORANTIM - PRUDENCIAL,1,3168.08
2026-01-01,2,RS,BANRISUL - PRUDENCIAL,4,826.08
2026-01-01,2,RS,BRADESCO - PRUDENCIAL,1,534.04
2026-01-01,2,RS,SANTANDER - PRUDENCIAL,2,73744.89
2026-01-01,2,RS,VOTORANTIM - PRUDENCIAL,4,5429.6
2026-01-01,2,SC,BANRISUL - PRUDENCIAL,1,207.05
2026-01-01,2,SC,CAIXA ECONÔMICA FEDERAL - PRUDENCIAL,1,2252.64
2026-01-01,2,SC,VOTORANTIM - PRUDENCIAL,2,14657.23
2026-01-01,2,SP,BRADESCO - PRUDENCIAL,5,56861.38
2026-01-01,2,SP,SANTANDER - PRUDENCIAL,2,182.58
2026-01-01,2,SP,VOTORANTIM - PRUDENCIAL,16,46214.04
2026-01-01,3,AL,BRADESCO - PRUDENCIAL,4,131959.3
2026-01-01,3,AM,BRADESCO - PRUDENCIAL,7,283822.46
2026-01-01,3,AP,BRADESCO - PRUDENCIAL,1,7765.55
2026-01-01,3,BA,BRADESCO - PRUDENCIAL,24,1115150.34
2026-01-01,3,BA,SANTANDER - PRUDENCIAL,1,4922.05
2026-01-01,3,CE,BRADESCO - PRUDENCIAL,11,310468.26
2026-01-01,3,DF,BRADESCO - PRUDENCIAL,4,187704.44
2026-01-01,3,ES,BRADESCO - PRUDENCIAL,2,14757.19
2026-01-01,3,GO,BRADESCO - PRUDENCIAL,7,479557.03
2026-01-01,3,MA,BRADESCO - PRUDENCIAL,4,97632.5
2026-01-01,3,MG,BRADESCO - PRUDENCIAL,22,1053048.66
2026-01-01,3,MS,BRADESCO - PRUDENCIAL,8,310386.41
2026-01-01,3,MT,BRADESCO - PRUDENCIAL,7,109951.46
2026-01-01,3,PA,BRADESCO - PRUDENCIAL,13,493617.29
2026-01-01,3,PA,SANTANDER - PRUDENCIAL,1,15829.7
2026-01-01,3,PB,BRADESCO - PRUDENCIAL,3,248300.2
2026-01-01,3,PE,BRADESCO - PRUDENCIAL,17,701791.34
2026-01-01,3,PI,BRADESCO - PRUDENCIAL,3,204541.2
2026-01-01,3,PR,BRADESCO - PRUDENCIAL,22,708807.65
2026-01-01,3,RJ,BRADESCO - PRUDENCIAL,44,1778753.7
2026-01-01,3,RJ,SANTANDER - PRUDENCIAL,1,5136.44
2026-01-01,3,RN,BRADESCO - PRUDENCIAL,2,17330.26
2026-01-01,3,RR,BRADESCO - PRUDENCIAL,3,251827.83
2026-01-01,3,RS,BRADESCO - PRUDENCIAL,51,1397156.52
2026-01-01,3,RS,SANTANDER - PRUDENCIAL,1,25772.24
2026-01-01,3,SC,BRADESCO - PRUDENCIAL,19,1291666.8
2026-01-01,3,SE,BRADESCO - PRUDENCIAL,1,1464.36
2026-01-01,3,SP,BRADESCO - PRUDENCIAL,189,9242748.91
2026-01-01,3,SP,SANTANDER - PRUDENCIAL,1,31070.62
2026-01-01,3,TO,BRADESCO - PRUDENCIAL,4,94283.06
2026-02-01,1,AC,BTG PACTUAL - PRUDENCIAL,2,401.85
2026-02-01,1,AC,SANTANDER - PRUDENCIAL,4,5492.09
2026-02-01,1,AL,BTG PACTUAL - PRUDENCIAL,1,50.88
2026-02-01,1,AL,SANTANDER - PRUDENCIAL,1,4.82
2026-02-01,1,AM,BANCO C6 - PRUDENCIAL,2,730.7
2026-02-01,1,AM,INTER - PRUDENCIAL,1,200.28
2026-02-01,1,AM,NU PAGAMENTOS - PRUDENCIAL,2,339.17
2026-02-01,1,AM,SANTANDER - PRUDENCIAL,3,1631.08
2026-02-01,1,AP,ITAU - PRUDENCIAL,1,98.16
2026-02-01,1,BA,BRADESCO - PRUDENCIAL,1,294.76
2026-02-01,1,BA,BTG PACTUAL - PRUDENCIAL,1,101.43
2026-02-01,1,BA,CAIXA ECONÔMICA FEDERAL - PRUDENCIAL,3,320.37
2026-02-01,1,BA,INTER - PRUDENCIAL,2,382.64
2026-02-01,1,BA,NU PAGAMENTOS - PRUDENCIAL,4,449.86
2026-02-01,1,BA,SANTANDER - PRUDENCIAL,5,3172.94
2026-02-01,1,CE,BANCO C6 - PRUDENCIAL,1,708.05
2026-02-01,1,CE,NU PAGAMENTOS - PRUDENCIAL,2,194.23
2026-02-01,1,CE,SANTANDER - PRUDENCIAL,4,5193.22
2026-02-01,1,DF,BTG PACTUAL - PRUDENCIAL,2,398.1
2026-02-01,1,DF,ITAU - PRUDENCIAL,1,1.0
2026-02-01,1,DF,NU PAGAMENTOS - PRUDENCIAL,2,188.28
2026-02-01,1,DF,SANTANDER - PRUDENCIAL,4,3733.33
2026-02-01,1,ES,SANTANDER - PRUDENCIAL,4,522.64
2026-02-01,1,GO,SANTANDER - PRUDENCIAL,1,2.51
2026-02-01,1,MA,NU PAGAMENTOS - PRUDENCIAL,3,218.0
2026-02-01,1,MA,SANTANDER - PRUDENCIAL,2,688.01
2026-02-01,1,MG,BANCO C6 - PRUDENCIAL,1,172.22
2026-02-01,1,MG,BB - PRUDENCIAL,3,226.43
2026-02-01,1,MG,BRADESCO - PRUDENCIAL,1,1584.22
2026-02-01,1,MG,CAIXA ECONÔMICA FEDERAL - PRUDENCIAL,3,401.15
2026-02-01,1,MG,ITAU - PRUDENCIAL,2,148.93
2026-02-01,1,MG,NU PAGAMENTOS - PRUDENCIAL,8,750.63
2026-02-01,1,MG,SANTANDER - PRUDENCIAL,18,30621.86
2026-02-01,1,MS,NU PAGAMENTOS - PRUDENCIAL,1,181.43
2026-02-01,1,MS,SANTANDER - PRUDENCIAL,1,134.12
2026-02-01,1,MT,CAIXA ECONÔMICA FEDERAL - PRUDENCIAL,1,200.93
2026-02-01,1,MT,NU PAGAMENTOS - PRUDENCIAL,3,332.82
2026-02-01,1,MT,SANTANDER - PRUDENCIAL,2,1866.82
2026-02-01,1,PA,BANCO C6 - PRUDENCIAL,1,4164.3
2026-02-01,1,PA,INTER - PRUDENCIAL,1,186.75
2026-02-01,1,PA,NU PAGAMENTOS - PRUDENCIAL,2,121.19
2026-02-01,1,PA,SANTANDER - PRUDENCIAL,6,8147.88
2026-02-01,1,PB,NU PAGAMENTOS - PRUDENCIAL,2,174.41
2026-02-01,1,PB,SANTANDER - PRUDENCIAL,2,3939.94
2026-02-01,1,PE,BRADESCO - PRUDENCIAL,1,1437.76
2026-02-01,1,PE,INTER - PRUDENCIAL,1,184.42
2026-02-01,1,PE,NU PAGAMENTOS - PRUDENCIAL,3,313.21
2026-02-01,1,PE,SANTANDER - PRUDENCIAL,8,1619.77
2026-02-01,1,PI,CAIXA ECONÔMICA FEDERAL - PRUDENCIAL,1,51.19
2026-02-01,1,PI,NU PAGAMENTOS - PRUDENCIAL,1,80.03
2026-02-01,1,PI,SANTANDER - PRUDENCIAL,1,587.92
2026-02-01,1,PR,BANCO C6 - PRUDENCIAL,2,1730.59
2026-02-01,1,PR,BMG - PRUDENCIAL,1,200.06
2026-02-01,1,PR,BTG PACTUAL - PRUDENCIAL,1,51.47
2026-02-01,1,PR,INTER - PRUDENCIAL,1,201.08
2026-02-01,1,PR,NU PAGAMENTOS - PRUDENCIAL,2,118.61
2026-02-01,1,PR,SANTANDER - PRUDENCIAL,6,6484.27
2026-02-01,1,RJ,BANCO C6 - PRUDENCIAL,1,117.7
2026-02-01,1,RJ,BRADESCO - PRUDENCIAL,1,226.51
2026-02-01,1,RJ,CAIXA ECONÔMICA FEDERAL - PRUDENCIAL,2,378.52
2026-02-01,1,RJ,ITAU - PRUDENCIAL,2,255.44
2026-02-01,1,RJ,NU PAGAMENTOS - PRUDENCIAL,15,1410.58
2026-02-01,1,RJ,SANTANDER - PRUDENCIAL,18,10123.27
2026-02-01,1,RN,BANCO C6 - PRUDENCIAL,1,220.34
2026-02-01,1,RN,NU PAGAMENTOS - PRUDENCIAL,3,313.88
2026-02-01,1,RN,SANTANDER - PRUDENCIAL,2,393.58
2026-02-01,1,RO,BB - PRUDENCIAL,1,241.38
2026-02-01,1,RO,NU PAGAMENTOS - PRUDENCIAL,1,193.06
2026-02-01,1,RR,BANCO C6 - PRUDENCIAL,1,2416.71
2026-02-01,1,RR,SANTANDER - PRUDENCIAL,2,4803.29
2026-02-01,1,RS,BB - PRUDENCIAL,2,261.1
2026-02-01,1,RS,BMG - PRUDENCIAL,1,201.03
2026-02-01,1,RS,NU PAGAMENTOS - PRUDENCIAL,4,447.19
2026-02-01,1,RS,SANTANDER - PRUDENCIAL,8,4900.4
2026-02-01,1,SC,BB - PRUDENCIAL,1,200.87
2026-02-01,1,SC,CAIXA ECONÔMICA FEDERAL - PRUDENCIAL,1,125.21
2026-02-01,1,SC,NU PAGAMENTOS - PRUDENCIAL,1,117.19
2026-02-01,1,SC,SANTANDER - PRUDENCIAL,3,595.82
2026-02-01,1,SE,NU PAGAMENTOS - PRUDENCIAL,1,123.23
2026-02-01,1,SE,SANTANDER - PRUDENCIAL,1,38.64
2026-02-01,1,SP,BANCO C6 - PRUDENCIAL,5,7549.09
2026-02-01,1,SP,BB - PRUDENCIAL,1,133.3
2026-02-01,1,SP,BMG - PRUDENCIAL,1,202.79
2026-02-01,1,SP,BRADESCO - PRUDENCIAL,3,422.34
2026-02-01,1,SP,BTG PACTUAL - PRUDENCIAL,8,1258.09
2026-02-01,1,SP,INTER - PRUDENCIAL,2,207.73
2026-02-01,1,SP,ITAU - PRUDENCIAL,9,800.22
2026-02-01,1,SP,NU PAGAMENTOS - PRUDENCIAL,18,1647.13
2026-02-01,1,SP,SANTANDER - PRUDENCIAL,77,74067.13
2026-02-01,1,TO,SANTANDER - PRUDENCIAL,1,172.9
2026-02-01,2,AM,VOTORANTIM - PRUDENCIAL,1,13199.63
2026-02-01,2,BA,BANCO C6 - PRUDENCIAL,2,245.68
2026-02-01,2,BA,BCO DO NORDESTE DO BRASIL S.A. - PRUDENCIAL,1,22658.56
2026-02-01,2,BA,VOTORANTIM - PRUDENCIAL,2,5176.14
2026-02-01,2,CE,BANCO C6 - PRUDENCIAL,2,444.02
2026-02-01,2,CE,BRADESCO - PRUDENCIAL,1,9683.58
2026-02-01,2,CE,VOTORANTIM - PRUDENCIAL,1,835.66
2026-02-01,2,DF,VOTORANTIM - PRUDENCIAL,1,3803.2
2026-02-01,2,ES,VOTORANTIM - PRUDENCIAL,1,3325.6
2026-02-01,2,GO,CAIXA ECONÔMICA FEDERAL - PRUDENCIAL,1,4602.15
2026-02-01,2,GO,VOTORANTIM - PRUDENCIAL,1,3171.09
2026-02-01,2,MG,BANCO C6 - PRUDENCIAL,1,217.6
2026-02-01,2,MG,BB - PRUDENCIAL,1,200.39
2026-02-01,2,MG,BRADESCO - PRUDENCIAL,1,1232.64
2026-02-01,2,MG,VOTORANTIM - PRUDENCIAL,3,2783.35
2026-02-01,2,MS,BANCO C6 - PRUDENCIAL,1,1041.0
2026-02-01,2,MS,VOTORANTIM - PRUDENCIAL,2,5989.29
2026-02-01,2,MT,VOTORANTIM - PRUDENCIAL,2,4348.43
2026-02-01,2,PA,BANCO C6 - PRUDENCIAL,1,202.31
2026-02-01,2,PA,VOTORANTIM - PRUDENCIAL,1,2337.32
2026-02-01,2,PB,BB - PRUDENCIAL,1,28734.3
2026-02-01,2,PB,BRADESCO - PRUDENCIAL,1,6077.47
2026-02-01,2,PB,VOTORANTIM - PRUDENCIAL,3,8006.69
2026-02-01,2,PE,BCO DO NORDESTE DO BRASIL S.A. - PRUDENCIAL,2,17165.03
2026-02-01,2,PI,BCO DO NORDESTE DO BRASIL S.A. - PRUDENCIAL,2,39648.56
2026-02-01,2,PR,BANCO C6 - PRUDENCIAL,1,108.85
2026-02-01,2,PR,VOTORANTIM - PRUDENCIAL,3,10612.13
2026-02-01,2,RJ,BANCO C6 - PRUDENCIAL,1,212.83
2026-02-01,2,RJ,BRADESCO - PRUDENCIAL,2,4362.02
2026-02-01,2,RJ,ITAU - PRUDENCIAL,1,163.93
2026-02-01,2,RJ,VOTORANTIM - PRUDENCIAL,3,7256.41
2026-02-01,2,RN,BRADESCO - PRUDENCIAL,1,1852.54
2026-02-01,2,RS,BANCO C6 - PRUDENCIAL,1,300.5
2026-02-01,2,RS,BANRISUL - PRUDENCIAL,1,202.36
2026-02-01,2,RS,CAIXA ECONÔMICA FEDERAL - PRUDENCIAL,1,287.64
2026-02-01,2,RS,VOTORANTIM - PRUDENCIAL,7,16266.29
2026-02-01,2,SC,VOTORANTIM - PRUDENCIAL,2,20176.7
2026-02-01,2,SE,BB - PRUDENCIAL,1,3984.2
2026-02-01,2,SE,VOTORANTIM - PRUDENCIAL,2,8251.68
2026-02-01,2,SP,BANCO C6 - PRUDENCIAL,2,723.47
2026-02-01,2,SP,BRADESCO - PRUDENCIAL,9,54081.43
2026-02-01,2,SP,ITAU - PRUDENCIAL,1,169.25
2026-02-01,2,SP,VOTORANTIM - PRUDENCIAL,19,37895.86
2026-02-01,2,TO,VOTORANTIM - PRUDENCIAL,1,1196.01
2026-02-01,3,AC,BRADESCO - PRUDENCIAL,2,11464.01
2026-02-01,3,AL,BRADESCO - PRUDENCIAL,11,300925.89
2026-02-01,3,AL,SANTANDER - PRUDENCIAL,4,32944.35
2026-02-01,3,AM,BRADESCO - PRUDENCIAL,11,390337.93
2026-02-01,3,AP,BRADESCO - PRUDENCIAL,4,36917.01
2026-02-01,3,BA,BRADESCO - PRUDENCIAL,48,2042557.09
2026-02-01,3,CE,BRADESCO - PRUDENCIAL,17,344402.84
2026-02-01,3,CE,SANTANDER - PRUDENCIAL,1,48188.48
2026-02-01,3,DF,BRADESCO - PRUDENCIAL,1,35883.31
2026-02-01,3,DF,SANTANDER - PRUDENCIAL,1,43318.87
2026-02-01,3,ES,BRADESCO - PRUDENCIAL,10,150925.11
2026-02-01,3,GO,BRADESCO - PRUDENCIAL,18,518354.85
2026-02-01,3,GO,SANTANDER - PRUDENCIAL,1,125698.27
2026-02-01,3,MA,BRADESCO - PRUDENCIAL,21,482141.67
2026-02-01,3,MG,BRADESCO - PRUDENCIAL,55,1326079.5
2026-02-01,3,MG,SANTANDER - PRUDENCIAL,1,46559.77
2026-02-01,3,MS,BRADESCO - PRUDENCIAL,13,179927.81
2026-02-01,3,MT,BRADESCO - PRUDENCIAL,14,267524.25
2026-02-01,3,PA,BRADESCO - PRUDENCIAL,17,298092.96
2026-02-01,3,PB,BRADESCO - PRUDENCIAL,4,188770.13
2026-02-01,3,PE,BRADESCO - PRUDENCIAL,25,544460.19
2026-02-01,3,PI,BRADESCO - PRUDENCIAL,7,162408.42
2026-02-01,3,PR,BRADESCO - PRUDENCIAL,38,1525783.29
2026-02-01,3,RJ,BRADESCO - PRUDENCIAL,47,1117139.28
2026-02-01,3,RN,BRADESCO - PRUDENCIAL,7,1107572.32
2026-02-01,3,RO,BRADESCO - PRUDENCIAL,3,61736.73
2026-02-01,3,RS,BRADESCO - PRUDENCIAL,95,3251223.3
2026-02-01,3,RS,CAIXA ECONÔMICA FEDERAL - PRUDENCIAL,1,106762.71
2026-02-01,3,RS,SANTANDER - PRUDENCIAL,2,76572.77
2026-02-01,3,SC,BRADESCO - PRUDENCIAL,17,292190.72
2026-02-01,3,SE,BRADESCO - PRUDENCIAL,4,110130.2
2026-02-01,3,SP,BRADESCO - PRUDENCIAL,244,12588510.8
2026-02-01,3,SP,SANTANDER - PRUDENCIAL,6,147378.41
2026-02-01,3,TO,BRADESCO - PRUDENCIAL,7,255740.19
2026-03-01,1,AL,SANTANDER - PRUDENCIAL,4,3597.2
2026-03-01,1,AM,ITAU - PRUDENCIAL,2,218.7
2026-03-01,1,AM,NU PAGAMENTOS - PRUDENCIAL,2,262.79
2026-03-01,1,AM,SANTANDER - PRUDENCIAL,5,4987.38
2026-03-01,1,BA,BMG - PRUDENCIAL,1,202.48
2026-03-01,1,BA,BRADESCO - PRUDENCIAL,1,1113.48
2026-03-01,1,BA,CAIXA ECONÔMICA FEDERAL - PRUDENCIAL,5,739.36
2026-03-01,1,BA,NU PAGAMENTOS - PRUDENCIAL,4,309.15
2026-03-01,1,BA,SANTANDER - PRUDENCIAL,9,6027.69
2026-03-01,1,CE,BRADESCO - PRUDENCIAL,2,248.82
2026-03-01,1,CE,SANTANDER - PRUDENCIAL,6,1947.51
2026-03-01,1,DF,BANCO C6 - PRUDENCIAL,1,259.06
2026-03-01,1,DF,SANTANDER - PRUDENCIAL,6,2822.74
2026-03-01,1,ES,SANTANDER - PRUDENCIAL,2,1781.96
2026-03-01,1,GO,BANCO C6 - PRUDENCIAL,1,213.23
2026-03-01,1,GO,CAIXA ECONÔMICA FEDERAL - PRUDENCIAL,1,169.46
2026-03-01,1,GO,SANTANDER - PRUDENCIAL,2,3602.62
2026-03-01,1,MA,BANCO C6 - PRUDENCIAL,1,201.62
2026-03-01,1,MA,ITAU - PRUDENCIAL,1,147.61
2026-03-01,1,MA,NU PAGAMENTOS - PRUDENCIAL,1,52.61
2026-03-01,1,MA,SANTANDER - PRUDENCIAL,2,620.77
2026-03-01,1,MG,BANCO C6 - PRUDENCIAL,2,480491.98
2026-03-01,1,MG,BB - PRUDENCIAL,2,339.31
2026-03-01,1,MG,BRADESCO - PRUDENCIAL,1,200.62
2026-03-01,1,MG,CAIXA ECONÔMICA FEDERAL - PRUDENCIAL,1,180.82
2026-03-01,1,MG,ITAU - PRUDENCIAL,1,223.72
2026-03-01,1,MG,NU PAGAMENTOS - PRUDENCIAL,5,3233.61
2026-03-01,1,MG,SANTANDER - PRUDENCIAL,19,19100.49
2026-03-01,1,MS,NU PAGAMENTOS - PRUDENCIAL,2,202.7
2026-03-01,1,MS,SANTANDER - PRUDENCIAL,3,1264.08
2026-03-01,1,MT,BANCO C6 - PRUDENCIAL,1,212.76
2026-03-01,1,MT,NU PAGAMENTOS - PRUDENCIAL,1,39.03
2026-03-01,1,MT,SANTANDER - PRUDENCIAL,5,6295.27
2026-03-01,1,PA,BANCO C6 - PRUDENCIAL,1,324.72
2026-03-01,1,PA,CAIXA ECONÔMICA FEDERAL - PRUDENCIAL,2,349.35
2026-03-01,1,PA,SANTANDER - PRUDENCIAL,1,867.26
2026-03-01,1,PB,BANCO C6 - PRUDENCIAL,1,93.36
2026-03-01,1,PB,BTG PACTUAL - PRUDENCIAL,1,202.15
2026-03-01,1,PB,SANTANDER - PRUDENCIAL,2,2619.78
2026-03-01,1,PE,BTG PACTUAL - PRUDENCIAL,1,200.12
2026-03-01,1,PE,CAIXA ECONÔMICA FEDERAL - PRUDENCIAL,1,110.0
2026-03-01,1,PE,NU PAGAMENTOS - PRUDENCIAL,5,464.17
2026-03-01,1,PE,SANTANDER - PRUDENCIAL,4,6888.62
2026-03-01,1,PI,BANCO C6 - PRUDENCIAL,1,210.82
2026-03-01,1,PI,SANTANDER - PRUDENCIAL,1,1638.89
2026-03-01,1,PR,BANCO C6 - PRUDENCIAL,1,244.32
2026-03-01,1,PR,ITAU - PRUDENCIAL,1,99.34
2026-03-01,1,PR,NU PAGAMENTOS - PRUDENCIAL,3,291.53
2026-03-01,1,PR,SANTANDER - PRUDENCIAL,6,5745.54
2026-03-01,1,RJ,BANCO C6 - PRUDENCIAL,7,1420.77
2026-03-01,1,RJ,BB - PRUDENCIAL,1,47.55
2026-03-01,1,RJ,CAIXA ECONÔMICA FEDERAL - PRUDENCIAL,2,129.04
2026-03-01,1,RJ,ITAU - PRUDENCIAL,1,130.08
2026-03-01,1,RJ,NU PAGAMENTOS - PRUDENCIAL,9,1126.6
2026-03-01,1,RJ,SANTANDER - PRUDENCIAL,18,12767.59
2026-03-01,1,RN,BANCO C6 - PRUDENCIAL,1,2.48
2026-03-01,1,RN,NU PAGAMENTOS - PRUDENCIAL,3,251.78
2026-03-01,1,RO,BANCO C6 - PRUDENCIAL,1,201.12
2026-03-01,1,RO,BB - PRUDENCIAL,1,28.45
2026-03-01,1,RO,CAIXA ECONÔMICA FEDERAL - PRUDENCIAL,1,110.34
2026-03-01,1,RS,BANCO C6 - PRUDENCIAL,2,615.87
2026-03-01,1,RS,NU PAGAMENTOS - PRUDENCIAL,3,239.95
2026-03-01,1,RS,SANTANDER - PRUDENCIAL,11,13792.35
2026-03-01,1,SC,BANCO C6 - PRUDENCIAL,2,222.88
2026-03-01,1,SC,BMG - PRUDENCIAL,1,200.02
2026-03-01,1,SC,BTG PACTUAL - PRUDENCIAL,1,105.38
2026-03-01,1,SC,CAIXA ECONÔMICA FEDERAL - PRUDENCIAL,2,7.93
2026-03-01,1,SC,NU PAGAMENTOS - PRUDENCIAL,1,38.88
2026-03-01,1,SC,SANTANDER - PRUDENCIAL,4,5990.04
2026-03-01,1,SE,SANTANDER - PRUDENCIAL,3,1419.47
2026-03-01,1,SP,BANCO C6 - PRUDENCIAL,5,1266.79
2026-03-01,1,SP,BB - PRUDENCIAL,1,203.05
2026-03-01,1,SP,BMG - PRUDENCIAL,1,201.24
2026-03-01,1,SP,BTG PACTUAL - PRUDENCIAL,5,864.4
2026-03-01,1,SP,CAIXA ECONÔMICA FEDERAL - PRUDENCIAL,4,650.82
2026-03-01,1,SP,ITAU - PRUDENCIAL,5,824.96
2026-03-01,1,SP,NU PAGAMENTOS - PRUDENCIAL,23,4523.82
2026-03-01,1,SP,SANTANDER - PRUDENCIAL,58,57732.86
2026-03-01,1,TO,BANCO C6 - PRUDENCIAL,1,220.51
2026-03-01,1,TO,CAIXA ECONÔMICA FEDERAL - PRUDENCIAL,1,0.01
2026-03-01,1,TO,SANTANDER - PRUDENCIAL,1,56.77
2026-03-01,2,AL,BCO DO NORDESTE DO BRASIL S.A. - PRUDENCIAL,6,433902.48
2026-03-01,2,BA,BANCO C6 - PRUDENCIAL,2,987.32
2026-03-01,2,BA,BCO DO NORDESTE DO BRASIL S.A. - PRUDENCIAL,2,139066.88
2026-03-01,2,BA,BRADESCO - PRUDENCIAL,1,1507.92
2026-03-01,2,BA,ITAU - PRUDENCIAL,1,124.66
2026-03-01,2,BA,VOTORANTIM - PRUDENCIAL,1,10061.97
2026-03-01,2,CE,SANTANDER - PRUDENCIAL,1,16481.76
2026-03-01,2,CE,VOTORANTIM - PRUDENCIAL,1,1376.39
2026-03-01,2,DF,BB - PRUDENCIAL,1,3957.37
2026-03-01,2,DF,SANTANDER - PRUDENCIAL,1,2535.91
2026-03-01,2,DF,VOTORANTIM - PRUDENCIAL,1,942.16
2026-03-01,2,ES,VOTORANTIM - PRUDENCIAL,1,702.27
2026-03-01,2,GO,BRADESCO - PRUDENCIAL,2,4988.42
2026-03-01,2,GO,SANTANDER - PRUDENCIAL,1,8202.47
2026-03-01,2,MA,BB - PRUDENCIAL,1,1372.72
2026-03-01,2,MA,BRADESCO - PRUDENCIAL,1,6918.18
2026-03-01,2,MA,VOTORANTIM - PRUDENCIAL,2,3255.8
2026-03-01,2,MG,BANCO C6 - PRUDENCIAL,1,370.8
2026-03-01,2,MG,BRADESCO - PRUDENCIAL,2,3832.32
2026-03-01,2,MG,SANTANDER - PRUDENCIAL,2,21766.4
2026-03-01,2,MG,VOTORANTIM - PRUDENCIAL,2,6389.19
2026-03-01,2,MS,BRADESCO - PRUDENCIAL,2,10815.34
2026-03-01,2,PA,BRADESCO - PRUDENCIAL,1,7839.1
2026-03-01,2,PA,VOTORANTIM - PRUDENCIAL,1,7444.41
2026-03-01,2,PB,VOTORANTIM - PRUDENCIAL,1,513.32
2026-03-01,2,PE,BANCO C6 - PRUDENCIAL,2,2148243.58
2026-03-01,2,PE,BRADESCO - PRUDENCIAL,1,7916.17
2026-03-01,2,PE,SANTANDER - PRUDENCIAL,1,236.52
2026-03-01,2,PR,CAIXA ECONÔMICA FEDERAL - PRUDENCIAL,1,1455.86
2026-03-01,2,PR,VOTORANTIM - PRUDENCIAL,4,16948.35
2026-03-01,2,RJ,BANCO C6 - PRUDENCIAL,2,990.42
2026-03-01,2,RJ,BRADESCO - PRUDENCIAL,5,38824.11
2026-03-01,2,RJ,SANTANDER - PRUDENCIAL,1,6160.93
2026-03-01,2,RJ,VOTORANTIM - PRUDENCIAL,2,2184.4
2026-03-01,2,RN,BRADESCO - PRUDENCIAL,1,3412.49
2026-03-01,2,RN,VOTORANTIM - PRUDENCIAL,1,3431.43
2026-03-01,2,RS,BANRISUL - PRUDENCIAL,6,2311.47
2026-03-01,2,RS,BB - PRUDENCIAL,1,13101.22
2026-03-01,2,RS,BRADESCO - PRUDENCIAL,2,4274.95
2026-03-01,2,RS,CAIXA ECONÔMICA FEDERAL - PRUDENCIAL,1,4736.46
2026-03-01,2,RS,SANTANDER - PRUDENCIAL,1,3754.29
2026-03-01,2,RS,VOTORANTIM - PRUDENCIAL,4,11917.72
2026-03-01,2,SC,CAIXA ECONÔMICA FEDERAL - PRUDENCIAL,1,3065.36
2026-03-01,2,SC,SANTANDER - PRUDENCIAL,1,299.48
2026-03-01,2,SC,VOTORANTIM - PRUDENCIAL,5,27635.68
2026-03-01,2,SP,BANCO C6 - PRUDENCIAL,3,773.56
2026-03-01,2,SP,BB - PRUDENCIAL,1,1581.75
2026-03-01,2,SP,BRADESCO - PRUDENCIAL,7,18197.02
2026-03-01,2,SP,CAIXA ECONÔMICA FEDERAL - PRUDENCIAL,2,17946.36
2026-03-01,2,SP,ITAU - PRUDENCIAL,3,297.56
2026-03-01,2,SP,SANTANDER - PRUDENCIAL,11,113999.97
2026-03-01,2,SP,VOTORANTIM - PRUDENCIAL,19,47059.28
2026-03-01,3,AL,BCO DO NORDESTE DO BRASIL S.A. - PRUDENCIAL,2,23667.56
2026-03-01,3,AL,BRADESCO - PRUDENCIAL,3,77071.82
2026-03-01,3,AL,SANTANDER - PRUDENCIAL,4,4855.46
2026-03-01,3,AM,BRADESCO - PRUDENCIAL,6,128738.0
2026-03-01,3,BA,BCO DO NORDESTE DO BRASIL S.A. - PRUDENCIAL,41,841879.8
2026-03-01,3,BA,BRADESCO - PRUDENCIAL,23,672677.49
2026-03-01,3,BA,SANTANDER - PRUDENCIAL,1,10118.16
2026-03-01,3,CE,BCO DO NORDESTE DO BRASIL S.A. - PRUDENCIAL,35,581870.45
2026-03-01,3,CE,BRADESCO - PRUDENCIAL,9,150439.59
2026-03-01,3,DF,BRADESCO - PRUDENCIAL,5,111651.33
2026-03-01,3,ES,BCO DO NORDESTE DO BRASIL S.A. - PRUDENCIAL,4,11886.31
2026-03-01,3,ES,BRADESCO - PRUDENCIAL,1,3237.25
2026-03-01,3,GO,BRADESCO - PRUDENCIAL,10,658770.04
2026-03-01,3,GO,SANTANDER - PRUDENCIAL,3,26866.88
2026-03-01,3,MA,BCO DO NORDESTE DO BRASIL S.A. - PRUDENCIAL,26,578090.2
2026-03-01,3,MA,BRADESCO - PRUDENCIAL,5,227275.27
2026-03-01,3,MG,BCO DO NORDESTE DO BRASIL S.A. - PRUDENCIAL,10,90443.85
2026-03-01,3,MG,BRADESCO - PRUDENCIAL,25,551159.22
2026-03-01,3,MG,SANTANDER - PRUDENCIAL,1,1114.98
2026-03-01,3,MS,BRADESCO - PRUDENCIAL,3,105721.34
2026-03-01,3,MT,BRADESCO - PRUDENCIAL,6,187510.74
2026-03-01,3,PA,BRADESCO - PRUDENCIAL,9,313633.04
2026-03-01,3,PB,BCO DO NORDESTE DO BRASIL S.A. - PRUDENCIAL,19,280879.99
2026-03-01,3,PB,BRADESCO - PRUDENCIAL,2,99976.53
2026-03-01,3,PE,BCO DO NORDESTE DO BRASIL S.A. - PRUDENCIAL,17,525322.85
2026-03-01,3,PE,BRADESCO - PRUDENCIAL,4,83279.43
2026-03-01,3,PE,SANTANDER - PRUDENCIAL,1,71538.31
2026-03-01,3,PI,BCO DO NORDESTE DO BRASIL S.A. - PRUDENCIAL,14,232231.09
2026-03-01,3,PI,BRADESCO - PRUDENCIAL,5,104968.56
2026-03-01,3,PR,BRADESCO - PRUDENCIAL,21,871121.89
2026-03-01,3,RJ,BRADESCO - PRUDENCIAL,29,1103103.18
2026-03-01,3,RJ,SANTANDER - PRUDENCIAL,1,5322.03
2026-03-01,3,RN,BCO DO NORDESTE DO BRASIL S.A. - PRUDENCIAL,20,343479.66
2026-03-01,3,RN,BRADESCO - PRUDENCIAL,1,3731.01
2026-03-01,3,RO,BRADESCO - PRUDENCIAL,2,40369.77
2026-03-01,3,RR,BRADESCO - PRUDENCIAL,1,81101.54
2026-03-01,3,RS,BRADESCO - PRUDENCIAL,101,3663781.39
2026-03-01,3,SC,BRADESCO - PRUDENCIAL,8,265033.35
2026-03-01,3,SE,BCO DO NORDESTE DO BRASIL S.A. - PRUDENCIAL,2,101897.67
2026-03-01,3,SE,BRADESCO - PRUDENCIAL,1,3937.05
2026-03-01,3,SP,BRADESCO - PRUDENCIAL,134,5052218.14
2026-03-01,3,SP,SANTANDER - PRUDENCIAL,3,25357.78
2026-03-01,3,TO,BRADESCO - PRUDENCIAL,7,329917.23
2026-04-01,1,AL,NU PAGAMENTOS - PRUDENCIAL,1,196.77
2026-04-01,1,AM,ITAU - PRUDENCIAL,1,199.57
2026-04-01,1,AM,SANTANDER - PRUDENCIAL,4,4194.67
2026-04-01,1,AP,BB - PRUDENCIAL,1,53.96
2026-04-01,1,AP,ITAU - PRUDENCIAL,1,202.11
2026-04-01,1,BA,BANCO SICOOB - PRUDENCIAL,1,220.9
2026-04-01,1,BA,CAIXA ECONÔMICA FEDERAL - PRUDENCIAL,1,196.05
2026-04-01,1,BA,NU PAGAMENTOS - PRUDENCIAL,1,38.43
2026-04-01,1,BA,SANTANDER - PRUDENCIAL,5,9307.44
2026-04-01,1,CE,BB - PRUDENCIAL,1,55.81
2026-04-01,1,CE,NU PAGAMENTOS - PRUDENCIAL,2,198.97
2026-04-01,1,CE,SANTANDER - PRUDENCIAL,4,9403.52
2026-04-01,1,DF,BTG PACTUAL - PRUDENCIAL,1,200.38
2026-04-01,1,DF,ITAU - PRUDENCIAL,1,99.26
2026-04-01,1,DF,NU PAGAMENTOS - PRUDENCIAL,2,194.81
2026-04-01,1,DF,SANTANDER - PRUDENCIAL,3,5277.75
2026-04-01,1,ES,CAIXA ECONÔMICA FEDERAL - PRUDENCIAL,1,157.81
2026-04-01,1,ES,ITAU - PRUDENCIAL,1,454.54
2026-04-01,1,ES,SANTANDER - PRUDENCIAL,3,1670.36
2026-04-01,1,GO,SANTANDER - PRUDENCIAL,2,266.03
2026-04-01,1,MA,NU PAGAMENTOS - PRUDENCIAL,2,182.92
2026-04-01,1,MA,SANTANDER - PRUDENCIAL,1,1030.27
2026-04-01,1,MG,BB - PRUDENCIAL,1,201.83
2026-04-01,1,MG,BMG - PRUDENCIAL,1,201.67
2026-04-01,1,MG,BRADESCO - PRUDENCIAL,1,283.27
2026-04-01,1,MG,CAIXA ECONÔMICA FEDERAL - PRUDENCIAL,3,833.66
2026-04-01,1,MG,ITAU - PRUDENCIAL,1,138.07
2026-04-01,1,MG,NU PAGAMENTOS - PRUDENCIAL,5,472.08
2026-04-01,1,MG,SANTANDER - PRUDENCIAL,12,25042.85
2026-04-01,1,MS,CAIXA ECONÔMICA FEDERAL - PRUDENCIAL,1,106.39
2026-04-01,1,MT,CAIXA ECONÔMICA FEDERAL - PRUDENCIAL,1,192.05
2026-04-01,1,MT,NU PAGAMENTOS - PRUDENCIAL,1,37.49
2026-04-01,1,MT,SANTANDER - PRUDENCIAL,2,3317.11
2026-04-01,1,PA,BB - PRUDENCIAL,1,128.88
2026-04-01,1,PA,NU PAGAMENTOS - PRUDENCIAL,4,408.79
2026-04-01,1,PA,SANTANDER - PRUDENCIAL,2,1992.58
2026-04-01,1,PB,INTER - PRUDENCIAL,1,51.17
2026-04-01,1,PB,NU PAGAMENTOS - PRUDENCIAL,2,234.78
2026-04-01,1,PB,SANTANDER - PRUDENCIAL,3,3713.46
2026-04-01,1,PE,CAIXA ECONÔMICA FEDERAL - PRUDENCIAL,1,0.98
2026-04-01,1,PE,SANTANDER - PRUDENCIAL,4,3708.5
2026-04-01,1,PI,CAIXA ECONÔMICA FEDERAL - PRUDENCIAL,1,196.84
2026-04-01,1,PI,NU PAGAMENTOS - PRUDENCIAL,1,38.18
2026-04-01,1,PI,SANTANDER - PRUDENCIAL,1,1008.54
2026-04-01,1,PR,BTG PACTUAL - PRUDENCIAL,1,201.05
2026-04-01,1,PR,ITAU - PRUDENCIAL,1,218.32
2026-04-01,1,PR,NU PAGAMENTOS - PRUDENCIAL,2,223.9
2026-04-01,1,PR,SANTANDER - PRUDENCIAL,3,5041.12
2026-04-01,1,RJ,BB - PRUDENCIAL,1,115.73
2026-04-01,1,RJ,BMG - PRUDENCIAL,1,200.03
2026-04-01,1,RJ,BRADESCO - PRUDENCIAL,1,3086.04
2026-04-01,1,RJ,BTG PACTUAL - PRUDENCIAL,1,202.95
2026-04-01,1,RJ,CAIXA ECONÔMICA FEDERAL - PRUDENCIAL,1,649.96
2026-04-01,1,RJ,ITAU - PRUDENCIAL,2,252.77
2026-04-01,1,RJ,NU PAGAMENTOS - PRUDENCIAL,8,832.32
2026-04-01,1,RJ,SANTANDER - PRUDENCIAL,19,22157.31
2026-04-01,1,RN,BB - PRUDENCIAL,1,207.09
2026-04-01,1,RN,BTG PACTUAL - PRUDENCIAL,1,201.66
2026-04-01,1,RN,NU PAGAMENTOS - PRUDENCIAL,1,74.36
2026-04-01,1,RN,SANTANDER - PRUDENCIAL,1,506.08
2026-04-01,1,RO,NU PAGAMENTOS - PRUDENCIAL,3,335.2
2026-04-01,1,RO,SANTANDER - PRUDENCIAL,2,3290.14
2026-04-01,1,RR,SANTANDER - PRUDENCIAL,1,2131.65
2026-04-01,1,RS,BMG - PRUDENCIAL,1,201.17
2026-04-01,1,RS,BTG PACTUAL - PRUDENCIAL,1,200.22
2026-04-01,1,RS,CAIXA ECONÔMICA FEDERAL - PRUDENCIAL,2,791.75
2026-04-01,1,RS,NU PAGAMENTOS - PRUDENCIAL,3,331.71
2026-04-01,1,RS,SANTANDER - PRUDENCIAL,10,10776.5
2026-04-01,1,SC,CAIXA ECONÔMICA FEDERAL - PRUDENCIAL,2,259.83
2026-04-01,1,SC,NU PAGAMENTOS - PRUDENCIAL,2,221.07
2026-04-01,1,SC,SANTANDER - PRUDENCIAL,2,1478.5
2026-04-01,1,SE,BTG PACTUAL - PRUDENCIAL,1,201.07
2026-04-01,1,SE,CAIXA ECONÔMICA FEDERAL - PRUDENCIAL,1,200.52
2026-04-01,1,SE,NU PAGAMENTOS - PRUDENCIAL,1,38.09
2026-04-01,1,SP,BANCO C6 - PRUDENCIAL,1,189.23
2026-04-01,1,SP,BB - PRUDENCIAL,2,632.35
2026-04-01,1,SP,BRADESCO - PRUDENCIAL,2,766.19
2026-04-01,1,SP,BTG PACTUAL - PRUDENCIAL,1,200.29
2026-04-01,1,SP,ITAU - PRUDENCIAL,1,150.5
2026-04-01,1,SP,NU PAGAMENTOS - PRUDENCIAL,10,764.58
2026-04-01,1,SP,SANTANDER - PRUDENCIAL,32,39275.49
2026-04-01,1,TO,NU PAGAMENTOS - PRUDENCIAL,1,99.84
2026-04-01,2,AC,SANTANDER - PRUDENCIAL,1,6102.82
2026-04-01,2,AM,BRADESCO - PRUDENCIAL,1,10674.53
2026-04-01,2,BA,BANCO C6 - PRUDENCIAL,2,207.0
2026-04-01,2,BA,ITAU - PRUDENCIAL,1,0.83
2026-04-01,2,BA,VOTORANTIM - PRUDENCIAL,1,2072.94
2026-04-01,2,CE,BCO DO NORDESTE DO BRASIL S.A. - PRUDENCIAL,1,61288.67
2026-04-01,2,CE,BRADESCO - PRUDENCIAL,1,12210.38
2026-04-01,2,CE,SANTANDER - PRUDENCIAL,1,16481.76
2026-04-01,2,CE,VOTORANTIM - PRUDENCIAL,3,6014.46
2026-04-01,2,DF,SANTANDER - PRUDENCIAL,1,2535.91
2026-04-01,2,GO,BB - PRUDENCIAL,1,11335.06
2026-04-01,2,GO,BRADESCO - PRUDENCIAL,1,7570.6
2026-04-01,2,GO,SANTANDER - PRUDENCIAL,1,8202.47
2026-04-01,2,GO,VOTORANTIM - PRUDENCIAL,2,4769.4
2026-04-01,2,MA,BCO DO NORDESTE DO BRASIL S.A. - PRUDENCIAL,1,21055.79
2026-04-01,2,MG,BRADESCO - PRUDENCIAL,1,42297.89
2026-04-01,2,MG,SANTANDER - PRUDENCIAL,1,20021.04
2026-04-01,2,MG,VOTORANTIM - PRUDENCIAL,3,6809.91
2026-04-01,2,MS,BB - PRUDENCIAL,1,7227.69
2026-04-01,2,MS,BRADESCO - PRUDENCIAL,1,2941.39
2026-04-01,2,PA,BRADESCO - PRUDENCIAL,1,2155.31
2026-04-01,2,PA,VOTORANTIM - PRUDENCIAL,1,1428.04
2026-04-01,2,PB,BB - PRUDENCIAL,1,2579.01
2026-04-01,2,PE,BANCO C6 - PRUDENCIAL,1,272.09
2026-04-01,2,PE,BCO DO NORDESTE DO BRASIL S.A. - PRUDENCIAL,2,75832.29
2026-04-01,2,PE,BRADESCO - PRUDENCIAL,1,120.54
2026-04-01,2,PE,SANTANDER - PRUDENCIAL,1,236.52
2026-04-01,2,PR,BRADESCO - PRUDENCIAL,1,7331.53
2026-04-01,2,PR,SANTANDER - PRUDENCIAL,1,1034.15
2026-04-01,2,PR,VOTORANTIM - PRUDENCIAL,1,9463.86
2026-04-01,2,RJ,BANCO C6 - PRUDENCIAL,2,564.24
2026-04-01,2,RJ,BRADESCO - PRUDENCIAL,1,15290.88
2026-04-01,2,RJ,SANTANDER - PRUDENCIAL,1,6160.93
2026-04-01,2,RJ,VOTORANTIM - PRUDENCIAL,2,4066.97
2026-04-01,2,RR,VOTORANTIM - PRUDENCIAL,1,3444.98
2026-04-01,2,RS,CAIXA ECONÔMICA FEDERAL - PRUDENCIAL,1,2089.08
2026-04-01,2,RS,SANTANDER - PRUDENCIAL,1,3754.29
2026-04-01,2,RS,VOTORANTIM - PRUDENCIAL,2,2586.88
2026-04-01,2,SC,BB - PRUDENCIAL,1,2283.15
2026-04-01,2,SC,SANTANDER - PRUDENCIAL,1,299.48
2026-04-01,2,SC,VOTORANTIM - PRUDENCIAL,1,2791.64
2026-04-01,2,SE,VOTORANTIM - PRUDENCIAL,2,2824.16
2026-04-01,2,SP,BANCO C6 - PRUDENCIAL,2,413.69
2026-04-01,2,SP,BRADESCO - PRUDENCIAL,5,24136.53
2026-04-01,2,SP,BTG PACTUAL - PRUDENCIAL,1,16083.95
2026-04-01,2,SP,CAIXA ECONÔMICA FEDERAL - PRUDENCIAL,2,3046.89
2026-04-01,2,SP,ITAU - PRUDENCIAL,1,61.57
2026-04-01,2,SP,SANTANDER - PRUDENCIAL,8,126396.71
2026-04-01,2,SP,VOTORANTIM - PRUDENCIAL,9,11544.62
2026-04-01,3,AM,BRADESCO - PRUDENCIAL,3,380699.88
2026-04-01,3,BA,BRADESCO - PRUDENCIAL,2,69979.88
2026-04-01,3,BA,SANTANDER - PRUDENCIAL,2,8006.54
2026-04-01,3,CE,SANTANDER - PRUDENCIAL,1,8951.27
2026-04-01,3,DF,SANTANDER - PRUDENCIAL,1,17748.35
2026-04-01,3,GO,BRADESCO - PRUDENCIAL,3,77617.73
2026-04-01,3,MA,BCO DO NORDESTE DO BRASIL S.A. - PRUDENCIAL,1,36577.77
2026-04-01,3,MA,BRADESCO - PRUDENCIAL,6,345925.05
2026-04-01,3,MG,BCO DO NORDESTE DO BRASIL S.A. - PRUDENCIAL,1,1485.03
2026-04-01,3,MG,BRADESCO - PRUDENCIAL,5,214722.97
2026-04-01,3,MS,BRADESCO - PRUDENCIAL,2,81290.12
2026-04-01,3,MT,BRADESCO - PRUDENCIAL,2,15779.05
2026-04-01,3,MT,ITAU - PRUDENCIAL,2,1176.46
2026-04-01,3,PA,BRADESCO - PRUDENCIAL,6,270659.7
2026-04-01,3,PE,BCO DO NORDESTE DO BRASIL S.A. - PRUDENCIAL,1,303757.01
2026-04-01,3,PE,BRADESCO - PRUDENCIAL,2,93548.77
2026-04-01,3,PE,SANTANDER - PRUDENCIAL,1,5156.12
2026-04-01,3,PR,BRADESCO - PRUDENCIAL,3,161267.73
2026-04-01,3,RJ,BRADESCO - PRUDENCIAL,12,338186.66
2026-04-01,3,RJ,SANTANDER - PRUDENCIAL,2,29840.01
2026-04-01,3,RN,BRADESCO - PRUDENCIAL,1,1047.86
2026-04-01,3,RO,BRADESCO - PRUDENCIAL,2,106929.95
2026-04-01,3,RS,BRADESCO - PRUDENCIAL,10,420648.81
2026-04-01,3,SC,BRADESCO - PRUDENCIAL,5,98069.52
2026-04-01,3,SE,BRADESCO - PRUDENCIAL,1,14718.55
2026-04-01,3,SP,BRADESCO - PRUDENCIAL,36,1431063.68
2026-04-01,3,SP,SANTANDER - PRUDENCIAL,9,168954.97
